plex_album_rating_key,plex_track_rating_key,book_title,sort_title,author,track_title,duration_human,duration_minutes,added_at,originally_available_at,studio,album_guid,artist_rating_key,artist_guid
6360,6361,Scarlet Angel  [Mindfck Series 3],Scarlet Angel  [Mindfck Series 3],2023,Scarlet Angel (2023) [Mindfck Series 3],3 hrs 48 mins,228,2024-10-18T13:27:24,,,local://6360,6359,local://6359
3899,3900,Rivers of London,"Rivers of London, Book 1 - Rivers of London",Ben Aaronovitch,Midnight Riot (2011) [Rivers of London Series 1],10 hrs,600,2023-03-23T08:57:06,2012-09-28,Tantor Media,com.plexapp.agents.audnexus://B009CZNUGU_us?lang=en,3898,com.plexapp.agents.audnexus://B000AP1TJQ?lang=en
6448,6449,Real Life Organizing,Real Life Organizing,"Cassandra Aarssen, Peter Walsh",Real Life Organizing (2018),4 hrs 7 mins,247,2024-10-30T11:14:25,2018-08-28,"Blackstone Audio, Inc.",com.plexapp.agents.audnexus://B07FXYZ5TY_us?lang=en,6447,com.plexapp.agents.audnexus://B01MUQZHS1?lang=en
6355,6356,The Risk,"Mindf*ck Series, Book 1 - The Risk",S.T. Abby,The Risk (2023) [Mindfck Series 1],3 hrs 29 mins,209,2024-10-18T13:23:22,2023-04-18,Tantor Media,com.plexapp.agents.audnexus://B0C1HMHGYV_us?lang=en,6354,com.plexapp.agents.audnexus://B01N2YXWZG?lang=en
6357,6358,Sidetracked,"Mindf*ck Series, Book 2 - Sidetracked",S.T. Abby,Sidetracked (2023) [Mindfck Series 2],3 hrs 8 mins,188,2024-10-18T13:26:20,2023-05-09,Tantor Media,com.plexapp.agents.audnexus://B0C2JHMXYW_us?lang=en,6354,com.plexapp.agents.audnexus://B01N2YXWZG?lang=en
6362,6363,All The Lies,"Mindf*ck Series, Book 4 - All The Lies",S.T. Abby,All the Lies (2023) [Mindfck Series 4],3 hrs 56 mins,236,2024-10-18T13:29:23,2023-06-13,Tantor Media,com.plexapp.agents.audnexus://B0C6V4F3YF_us?lang=en,6354,com.plexapp.agents.audnexus://B01N2YXWZG?lang=en
6364,6365,Paint It All Red,"Mindf*ck Series, Book 5 - Paint It All Red",S.T. Abby,Paint It All Red (2023) [Mindfck Series 5],5 hrs 1 min,301,2024-10-18T13:38:06,2023-07-04,Tantor Media,com.plexapp.agents.audnexus://B0C9MXKDFK_us?lang=en,6354,com.plexapp.agents.audnexus://B01N2YXWZG?lang=en
1434,1435,Best Served Cold,"First Law World, Book 1 - Best Served Cold",Joe Abercrombie,Best Served Cold (2010) [First Law World 1],1 day 2 hrs 29 mins,1589,2023-05-06T12:42:38,2016-02-16,Orbit,com.plexapp.agents.audnexus://B016N7P4OU_us?lang=en,1427,com.plexapp.agents.audnexus://B001JP7WJC?lang=en
1432,1433,The Heroes,"First Law World, Book 2 - The Heroes",Joe Abercrombie,The Heroes (2011) [First Law World 2],23 hrs 5 mins,1385,2023-05-06T12:43:15,2016-03-15,Orbit,com.plexapp.agents.audnexus://B01A60YYKK_us?lang=en,1427,com.plexapp.agents.audnexus://B001JP7WJC?lang=en
1430,1431,Red Country,"First Law World, Book 3 - Red Country",Joe Abercrombie,Red Country (2012) [First Law World 3],19 hrs 53 mins,1193,2023-05-08T23:27:57,2012-11-13,Orbit,com.plexapp.agents.audnexus://B00A0XYUTE_us?lang=en,1427,com.plexapp.agents.audnexus://B001JP7WJC?lang=en
1428,1429,Sharp Ends,Sharp Ends,Joe Abercrombie,Sharp Ends (2016) [First Law World ],11 hrs 48 mins,708,2023-05-08T23:28:25,2016-04-26,Orbit,com.plexapp.agents.audnexus://B01DWED6TC_us?lang=en,1427,com.plexapp.agents.audnexus://B001JP7WJC?lang=en
1442,1443,Half a King,"Shattered Sea, Book 1 - Half a King",Joe Abercrombie,Half a King (2014) [Shattered Sea 1],9 hrs 26 mins,566,2023-03-22T23:08:53,2014-07-15,Recorded Books,com.plexapp.agents.audnexus://B00KSEQI90_us?lang=en,1427,com.plexapp.agents.audnexus://B001JP7WJC?lang=en
1438,1439,Half the World,"Shattered Sea, Book 2 - Half the World",Joe Abercrombie,Half the World (2015) [Shattered Sea 2],12 hrs 8 mins,728,2023-03-22T23:10:41,2015-02-17,Recorded Books,com.plexapp.agents.audnexus://B00SZABKC4_us?lang=en,1427,com.plexapp.agents.audnexus://B001JP7WJC?lang=en
1440,1441,Half a War,"Shattered Sea, Book 3 - Half a War",Joe Abercrombie,Half a War (2015) [Shattered Sea 3],12 hrs 15 mins,735,2023-03-22T23:10:09,2015-07-28,Recorded Books,com.plexapp.agents.audnexus://B010MZWJCO_us?lang=en,1427,com.plexapp.agents.audnexus://B001JP7WJC?lang=en
5898,5899,A Little Hatred,"The Age of Madness, Book 1 - A Little Hatred",Joe Abercrombie,A Little Hatred (2019) [The Age of Madness 1],20 hrs 19 mins,1219,2024-09-10T09:24:53,2019-09-17,Orbit,com.plexapp.agents.audnexus://1478916591_us?lang=en,1427,com.plexapp.agents.audnexus://B001JP7WJC?lang=en
5900,5901,The Trouble with Peace,"The Age of Madness, Book 2 - The Trouble with Peace",Joe Abercrombie,The Trouble with Peace (2020) [The Age of Madness 2],21 hrs 56 mins,1316,2024-09-10T09:48:51,2020-09-15,Orbit,com.plexapp.agents.audnexus://1478916605_us?lang=en,1427,com.plexapp.agents.audnexus://B001JP7WJC?lang=en
5902,5903,The Wisdom of Crowds,"The Age of Madness, Book 3 - The Wisdom of Crowds",Joe Abercrombie,The Wisdom of Crowds (2021) [The Age of Madness 3],23 hrs 37 mins,1417,2024-09-10T09:51:49,2021-09-14,Orbit,com.plexapp.agents.audnexus://1478916613_us?lang=en,1427,com.plexapp.agents.audnexus://B001JP7WJC?lang=en
8123,8124,The Devils,"The Devils, Book 1 - The Devils",Joe Abercrombie,The Devils (2025) [The Devils 1],1 day 1 hr 8 mins,1508,2025-05-28T08:51:17,2025-05-13,Macmillan Audio,com.plexapp.agents.audnexus://B0DK3ZV4XR_us?lang=en,1427,com.plexapp.agents.audnexus://B001JP7WJC?lang=en
1436,1437,The Blade Itself,"The First Law Trilogy, Book 1 - The Blade Itself",Joe Abercrombie,The Blade Itself (2015) [The First Law Trilogy 1],22 hrs 16 mins,1336,2023-03-30T00:49:20,2015-09-08,Orbit,com.plexapp.agents.audnexus://B014LL6R5U_us?lang=en,1427,com.plexapp.agents.audnexus://B001JP7WJC?lang=en
5904,5905,Before They Are Hanged,"The First Law Trilogy, Book 2 - Before They Are Hanged",Joe Abercrombie,Before They Are Hanged (2015) [The First Law Trilogy 2],22 hrs 37 mins,1357,2024-09-10T09:53:15,2015-09-08,Orbit,com.plexapp.agents.audnexus://B014LL69TO_us?lang=en,1427,com.plexapp.agents.audnexus://B001JP7WJC?lang=en
5906,5907,Last Argument of Kings,"The First Law Trilogy, Book 3 - Last Argument of Kings",Joe Abercrombie,Last Argument of Kings (2015) [The First Law Trilogy 3],1 day 3 hrs 2 mins,1622,2024-09-10T09:55:08,2015-09-08,Orbit,com.plexapp.agents.audnexus://B014LL6Y4O_us?lang=en,1427,com.plexapp.agents.audnexus://B001JP7WJC?lang=en
602,603,Blade of Dream,Blade of Dream,Daniel Abraham,Blade of Dream (2023),12 hrs 16 mins,736,2023-09-05T21:10:56,2023-07-18,Orbit,com.plexapp.agents.audnexus://B0BLXXZ48H_us?lang=en,601,com.plexapp.agents.audnexus://B001H6RS5Q?lang=en
610,611,A Shadow in Summer,"Long Price Quartet, Book 1 - A Shadow in Summer",Daniel Abraham,A Shadow in Summer (2006) [Long Price Quartet 1],14 hrs 39 mins,879,2023-04-18T22:57:21,2014-10-21,Tantor Audio,com.plexapp.agents.audnexus://B00OI21TWY_us?lang=en,601,com.plexapp.agents.audnexus://B001H6RS5Q?lang=en
608,609,A Betrayal in Winter,"Long Price Quartet, Book 2 - A Betrayal in Winter",Daniel Abraham,A Betrayal in Winter (2007) [Long Price Quartet 2],13 hrs 19 mins,799,2023-04-18T22:57:39,2014-11-11,Tantor Audio,com.plexapp.agents.audnexus://B00P027JAM_us?lang=en,601,com.plexapp.agents.audnexus://B001H6RS5Q?lang=en
606,607,An Autumn War,"Long Price Quartet, Book 3 - An Autumn War",Daniel Abraham,An Autumn War (2008) [Long Price Quartet 3],15 hrs 41 mins,941,2023-04-18T22:57:58,2014-12-02,Tantor Audio,com.plexapp.agents.audnexus://B00PUXYMN8_us?lang=en,601,com.plexapp.agents.audnexus://B001H6RS5Q?lang=en
604,605,The Price of Spring,"Long Price Quartet, Book 4 - The Price of Spring",Daniel Abraham,The Price of Spring (2009) [Long Price Quartet 4],15 hrs 28 mins,928,2023-04-18T22:58:24,2014-12-23,Tantor Audio,com.plexapp.agents.audnexus://B00QVYICX6_us?lang=en,601,com.plexapp.agents.audnexus://B001H6RS5Q?lang=en
612,613,Age of Ash,"The Kithamar Trilogy, Book 1 - Age of Ash",Daniel Abraham,Age of Ash (2022) [The Kithamar Trilogy 1],14 hrs 35 mins,875,2023-03-22T23:11:18,2022-02-15,Orbit,com.plexapp.agents.audnexus://B09KT1K4K4_us?lang=en,601,com.plexapp.agents.audnexus://B001H6RS5Q?lang=en
6542,6543,The Big Book of Rock &amp; Roll Names,The Big Book of Rock &amp; Roll Names,Adam Dolgins,The Big Book of Rock & Roll Names (2019),8 hrs 28 mins,508,2024-11-19T15:01:38,2024-11-12,Tantor Media,com.plexapp.agents.audnexus://B0DLBVPF2C_us?lang=en,6541,local://6541
6856,6857,The Museum of Other People,The Museum of Other People,Adam Kuper,The Museum of Other People (2024),12 hrs 12 mins,732,2025-01-11T23:41:55,2024-04-16,Random House Audio,com.plexapp.agents.audnexus://B0CDDMWXS3_us?lang=en,6855,local://6855
7226,7227,The Rebel's Clinic,The Rebel's Clinic,Adam Shatz,The Rebel's Clinic (2024),16 hrs 43 mins,1003,2025-03-05T15:14:21,2024-06-25,Tantor Audio,com.plexapp.agents.audnexus://B0D5ZSCG5N_us?lang=en,7225,local://7225
4652,4653,Not Like Other Girls,Not Like Other Girls,Meredith Adamo,Not Like Other Girls (2024),12 hrs 13 mins,733,2024-05-11T10:25:31,2024-04-30,Bloomsbury YA,com.plexapp.agents.audnexus://B0CV1RC3FS_us?lang=en,4651,com.plexapp.agents.audnexus://B0CDZXMKZM?lang=en
471,472,Living Hell,Living Hell,Michael C.C. Adams,Living Hell (2023),10 hrs 23 mins,623,2023-09-21T11:29:02,2023-09-19,Tantor Audio,com.plexapp.agents.audnexus://B0CGVNRF84_us?lang=en,470,com.plexapp.agents.audnexus://B00LAFCAHU?lang=en
1348,1349,The Angel of the Crows,The Angel of the Crows,Katherine Addison,The Angel of the Crows (2020),16 hrs 3 mins,963,2023-05-12T14:30:29,2020-06-23,Macmillan Audio,com.plexapp.agents.audnexus://1250755298_us?lang=en,1347,com.plexapp.agents.audnexus://B00EAD8LO0?lang=en
1350,1351,The Witness for the Dead,"The Chronicles of Osreth, Book 1 - The Witness for the Dead",Katherine Addison,The Witness for the Dead (2021) [The Cemeteries of Amalo 1],8 hrs 13 mins,493,2023-03-22T16:19:24,2021-06-22,Macmillan Audio,com.plexapp.agents.audnexus://1250807891_us?lang=en,1347,com.plexapp.agents.audnexus://B00EAD8LO0?lang=en
1352,1353,The Goblin Emperor,The Goblin Emperor,Katherine Addison,The Goblin Emperor (2022) [Goblin Emperor 1],16 hrs 25 mins,985,2023-03-22T16:18:19,2021-06-22,Macmillan Audio,com.plexapp.agents.audnexus://1250812429_us?lang=en,1347,com.plexapp.agents.audnexus://B00EAD8LO0?lang=en
7396,7397,Chain Gang All Stars,Chain Gang All Stars,Nana Kwame Adjei-Brenyah,Chain Gang All Stars (2023),13 hrs 40 mins,820,2025-03-20T22:34:52,2023-05-02,Random House Audio,com.plexapp.agents.audnexus://B0B9T6P5M2_us?lang=en,7395,com.plexapp.agents.audnexus://B07C45XZH3?lang=en
7691,7692,Lords of Finance,Lords of Finance,Liaquat Ahamed,Lords of Finance (2009),18 hrs 35 mins,1115,2025-05-06T00:14:14,2009-04-13,Tantor Audio,com.plexapp.agents.audnexus://B002V8OGPO_us?lang=en,7690,com.plexapp.agents.audnexus://B001KD0PL0?lang=en
2010,2011,The Late Breakfasters,The Late Breakfasters,Robert Aickman,The Late Breakfasters (1964),8 hrs 54 mins,534,2023-04-23T01:16:57,2017-03-23,Valancourt Books,com.plexapp.agents.audnexus://B06XRNCNQS_us?lang=en,2009,com.plexapp.agents.audnexus://B001K8PNIU?lang=en
4480,4481,Martyr!,Martyr!,Kaveh Akbar,Martyr! (2024),10 hrs 40 mins,640,2024-04-25T16:29:16,2024-01-23,Random House Audio,com.plexapp.agents.audnexus://B0C4C6RH3P_us?lang=en,4479,com.plexapp.agents.audnexus://B01MTJENUW?lang=en
5260,5261,There Is No Ethan,There Is No Ethan,Anna Akbari,There Is No Ethan (2024),9 hrs 58 mins,598,2024-07-07T20:24:56,2024-06-04,Grand Central Publishing,com.plexapp.agents.audnexus://B0CKNQHQWX_us?lang=en,5259,com.plexapp.agents.audnexus://B01KC1VY60?lang=en
6790,6791,The Book Censor's Library,The Book Censor's Library,"Bothayna Al-Essa, Ranya Abdelrahman - translator, Sawad Hussain - translator",The Book Censor's Library (2024),5 hrs 26 mins,326,2025-01-05T22:23:37,2024-12-10,Tantor Audio,com.plexapp.agents.audnexus://B0DK7KCY14_us?lang=en,6789,com.plexapp.agents.audnexus://B0CX987MV4?lang=en
2270,2271,The House of Wisdom,The House of Wisdom,Jim Al-Khalili,The House of Wisdom (2019),10 hrs 26 mins,626,2023-04-14T23:22:23,2019-02-26,"Blackstone Audio, Inc.",com.plexapp.agents.audnexus://1982617594_us?lang=en,2269,com.plexapp.agents.audnexus://B001HD1W88?lang=en
3916,3917,Convergence,"Convergence, Book 1 - Convergence",Craig Alanson,Convergence (2022) [Convergence 1],16 hrs 57 mins,1017,2023-03-23T01:19:44,2022-08-02,Podium Audio,com.plexapp.agents.audnexus://B09ZZ8VMKL_us?lang=en,3915,com.plexapp.agents.audnexus://B01AIAVB0O?lang=en
3610,3611,Food,The Great Courses: Better Living  - Food,"Ken Albala, The Great Courses",Food () [The Great Courses Better Living ],18 hrs 31 mins,1111,2023-03-24T00:01:04,,,local://3610,3609,com.plexapp.agents.audnexus://B002T52TCG?lang=en
4357,4358,Status Update,"#gaymers, Book 1 - Status Update",Annabeth Albert,Status Update (2015) [#gaymers 1],6 hrs 55 mins,415,2023-03-22T12:01:49,2016-03-21,Harlequin Audio,com.plexapp.agents.audnexus://B01BFJD6DM_us?lang=en,4354,com.plexapp.agents.audnexus://B00LYFFAZK?lang=en
4359,4360,Beta Test,"#gaymers, Book 2 - Beta Test",Annabeth Albert,Beta Test (2016) [#gaymers 2],6 hrs 14 mins,374,2023-03-22T12:01:45,2016-05-30,Harlequin Audio,com.plexapp.agents.audnexus://B01CT6QTBG_us?lang=en,4354,com.plexapp.agents.audnexus://B00LYFFAZK?lang=en
4355,4356,Connection Error,"#gaymers, Book 3 - Connection Error",Annabeth Albert,Connection Error (2016) [#gaymers 3],6 hrs 29 mins,389,2023-03-22T12:02:21,2016-09-05,Harlequin Audio,com.plexapp.agents.audnexus://B01H3XLIR0_us?lang=en,4354,com.plexapp.agents.audnexus://B00LYFFAZK?lang=en
7326,7327,Helliconia Spring,"The Helliconia Trilogy, Book 1 - Helliconia Spring",Brian W. Aldiss,Helliconia Spring (2025) [The Helliconia TrilogyThe Helliconia Trilogy 31],19 hrs 51 mins,1191,2025-03-12T09:08:14,2025-01-10,Tantor Media,com.plexapp.agents.audnexus://B0DSM1VQ8G_us?lang=en,7321,com.plexapp.agents.audnexus://B000APH7RY?lang=en
7324,7325,Helliconia Summer,"The Helliconia Trilogy, Book 2 - Helliconia Summer",Brian W. Aldiss,Helliconia Summer (2025) [The Helliconia Trilogy 2],22 hrs 14 mins,1334,2025-03-12T09:08:05,2025-01-28,Tantor Media,com.plexapp.agents.audnexus://B0DT2V2JHD_us?lang=en,7321,com.plexapp.agents.audnexus://B000APH7RY?lang=en
7322,7323,Helliconia Winter,"The Helliconia Trilogy, Book 3 - Helliconia Winter",Brian W. Aldiss,Helliconia Winter (2025) [The Helliconia Trilogy 1],15 hrs 19 mins,919,2025-03-12T09:07:51,2025-03-11,Tantor Media,com.plexapp.agents.audnexus://B0DY8BKS1H_us?lang=en,7321,com.plexapp.agents.audnexus://B000APH7RY?lang=en
5084,5085,The Fact of a Body,The Fact of a Body,Alex Marzano-Lesnevich,The Fact of a Body (2017),10 hrs 38 mins,638,2024-06-11T13:04:53,2017-05-16,Macmillan Audio,com.plexapp.agents.audnexus://B071CGS83R_us?lang=en,5083,local://5083
6456,6457,Coming Out Under Fire,Coming Out Under Fire,Allan Berube,Coming Out Under Fire (2012),12 hrs 40 mins,760,2024-10-31T19:06:47,2012-09-24,Audible Studios,com.plexapp.agents.audnexus://B009F1EZ1U_us?lang=en,6455,local://6455
2852,2853,Getting Things Done,Getting Things Done,David Allen,Getting Things Done (2001),10 hrs 24 mins,624,2023-03-29T14:22:13,2016-02-23,Simon & Schuster Audio,com.plexapp.agents.audnexus://B01B6WSMHI_us?lang=en,2851,com.plexapp.agents.audnexus://B001ILIG4C?lang=en
2741,2742,Shattered,Shattered,"Jonathan Allen, Amie Parnes",Shattered (2017),16 hrs 52 mins,1012,2023-03-30T00:50:19,2017-04-18,Random House Audio,com.plexapp.agents.audnexus://B06XDRYB9R_us?lang=en,2740,com.plexapp.agents.audnexus://B00GQZ8DMK?lang=en
6688,6689,The Notebook,The Notebook,Roland Allen,The Notebook (2024),10 hrs 46 mins,646,2024-12-16T11:36:23,2024-11-26,Tantor Media,com.plexapp.agents.audnexus://B0DNLDJX6F_us?lang=en,6687,com.plexapp.agents.audnexus://B0D6BHTH4Z?lang=en
5474,5475,Indelicacy,Indelicacy,Amina Cain,Indelicacy (2020),3 hrs 1 min,181,2024-07-29T09:22:26,2020-02-11,Tantor Media,com.plexapp.agents.audnexus://1541418522_us?lang=en,5473,local://5473
503,504,Lucky Jim,Lucky Jim,Kingsley Amis,Lucky Jim (1953),7 hrs 57 mins,477,2023-09-15T23:00:32,2023-02-28,Blackstone Publishing,com.plexapp.agents.audnexus://B09ZVGNGH1_us?lang=en,502,com.plexapp.agents.audnexus://B000APUBAO?lang=en
2288,2289,Elaine's,Elaine's,Amy Phillips Penn,Elaine's (2015),2 hrs 51 mins,171,2023-04-14T23:20:11,2015-06-02,Audible Studios,com.plexapp.agents.audnexus://B00WN5WL4I_us?lang=en,2287,local://2287
1638,1639,All the Birds in the Sky,All the Birds in the Sky,Charlie Jane Anders,All the Birds in the Sky (2016),12 hrs 37 mins,757,2023-04-30T23:20:17,2016-01-26,Recorded Books,com.plexapp.agents.audnexus://B01A5QB4NK_us?lang=en,1635,com.plexapp.agents.audnexus://B00IX3Z768?lang=en
1636,1637,The City in the Middle of the Night,The City in the Middle of the Night,Charlie Jane Anders,The City in the Middle of the Night (2019),13 hrs 57 mins,837,2023-04-30T23:20:47,2019-02-12,Recorded Books,com.plexapp.agents.audnexus://1501940805_us?lang=en,1635,com.plexapp.agents.audnexus://B00IX3Z768?lang=en
7694,7695,Fantasyland,Fantasyland,Kurt Andersen,Fantasyland (2017),19 hrs 35 mins,1175,2025-05-07T07:37:58,2017-09-05,Random House Audio,com.plexapp.agents.audnexus://B07576HL6H_us?lang=en,7693,com.plexapp.agents.audnexus://B001HCYO0W?lang=en
551,552,Landscape with Invisible Hand,Landscape with Invisible Hand,M. T. Anderson,Landscape with Invisible Hand (2017),3 hrs 15 mins,195,2023-09-06T20:27:28,2017-09-12,Candlewick on Brilliance Audio,com.plexapp.agents.audnexus://B074PBWG15_us?lang=en,550,com.plexapp.agents.audnexus://B004LUVUT0?lang=en
2318,2319,Brain Wave,Brain Wave,Poul Anderson,Brain Wave (1954),5 hrs 51 mins,351,2023-03-22T23:11:47,2011-02-16,"Blackstone Audio, Inc.",com.plexapp.agents.audnexus://B004NX173E_us?lang=en,2311,com.plexapp.agents.audnexus://B00456UFBO?lang=en
2314,2315,Tau Zero,Tau Zero,Poul Anderson,Tau Zero (2016),6 hrs 48 mins,408,2023-03-28T15:46:44,2016-10-11,"Blackstone Audio, Inc.",com.plexapp.agents.audnexus://B01M0JIAL6_us?lang=en,2311,com.plexapp.agents.audnexus://B00456UFBO?lang=en
2316,2317,The Broken Sword,The Broken Sword,Poul Anderson,The Broken Sword (1954),8 hrs 26 mins,506,2023-03-23T01:22:17,2011-04-21,"Blackstone Audio, Inc.",com.plexapp.agents.audnexus://B004XDWD5U_us?lang=en,2311,com.plexapp.agents.audnexus://B00456UFBO?lang=en
2312,2313,Three Hearts and Three Lions,Three Hearts and Three Lions,Poul Anderson,Three Hearts and Three Lions (1953),7 hrs 4 mins,424,2023-04-14T22:23:47,2011-03-23,"Blackstone Audio, Inc.",com.plexapp.agents.audnexus://B004TBQM62_us?lang=en,2311,com.plexapp.agents.audnexus://B00456UFBO?lang=en
8355,8356,King of Kings,King of Kings,Scott Anderson,King of Kings (2025),17 hrs 46 mins,1066,2025-08-18T07:54:15,2025-08-05,Random House Audio,com.plexapp.agents.audnexus://B0DNLPFP3Y_us?lang=en,134,com.plexapp.agents.audnexus://B08D9QT1JB?lang=en
135,136,Lawrence in Arabia,Lawrence in Arabia,Scott Anderson,Lawrence in Arabia (2020-08-25),23 hrs 46 mins,1426,2024-02-21T17:27:12,2020-08-25,Random House Audio,com.plexapp.agents.audnexus://0593344359_us?lang=en,134,com.plexapp.agents.audnexus://B08D9QT1JB?lang=en
7402,7403,The Monastic World,The Monastic World,Andrew Jotischky,The Monastic World (2025),15 hrs 20 mins,920,2025-03-20T22:36:17,2025-03-18,Tantor Media,com.plexapp.agents.audnexus://B0DZ7P6KGN_us?lang=en,7401,local://7401
8372,8373,Death by Astonishment,Death by Astonishment,"Andrew R. Gallimore, Graham Hancock",Death by Astonishment (2025),11 hrs 59 mins,719,2025-08-19T07:49:51,2025-07-01,Macmillan Audio,com.plexapp.agents.audnexus://B0DJPXP9KV_us?lang=en,8371,local://8371
3220,3221,Who is Maud Dixon?,Who is Maud Dixon?,Alexandra Andrews,Who Is Maud Dixon (2021),9 hrs 11 mins,551,2023-03-28T15:41:03,2021-03-02,"Little, Brown & Company",com.plexapp.agents.audnexus://1549158546_us?lang=en,3219,com.plexapp.agents.audnexus://B08NBZYF3T?lang=en
4744,4745,The Truth About the Drug Companies,The Truth About the Drug Companies,Marcia Angell,The Truth About the Drug Companies (2007),7 hrs 16 mins,436,2024-05-24T09:13:42,2007-04-27,Random House Audio,com.plexapp.agents.audnexus://B002V8N6YQ_us?lang=en,4743,com.plexapp.agents.audnexus://B000APQ2UC?lang=en
3879,3880,The Gilded Scarab,"Lancaster's Luck, Book 1 - The Gilded Scarab",Anna Butler,The Gilded Scarab (2019) [Lancaster's Luck 1],11 hrs 9 mins,669,2023-03-23T16:48:27,2022-10-14,Decent Fellows Press,com.plexapp.agents.audnexus://B0BCL52GGP_us?lang=en,3874,local://3874
3877,3878,The Jackal's House,"Lancaster's Luck, Book 2 - The Jackal's House",Anna Butler,The Jackal's House (2022) [Lancaster's Luck 2],11 hrs 15 mins,675,2023-09-05T21:34:45,2022-12-28,Decent Fellows Press,com.plexapp.agents.audnexus://B0BN6N74P9_us?lang=en,3874,local://3874
3875,3876,The God's Eye,"Lancaster's Luck, Book 3 - The God's Eye",Anna Butler,The God's Eye (2023) [Lancaster's Luck 3],11 hrs 1 min,661,2023-09-05T21:36:44,2023-06-09,Decent Fellows Press,com.plexapp.agents.audnexus://B0C4VC5K2J_us?lang=en,3874,local://3874
7565,7566,Immediacy,Immediacy,Anna Kornbluh,Immediacy (2025),8 hrs 51 mins,531,2025-04-13T08:33:23,2025-03-31,"Echo Point Books & Media, LLC",com.plexapp.agents.audnexus://B0F2P4X3SL_us?lang=en,7564,local://7564
4727,4728,The Riddles of the Sphinx,The Riddles of the Sphinx,Anna Shechtman,The Riddles of the Sphinx (2024),8 hrs 18 mins,498,2024-05-23T22:27:41,2024-03-05,HarperOne,com.plexapp.agents.audnexus://B0C5PD4MJ9_us?lang=en,4726,local://4726
2159,2160,Light From Uncommon Stars,Light From Uncommon Stars,Ryka Aoki,Light from Uncommon Stars (2021),13 hrs 14 mins,794,2023-04-19T21:49:42,2021-09-28,Macmillan Audio,com.plexapp.agents.audnexus://1250824478_us?lang=en,2158,com.plexapp.agents.audnexus://B00DVO7SWK?lang=en
7726,7727,The Plot to Seize the Whitehouse,The Plot to Seize the Whitehouse,Jules Archer,The Plot to Seize the Whitehouse (2013),8 hrs 23 mins,503,2025-05-09T01:39:02,2013-02-03,Audible Studios,com.plexapp.agents.audnexus://B00B8BMWA6_us?lang=en,7725,com.plexapp.agents.audnexus://B001HNWSUO?lang=en
2651,2652,Eichmann in Jerusalem,Eichmann in Jerusalem,Hannah Arendt,Eichmann in Jerusalem (1963),11 hrs 22 mins,682,2023-03-22T12:26:37,2011-04-07,Tantor Audio,com.plexapp.agents.audnexus://B004VMDAHS_us?lang=en,2648,com.plexapp.agents.audnexus://B000AQ4I5W?lang=en
2649,2650,The Origins of Totalitarianism,The Origins of Totalitarianism,Hannah Arendt,The Origins of Totalitarianism (1966),23 hrs 24 mins,1404,2023-03-30T01:06:33,2007-11-27,"Blackstone Audio, Inc.",com.plexapp.agents.audnexus://B002V0QIIU_us?lang=en,2648,com.plexapp.agents.audnexus://B000AQ4I5W?lang=en
5634,5635,Private Rites,Private Rites,Julia Armfield,Private Rites (2024),8 hrs 27 mins,507,2024-08-28T17:12:00,2024-06-11,Fourth Estate,com.plexapp.agents.audnexus://B0CK4QL68T_us?lang=en,5633,com.plexapp.agents.audnexus://B07R15RP8Y?lang=en
2279,2280,Sir Gawain and the Green Knight,Sir Gawain and the Green Knight,Simon Armitage,Sir Gawain and the Green Knight (2007),5 hrs 44 mins,344,2023-04-14T23:21:46,2006-07-21,HarperCollins Publishers Limited,com.plexapp.agents.audnexus://B0036GRN5U_us?lang=en,2278,com.plexapp.agents.audnexus://B001IGT01U?lang=en
1083,1086,The Coward,"Quest for Heroes, Book 1 - The Coward",Stephen Aryan,The Coward (2021) [Quest for Heroes 1],14 hrs 50 mins,890,2023-06-19T20:39:25,2021-04-28,Angry Robot,com.plexapp.agents.audnexus://B093DRNR87_us?lang=en,1080,com.plexapp.agents.audnexus://B00QLCIA2Q?lang=en
1081,1085,The Warrior,"Quest for Heroes, Book 2 - The Warrior",Stephen Aryan,The Warrior (2022) [Quest for Heroes 2],13 hrs 20 mins,800,2023-06-19T20:40:34,2022-08-18,Watkins Publishing,com.plexapp.agents.audnexus://B0BB3CZGP3_us?lang=en,1080,com.plexapp.agents.audnexus://B00QLCIA2Q?lang=en
4908,4909,The Secret History of the Hell-Fire Clubs,The Secret History of the Hell-Fire Clubs,Geoffrey Ashe,The Secret History of the Hell-Fire Clubs (2019),10 hrs 36 mins,636,2024-06-06T23:24:38,2019-10-29,Inner Traditions Audio,com.plexapp.agents.audnexus://1644111004_us?lang=en,4907,com.plexapp.agents.audnexus://B000APY59C?lang=en
7536,7537,Brass Man,"Agent Cormac, Book 3 - Brass Man",Neal Asher,Neal Asher - Brass Man,21 hrs 4 mins,1264,2025-04-07T11:58:34,2017-11-16,Macmillan Digital Audio,com.plexapp.agents.audnexus://B075LZ3R7X_us?lang=en,7526,com.plexapp.agents.audnexus://B09LJ1ZH17?lang=en
7534,7535,Line War,Line War,Neal Asher,The Line War (Unabridged),21 hrs 9 mins,1269,2025-04-07T11:58:34,2014-12-02,Audible Studios,com.plexapp.agents.audnexus://B00Q71LS4I_us?lang=en,7526,com.plexapp.agents.audnexus://B09LJ1ZH17?lang=en
7532,7533,Polity Agent,Polity Agent,Neal Asher,Polity Agent (Unabridged),21 hrs 18 mins,1278,2025-04-07T11:58:33,2014-05-06,Audible Studios,com.plexapp.agents.audnexus://B00JG71I4U_us?lang=en,7526,com.plexapp.agents.audnexus://B09LJ1ZH17?lang=en
7527,7528,The Line of Polity,The Line of Polity,Neal Asher,The Line of Polity (2014) [Agent Cormac 2],22 hrs 25 mins,1345,2025-04-06T23:22:27,2014-07-14,Audible Studios,com.plexapp.agents.audnexus://B00LPMIT32_us?lang=en,7526,com.plexapp.agents.audnexus://B09LJ1ZH17?lang=en
7540,7541,Dark Intelligence,"Transformation, Book 1 - Dark Intelligence",Neal Asher,Transformations 01 - Dark Intelligence,18 hrs 29 mins,1109,2025-04-07T11:59:32,2015-02-03,Audible Studios,com.plexapp.agents.audnexus://B00RUEH9XA_us?lang=en,7526,com.plexapp.agents.audnexus://B09LJ1ZH17?lang=en
7538,7539,War Factory,"Transformation, Book 2 - War Factory",Neal Asher,- War Factory,21 hrs 5 mins,1265,2025-04-07T11:59:31,2016-06-07,Audible Studios,com.plexapp.agents.audnexus://B01GOVJRPM_us?lang=en,7526,com.plexapp.agents.audnexus://B09LJ1ZH17?lang=en
483,484,The Splinter in the Sky,The Splinter in the Sky,Kemi Ashing-Giwa,The Splinter in the Sky (2023),13 hrs 56 mins,836,2023-09-15T23:24:58,2023-07-11,Simon & Schuster Audio,com.plexapp.agents.audnexus://B0BVXD49TV_us?lang=en,482,com.plexapp.agents.audnexus://B09Q4BQ674?lang=en
5265,5266,A Jacket Off the Gorge,A Jacket Off the Gorge,Susan Ashline,A Jacket Off the Gorge (2024),15 hrs 5 mins,905,2024-07-08T11:07:44,2024-03-05,Tantor Media,com.plexapp.agents.audnexus://B0CTD9LRTP_us?lang=en,5264,com.plexapp.agents.audnexus://B07M9PHRRL?lang=en
648,649,Eight Men Out,Eight Men Out,Eliot Asinof,Eight Men Out (2012),11 hrs 31 mins,691,2023-09-02T12:31:55,2012-09-18,"Blackstone Audio, Inc.",com.plexapp.agents.audnexus://B009CCY67K_us?lang=en,647,com.plexapp.agents.audnexus://B001H6NSLE?lang=en
1866,1867,Shrines of Gaiety,Shrines of Gaiety,Kate Atkinson,Shrines of Gaiety (2022),16 hrs,960,2023-04-26T02:12:22,2022-09-27,Random House Audio,com.plexapp.agents.audnexus://B09SKC12QS_us?lang=en,1865,com.plexapp.agents.audnexus://B07TZJPLHX?lang=en
6837,6838,Life After Life,"Todd Family, Book 1 - Life After Life",Kate Atkinson,Life After Life (2013) [Todd Family 1],15 hrs 28 mins,928,2025-01-10T08:56:07,2013-04-02,Hachette Audio,com.plexapp.agents.audnexus://B00BQGB3K8_us?lang=en,1865,com.plexapp.agents.audnexus://B07TZJPLHX?lang=en
5385,5386,In Other Worlds,In Other Worlds,A. A. Attanasio,In Other Worlds (2014),8 hrs 37 mins,517,2024-07-20T19:13:00,2014-03-24,A.A.Attanasio,com.plexapp.agents.audnexus://B00J5QIWS2_us?lang=en,5382,com.plexapp.agents.audnexus://B0034Q2RSA?lang=en
5387,5388,Radix,Radix,A. A. Attanasio,Radix (2012),18 hrs 22 mins,1102,2024-07-20T19:13:00,2012-11-15,A.A.Attanasio,com.plexapp.agents.audnexus://B00A4LLOOQ_us?lang=en,5382,com.plexapp.agents.audnexus://B0034Q2RSA?lang=en
6597,6598,Solis,Solis,A. A. Attanasio,Solis (2018),6 hrs 52 mins,412,2024-12-01T21:48:54,2018-05-23,A.A.Attanasio,com.plexapp.agents.audnexus://B07D6X2T79_us?lang=en,5382,com.plexapp.agents.audnexus://B0034Q2RSA?lang=en
5383,5384,The Last Legends of Earth,The Last Legends of Earth,A. A. Attanasio,The Last Legends of Earth (2012),20 hrs 20 mins,1220,2024-07-20T19:13:00,2012-11-20,A.A.Attanasio,com.plexapp.agents.audnexus://B00A9Z39A4_us?lang=en,5382,com.plexapp.agents.audnexus://B0034Q2RSA?lang=en
4684,4685,1000 Words,1000 Words,Jami Attenberg,1000 Words (2024),4 hrs 56 mins,296,2024-05-15T20:19:59,2024-01-09,Simon & Schuster Audio,com.plexapp.agents.audnexus://B0C87M1B8G_us?lang=en,4683,com.plexapp.agents.audnexus://B001H6QRQ2?lang=en
2765,2766,Patrick Melrose Volume 1,Patrick Melrose Volume 1,Edward St. Aubyn,Patrick Melrose (2015) [The Patrick Melrose Novels ],1 day 3 hrs 1 min,1621,2023-03-29T21:07:36,2024-11-18,Macmillan Digital Audio,com.plexapp.agents.audnexus://B0DNFXXXSZ_us?lang=en,2764,com.plexapp.agents.audnexus://B000APTRCC?lang=en
5152,5153,Meganets,Meganets,David B. Auerbach,Meganets (2023),12 hrs 3 mins,723,2024-06-25T10:25:11,2023-03-14,PublicAffairs,com.plexapp.agents.audnexus://B0B8JZ6WKM_us?lang=en,5151,com.plexapp.agents.audnexus://B07JBZTB77?lang=en
4169,4170,Meditations,Meditations,"Marcus Aurelius, Diskin Clay, Martin Hammond",Meditations (2019),6 hrs 19 mins,379,2023-03-22T16:47:19,2011-01-07,Naxos AudioBooks,com.plexapp.agents.audnexus://B004IBRMZS_us?lang=en,4168,com.plexapp.agents.audnexus://B000AR7YUW?lang=en
9194,9195,Emma,Emma,Jane Austen,Emma (2008),14 hrs 45 mins,885,2026-03-16T12:08:19,2008-10-09,Audible Studios,com.plexapp.agents.audnexus://B002V19V7Y_us?lang=en,9186,com.plexapp.agents.audnexus://B000APWOKO?lang=en
9192,9193,Sense and Sensibility,"Jane Austen Collection, Book 1 - Sense and Sensibility",Jane Austen,Sense and Sensibility (2023),13 hrs 45 mins,825,2026-03-16T12:02:46,2023-11-16,Penguin Audio,com.plexapp.agents.audnexus://B0CG6PRYF2_us?lang=en,9186,com.plexapp.agents.audnexus://B000APWOKO?lang=en
9199,9200,Mansfield Park,Mansfield Park,Jane Austen,Mansfield Park (2008) [Jane Austen's Novels ],14 hrs 45 mins,885,2026-03-16T12:10:36,2008-07-10,Audible Studios,com.plexapp.agents.audnexus://B002V1AHPE_us?lang=en,9186,com.plexapp.agents.audnexus://B000APWOKO?lang=en
9187,9188,Northanger Abbey,Northanger Abbey,Jane Austen,Northanger Abbey (2006),8 hrs 17 mins,497,2026-03-16T11:58:23,2008-01-29,Audible Studios,com.plexapp.agents.audnexus://B002VACF32_us?lang=en,9186,com.plexapp.agents.audnexus://B000APWOKO?lang=en
9189,9190,Persuasion,Persuasion,Jane Austen,Persuasion (2006),8 hrs 43 mins,523,2026-03-16T11:58:49,2006-01-01,Audible Studios,com.plexapp.agents.audnexus://B002V8KJ82_us?lang=en,9186,com.plexapp.agents.audnexus://B000APWOKO?lang=en
4284,4285,Everyone in This Room Will Someday Be Dead,Everyone in This Room Will Someday Be Dead,Emily Austin,Everyone in This Room Will Someday Be Dead (2021),7 hrs 47 mins,467,2023-03-22T12:28:20,2021-07-06,Simon & Schuster Audio,com.plexapp.agents.audnexus://1797123351_us?lang=en,4283,com.plexapp.agents.audnexus://B06XP2GWYQ?lang=en
8303,8304,Strategy,Strategy,B.H. Liddell Hart,Strategy (2019),9 hrs 24 mins,564,2025-08-04T09:33:43,2019-05-28,Tantor Audio,com.plexapp.agents.audnexus://1541447883_us?lang=en,8302,local://8302
5143,5144,The Secret Life of Hidden Places,The Secret Life of Hidden Places,"Stefan Bachmann, April Genevieve Tucholke",The Secret Life of Hidden Places (2024),8 hrs 32 mins,512,2024-06-23T09:43:37,2024-02-13,Workman Publishing Company,com.plexapp.agents.audnexus://B0CPKSBLHC_us?lang=en,5142,com.plexapp.agents.audnexus://B007QVRLT4?lang=en
6612,6613,Navola,Navola,Paolo Bacigalupi,Navola (2024),20 hrs 33 mins,1233,2024-12-01T22:25:49,2024-07-09,Audible Studios,com.plexapp.agents.audnexus://B0D7MYS2H5_us?lang=en,1394,com.plexapp.agents.audnexus://B002BM2TEK?lang=en
1395,1396,The Windup Girl,The Windup Girl,Paolo Bacigalupi,The Windup Girl (2009),19 hrs 36 mins,1176,2023-05-10T18:56:56,2009-09-15,Audible Studios,com.plexapp.agents.audnexus://B002UZN4MO_us?lang=en,1394,com.plexapp.agents.audnexus://B002BM2TEK?lang=en
6587,6588,The House of Rust,The House of Rust,Khadija Abdalla Bajaber,The House of Rust (2022),10 hrs 17 mins,617,2024-11-24T14:25:12,2022-02-22,Recorded Books,com.plexapp.agents.audnexus://B09P8W31BJ_us?lang=en,6586,com.plexapp.agents.audnexus://B094PV3GTD?lang=en
4340,4341,The Corporation,The Corporation,Joel Bakan,The Corporation (2004),6 hrs 35 mins,395,2023-03-22T11:45:00,2012-08-08,Post Hypnotic Press Inc.,com.plexapp.agents.audnexus://B008UDJBW2_us?lang=en,4337,com.plexapp.agents.audnexus://B001ITWYUQ?lang=en
4338,4339,The New Corporation,The New Corporation,Joel Bakan,The New Corporation (2020),6 hrs 41 mins,401,2023-03-22T12:05:38,2020-09-22,Random House Audio,com.plexapp.agents.audnexus://0593216261_us?lang=en,4337,com.plexapp.agents.audnexus://B001ITWYUQ?lang=en
1633,1634,Over the Woodward Wall,"The Up-and-Under, Book 1 - Over the Woodward Wall",A. Deborah Baker,Over the Woodward Wall (2020) [The Up-and-Under 1],5 hrs 31 mins,331,2023-04-30T23:21:01,2020-10-06,Macmillan Audio,com.plexapp.agents.audnexus://1250772702_us?lang=en,1630,com.plexapp.agents.audnexus://B001JP29S6?lang=en
1631,1632,Along the Saltwise Sea,"The Up-and-Under, Book 2 - Along the Saltwise Sea",A. Deborah Baker,Along the Saltwise Sea (2021) [The Up-and-Under 2],4 hrs 50 mins,290,2023-05-01T15:02:04,2021-10-12,Macmillan Audio,com.plexapp.agents.audnexus://1250819156_us?lang=en,1630,com.plexapp.agents.audnexus://B001JP29S6?lang=en
7646,7647,Family of Secrets,Family of Secrets,Russ Baker,Family of Secrets (2012),1 day 5 mins,1445,2025-05-03T16:02:37,2012-04-12,Audible Studios,com.plexapp.agents.audnexus://B007RQ29NQ_us?lang=en,7645,com.plexapp.agents.audnexus://B001JP9YF2?lang=en
4698,4699,Humanly Possible,Humanly Possible,Sarah Bakewell,Humanly Possible (2023),14 hrs 27 mins,867,2024-05-19T06:16:04,2023-03-28,Penguin Audio,com.plexapp.agents.audnexus://B0B9VCX7D9_us?lang=en,4697,com.plexapp.agents.audnexus://B000APTYP2?lang=en
1507,1508,The Judging Eye,"The Aspect-Emperor, Book 1 - The Judging Eye",R. Scott Bakker,The Judging Eye (2010) [Aspect-Emperor 1],19 hrs 2 mins,1142,2023-05-05T23:53:30,2013-02-20,Recorded Books,com.plexapp.agents.audnexus://B00BHZWWJE_us?lang=en,1506,com.plexapp.agents.audnexus://B004MUD7NQ?lang=en
1509,1510,The White-Luck Warrior,"The Aspect-Emperor, Book 2 - The White-Luck Warrior",R. Scott Bakker,The White-Luck Warrior (2011) [Aspect-Emperor 2],1 day 1 hr 27 mins,1527,2023-05-05T11:30:52,2012-08-15,Recorded Books,com.plexapp.agents.audnexus://B008XLSJ1A_us?lang=en,1506,com.plexapp.agents.audnexus://B004MUD7NQ?lang=en
1513,1514,The Great Ordeal,"The Aspect-Emperor, Book 3 - The Great Ordeal",R. Scott Bakker,The Great Ordeal (2016) [Aspect-Emperor 3],21 hrs 13 mins,1273,2023-05-05T11:06:09,2016-07-12,Recorded Books,com.plexapp.agents.audnexus://B01GEZZPCC_us?lang=en,1506,com.plexapp.agents.audnexus://B004MUD7NQ?lang=en
1511,1512,The Unholy Consult,"The Aspect-Emperor, Book 4 - The Unholy Consult",R. Scott Bakker,The Unholy Consult (2017) [Aspect-Emperor 4],21 hrs 11 mins,1271,2023-05-05T11:30:04,2017-09-15,Recorded Books,com.plexapp.agents.audnexus://B0754KYYKT_us?lang=en,1506,com.plexapp.agents.audnexus://B004MUD7NQ?lang=en
1519,1520,The Darkness That Comes Before,"The Prince of Nothing, Book 1 - The Darkness That Comes Before",R. Scott Bakker,The Darkness That Comes Before (2003) [The Prince of Nothing 1],20 hrs 44 mins,1244,2023-05-05T11:06:40,2012-06-26,Audible Studios,com.plexapp.agents.audnexus://B008CQW11A_us?lang=en,1506,com.plexapp.agents.audnexus://B004MUD7NQ?lang=en
1517,1518,The Warrior-Prophet,"The Prince of Nothing, Book 2 - The Warrior-Prophet",R. Scott Bakker,The Warrior-Prophet (2004) [The Prince of Nothing 2],23 hrs 34 mins,1414,2023-05-05T11:07:12,2012-06-26,Audible Studios,com.plexapp.agents.audnexus://B008BB3J8K_us?lang=en,1506,com.plexapp.agents.audnexus://B004MUD7NQ?lang=en
1515,1516,The Thousandfold Thought,"The Prince of Nothing, Book 3 - The Thousandfold Thought",R. Scott Bakker,The Thousandfold Thought (2006) [The Prince of Nothing 3],17 hrs 20 mins,1040,2023-05-05T11:29:47,2012-06-26,Audible Studios,com.plexapp.agents.audnexus://B008D4HJ7W_us?lang=en,1506,com.plexapp.agents.audnexus://B004MUD7NQ?lang=en
6986,6987,Raised by a Serial Killer,Raised by a Serial Killer,April Balascio,Raised by a Serial Killer (2024),13 hrs 38 mins,818,2025-02-01T22:24:21,2024-12-03,Simon & Schuster Audio,com.plexapp.agents.audnexus://B0D481KLHW_us?lang=en,6985,com.plexapp.agents.audnexus://B0DNNCM38B?lang=en
4109,4110,Legends & Lattes,"Legends & Lattes, Book 1 - Legends & Lattes",Travis Baldree,Legends & Lattes (2022) [Legends & Lattes 1],6 hrs 22 mins,382,2023-03-22T23:12:10,2022-06-14,Macmillan Audio,com.plexapp.agents.audnexus://B0B3GB64T1_us?lang=en,4108,com.plexapp.agents.audnexus://B09RB99CJ2?lang=en
7969,7970,The Inventor and the Tycoon,The Inventor and the Tycoon,Edward Ball,The Inventor and the Tycoon (2013),15 hrs 20 mins,920,2025-05-15T23:15:24,2013-01-22,Random House Audio,com.plexapp.agents.audnexus://B00AWGXIK6_us?lang=en,7968,com.plexapp.agents.audnexus://B000AQ5266?lang=en
6803,6804,The Crystal World,The Crystal World,J. G. Ballard,The Crystal World (2014),5 hrs 32 mins,332,2025-01-06T09:36:13,2014-08-07,Audible Studios,com.plexapp.agents.audnexus://B00LXC9SK2_us?lang=en,6802,com.plexapp.agents.audnexus://B00HKWPY5W?lang=en
6805,6806,The Drowned World,The Drowned World,J. G. Ballard,The Drowned World (2013),5 hrs 59 mins,359,2025-01-06T09:36:49,2013-06-25,Audible Studios,com.plexapp.agents.audnexus://B00DIEG8I8_us?lang=en,6802,com.plexapp.agents.audnexus://B00HKWPY5W?lang=en
1277,1278,Father Goriot,Father Goriot,Honoré de Balzac,Father Goriot (2018),12 hrs 1 min,721,2023-06-06T10:58:47,2018-07-21,Naxos AudioBooks,com.plexapp.agents.audnexus://B07FB367J1_us?lang=en,1276,com.plexapp.agents.audnexus://B00C845KWY?lang=en
4104,4105,Arm of the Sphinx,"The Books of Babel, Book 2 - Arm of the Sphinx",Josiah Bancroft,Arm of the Sphinx (2017) [The Books of Babel 2],14 hrs 8 mins,848,2023-03-29T11:19:38,2018-03-16,Orbit,com.plexapp.agents.audnexus://B07BHRBC1M_us?lang=en,4101,com.plexapp.agents.audnexus://B00BTI7FDW?lang=en
4102,4103,The Hod King,"The Books of Babel, Book 3 - The Hod King",Josiah Bancroft,The Hod King (2019) [The Books of Babel 3],20 hrs 18 mins,1218,2023-03-30T00:59:17,2019-01-22,Orbit,com.plexapp.agents.audnexus://B07M9Z7QTV_us?lang=en,4101,com.plexapp.agents.audnexus://B00BTI7FDW?lang=en
4106,4107,The Fall of Babel,"The Books of Babel, Book 4 - The Fall of Babel",Josiah Bancroft,The Fall of Babel (2021) [The Books of Babel 4],1 day 56 mins,1496,2023-03-22T23:13:38,2021-11-09,Orbit,com.plexapp.agents.audnexus://B09F8RXY96_us?lang=en,4101,com.plexapp.agents.audnexus://B00BTI7FDW?lang=en
4738,4739,The Hexologists,"The Hexologists, Book 1 - The Hexologists",Josiah Bancroft,The Hexologists (2023),13 hrs 13 mins,793,2024-05-24T00:06:07,2023-09-26,Orbit,com.plexapp.agents.audnexus://B0BWGZGGRC_us?lang=en,4101,com.plexapp.agents.audnexus://B00BTI7FDW?lang=en
4099,4100,Against a Dark Background,Against a Dark Background,Iain Banks,Against a Dark Background (1993),18 hrs 21 mins,1101,2023-03-22T23:13:54,2012-07-19,"Little, Brown Audio",com.plexapp.agents.audnexus://B008K7SPX4_us?lang=en,792,com.plexapp.agents.audnexus://B000APXAVG?lang=en
4091,4092,The Player of Games,"Culture, Book 2 - The Player of Games",Iain Banks,The Player of Games (1988) [Culture 2],11 hrs 25 mins,685,2023-03-28T15:12:42,2011-05-06,Orbit,com.plexapp.agents.audnexus://B004ZLBFZ4_us?lang=en,792,com.plexapp.agents.audnexus://B000APXAVG?lang=en
4089,4090,Use of Weapons,"Culture, Book 3 - Use of Weapons",Iain Banks,Use of Weapons (1990) [Culture 3],13 hrs 30 mins,810,2023-03-28T15:13:10,2013-04-02,Orbit,com.plexapp.agents.audnexus://B00B505CH0_us?lang=en,792,com.plexapp.agents.audnexus://B000APXAVG?lang=en
7112,7113,The State of the Art,"Culture, Book 4 - The State of the Art",Iain Banks,The State of the Art (2024) [Culture 4],6 hrs 21 mins,381,2025-02-24T23:02:10,2024-04-02,Orbit,com.plexapp.agents.audnexus://B0BWGWKVN5_us?lang=en,792,com.plexapp.agents.audnexus://B000APXAVG?lang=en
4087,4088,Excession,"Culture, Book 5 - Excession",Iain Banks,Excession (1996) [Culture 5],15 hrs 56 mins,956,2023-03-28T15:13:33,2013-03-07,"Little, Brown Book Group",com.plexapp.agents.audnexus://B00BIPMIE2_us?lang=en,792,com.plexapp.agents.audnexus://B000APXAVG?lang=en
7118,7119,Inversions,"Culture, Book 6 - Inversions",Iain Banks,Inversions (2013) [Culture 6],11 hrs 27 mins,687,2025-02-24T23:14:01,2013-06-06,"Little, Brown Audio",com.plexapp.agents.audnexus://B00CZGIAEA_us?lang=en,792,com.plexapp.agents.audnexus://B000APXAVG?lang=en
7115,7116,Look to Windward,"Culture, Book 7 - Look to Windward",Iain Banks,Look to Windward (2014) [Culture 7],12 hrs 12 mins,732,2025-02-24T23:13:45,2014-01-23,"Little, Brown Audio",com.plexapp.agents.audnexus://B00HS5BC3O_us?lang=en,792,com.plexapp.agents.audnexus://B000APXAVG?lang=en
4085,4086,Matter,"Culture, Book 8 - Matter",Iain Banks,Matter (2008) [Culture 8],17 hrs 59 mins,1079,2023-03-28T15:15:00,2014-02-11,"Little, Brown & Company",com.plexapp.agents.audnexus://B00I470OY8_us?lang=en,792,com.plexapp.agents.audnexus://B000APXAVG?lang=en
4095,4096,Surface Detail,"Culture, Book 9 - Surface Detail",Iain Banks,Surface Detail (2010) [Culture 9],20 hrs 24 mins,1224,2023-03-22T23:14:23,2010-10-28,Orbit,com.plexapp.agents.audnexus://B00482T0DY_us?lang=en,792,com.plexapp.agents.audnexus://B000APXAVG?lang=en
4093,4094,The Hydrogen Sonata,"Culture, Book 10 - The Hydrogen Sonata",Iain Banks,The Hydrogen Sonata (2012) [Culture 10],17 hrs 13 mins,1033,2023-03-22T23:15:42,2012-10-09,Orbit,com.plexapp.agents.audnexus://B009KPSRIS_us?lang=en,792,com.plexapp.agents.audnexus://B000APXAVG?lang=en
4097,4098,The Algebraist,The Algebraist,Iain Banks,The Algebraist (2004),1 day 4 mins,1444,2023-03-22T23:15:04,2024-05-14,Orbit,com.plexapp.agents.audnexus://B0BWH5CKW4_us?lang=en,792,com.plexapp.agents.audnexus://B000APXAVG?lang=en
4672,4673,The Algebraist,The Algebraist,Iain Banks,The Algebraist (Unabridged) (2024),19 hrs 21 mins,1161,2024-05-15T19:25:45,2024-05-14,Orbit,com.plexapp.agents.audnexus://B0BWH5CKW4_us?lang=en,792,com.plexapp.agents.audnexus://B000APXAVG?lang=en
793,794,The Steep Approach to Garbadale,The Steep Approach to Garbadale,Iain Banks,The Steep Approach to Garbadale (2007),12 hrs 37 mins,757,2023-07-25T10:55:39,2007-03-20,"Little, Brown Audio",com.plexapp.agents.audnexus://B0032N8SPG_us?lang=en,792,com.plexapp.agents.audnexus://B000APXAVG?lang=en
8364,8365,Kissing with Teeth,"Kissing with Teeth, Book 1 - Kissing with Teeth",Daryl Banner,Kissing with Teeth (2023) [Kissing with Teeth 1],12 hrs 56 mins,776,2025-08-18T13:02:54,2023-12-03,Daryl Banner,com.plexapp.agents.audnexus://B0CP8FHM4J_us?lang=en,8363,com.plexapp.agents.audnexus://B003HKIXYA?lang=en
8366,8367,Envious of Fire,"Kissing with Teeth, Book 2 - Envious of Fire",Daryl Banner,Envious of Fire (2025) [Kissing with Teeth 2],22 hrs 43 mins,1363,2025-08-19T07:47:34,2025-01-22,Daryl Banner,com.plexapp.agents.audnexus://B0DTQB9XP5_us?lang=en,8363,com.plexapp.agents.audnexus://B003HKIXYA?lang=en
8019,8020,The Guns of August,The Guns of August,Barbara W. Tuchman,The Guns of August (2008),18 hrs 59 mins,1139,2025-05-18T07:58:13,2008-04-28,"Blackstone Audio, Inc.",com.plexapp.agents.audnexus://B002V5CUFK_us?lang=en,8016,local://8016
8017,8018,The Proud Tower,The Proud Tower,Barbara W. Tuchman,The Proud Tower (2005),22 hrs 13 mins,1333,2025-05-18T07:57:34,2005-09-27,"Blackstone Audio, Inc.",com.plexapp.agents.audnexus://B002V0PZUC_us?lang=en,8016,local://8016
2950,2951,Crooked Kingdom,"Six of Crows, Book 2 - Crooked Kingdom",Leigh Bardugo,Crooked Kingdom (2016) [Six of Crows 2],17 hrs 59 mins,1079,2023-03-29T12:17:46,2016-09-27,Audible Studios,com.plexapp.agents.audnexus://B01LYTWBSB_us?lang=en,2949,com.plexapp.agents.audnexus://B005ZZ8XQS?lang=en
1659,1660,Weaveworld,Weaveworld,Clive Barker,Weaveworld (1987),21 hrs 13 mins,1273,2023-04-30T21:28:57,2014-06-25,Crossroad Press,com.plexapp.agents.audnexus://B00L97M6MI_us?lang=en,1658,com.plexapp.agents.audnexus://B000APZZ00?lang=en
8266,8267,Warlords of Wyrdwood,"Forsaken Trilogy, Book 2 - Warlords of Wyrdwood",RJ Barker,Warlords of Wyrdwood (2024) [The Forsaken Trilogy 2],20 hrs 40 mins,1240,2025-07-30T09:58:20,2024-09-10,Orbit,com.plexapp.agents.audnexus://B0CV27CJKC_us?lang=en,4081,com.plexapp.agents.audnexus://B005LVVCTQ?lang=en
4082,4083,The Bone Ships,The Bone Ships,RJ Barker,The Bone Ships (2019) [The Tide Child Trilogy 1],17 hrs 3 mins,1023,2023-03-22T23:16:22,2019-09-24,Orbit,com.plexapp.agents.audnexus://1549124064_us?lang=en,4081,com.plexapp.agents.audnexus://B005LVVCTQ?lang=en
8258,8259,Gods of the Wyrdwood,"The Forsaken Trilogy, Book 1 - Gods of the Wyrdwood",RJ Barker,Gods of the Wyrdwood (2023) [The Forsaken Trilogy 1],22 hrs 21 mins,1341,2025-07-30T08:14:19,2023-06-27,Orbit,com.plexapp.agents.audnexus://B0BJ4KBJ91_us?lang=en,4081,com.plexapp.agents.audnexus://B005LVVCTQ?lang=en
1771,1772,The Garden of Stones,"Echoes of Empire, Book 1 - The Garden of Stones",Mark T. Barnes,The Garden of Stones (2013) [Echoes of Empire 1],16 hrs 42 mins,1002,2023-04-27T15:51:38,2013-05-21,Brilliance Audio ,com.plexapp.agents.audnexus://B00CULSO2I_us?lang=en,1766,com.plexapp.agents.audnexus://B00C4YA8DY?lang=en
1769,1770,The Obsidian Heart,"Echoes of Empire, Book 2 - The Obsidian Heart",Mark T. Barnes,The Obsidian Heart (2013) [Echoes of Empire 2],17 hrs 11 mins,1031,2023-04-27T15:52:19,2013-10-17,Brilliance Audio,com.plexapp.agents.audnexus://B00FSKX2P2_us?lang=en,1766,com.plexapp.agents.audnexus://B00C4YA8DY?lang=en
1767,1768,The Pillars of Sand,"Echoes of Empire, Book 3 - The Pillars of Sand",Mark T. Barnes,The Pillars of Sand (2014) [Echoes of Empire 3],15 hrs 3 mins,903,2023-04-27T15:54:10,2014-05-20,Brilliance Audio,com.plexapp.agents.audnexus://B00JPHX3TE_us?lang=en,1766,com.plexapp.agents.audnexus://B00C4YA8DY?lang=en
4157,4158,Ritz and Escoffier,Ritz and Escoffier,Luke Barr,Ritz and Escoffier (2018),8 hrs 39 mins,519,2023-03-22T16:48:31,2018-04-03,Random House Audio,com.plexapp.agents.audnexus://B07BB5K4N9_us?lang=en,4156,com.plexapp.agents.audnexus://B00E730NE4?lang=en
4248,4249,Irrational Man,Irrational Man,William Barrett,Irrational Man (1958),13 hrs 47 mins,827,2023-03-22T12:57:03,2019-07-30,Tantor Audio,com.plexapp.agents.audnexus://1630153842_us?lang=en,4247,com.plexapp.agents.audnexus://B000APM030?lang=en
4079,4080,Mythologies,Mythologies,"Roland Barthes, Annette Lavers - translator, Richard Howard - translator",Mythologies (1957),9 hrs 10 mins,550,2023-03-22T23:16:42,2012-03-13,Tantor Media,com.plexapp.agents.audnexus://B007JM6JZ2_us?lang=en,4078,com.plexapp.agents.audnexus://B000AQ753O?lang=en
1213,1214,The Law,"The Dresden Files, Book 17.5 - The Law",Frederick Bastiat,The Law (2011),1 hr 51 mins,111,2023-06-12T22:37:54,2022-07-05,Podium Audio,com.plexapp.agents.audnexus://B09Y286JK6_us?lang=en,1212,com.plexapp.agents.audnexus://B00JS6SWQ6?lang=en
1530,1531,The Winter Knight,The Winter Knight,Jes Battis,The Winter Knight (2023),12 hrs 57 mins,777,2023-05-03T14:28:04,2023-04-04,Penguin Audio,com.plexapp.agents.audnexus://B0BPDV3P77_us?lang=en,1529,com.plexapp.agents.audnexus://B001KHBICQ?lang=en
1951,1952,Palimpsest,Palimpsest,Matthew Battles,Palimpsest (2015),6 hrs 53 mins,413,2023-04-24T12:27:48,2015-08-18,Tantor Audio,com.plexapp.agents.audnexus://B013KCA8WY_us?lang=en,1950,com.plexapp.agents.audnexus://B001HCVRX4?lang=en
6519,6520,The Idiot,"Idiot, Book 1 - The Idiot",Elif Batuman,The Idiot (2017) [Idiot 1],13 hrs 40 mins,820,2024-11-10T22:39:45,2017-03-14,Penguin Audio,com.plexapp.agents.audnexus://B01MUWM2DY_us?lang=en,6518,com.plexapp.agents.audnexus://B00J1O4N2M?lang=en
2692,2693,The History of the Ancient World,The History of the Ancient World,Susan Wise Bauer,The History of the Ancient World (2013) [The History of the World ],1 day 2 hrs 21 mins,1581,2023-03-30T00:58:59,2013-08-13,Audible Studios,com.plexapp.agents.audnexus://B00CYNMAIG_us?lang=en,2691,com.plexapp.agents.audnexus://B001H6GNLG?lang=en
6778,6779,The Devil at His Elbow,The Devil at His Elbow,Valerie Bauerlein,The Devil at His Elbow (2024),14 hrs 52 mins,892,2025-01-04T00:43:03,2024-08-20,Random House Audio,com.plexapp.agents.audnexus://B0CZM218FB_us?lang=en,6777,com.plexapp.agents.audnexus://B0D2DM5C9C?lang=en
1749,1750,World Engines,"World Engines, Book 2 - World Engines",Stephen Baxter,World Engines (2019) [World Engines 1],17 hrs 21 mins,1041,2023-04-28T00:19:13,2020-08-20,Gollancz,com.plexapp.agents.audnexus://1473228476_us?lang=en,1748,com.plexapp.agents.audnexus://B000APWC7Y?lang=en
2646,2647,The Pale Blue Eye,The Pale Blue Eye,Louis Bayard,The Pale Blue Eye (2006),15 hrs 27 mins,927,2023-03-30T01:07:00,2014-04-15,"Blackstone Audio, Inc.",com.plexapp.agents.audnexus://B00JONYWAI_us?lang=en,2645,com.plexapp.agents.audnexus://B001ILKG5O?lang=en
859,860,My Dear Henry,Remixed Classics 6 - My Dear Henry,Kalynn Bayron,My Dear Henry (2023) [Remixed Classics 6],7 hrs 49 mins,469,2023-07-11T08:49:00,2023-01-01,,local://859,858,com.plexapp.agents.audnexus://B00YUU6Y1A?lang=en
732,733,All the Windwracked Stars,"Edda of Burdens, Book 1 - All the Windwracked Stars",Elizabeth Bear,All the Windwracked Stars (2008) [Edda of Burdens 1],11 hrs 35 mins,695,2023-07-31T22:55:28,2017-12-05,Tantor Audio,com.plexapp.agents.audnexus://B07846YBTQ_us?lang=en,731,com.plexapp.agents.audnexus://B001ILKHRQ?lang=en
734,735,The Stone in the Skull,"The Lotus Kingdoms, Book 1 - The Stone in the Skull",Elizabeth Bear,The Stone in the Skull (2017) [The Lotus Kingdoms 1],12 hrs 57 mins,777,2023-07-27T20:49:05,2017-11-01,Recorded Books,com.plexapp.agents.audnexus://B076ZZ1F28_us?lang=en,731,com.plexapp.agents.audnexus://B001ILKHRQ?lang=en
738,739,Ancestral Night,"White Space, Book 1 - Ancestral Night",Elizabeth Bear,Ancestral Night (2019) [White Space 1],16 hrs 49 mins,1009,2023-07-03T14:00:03,2019-03-05,Simon & Schuster Audio,com.plexapp.agents.audnexus://B07HKLN6TN_us?lang=en,731,com.plexapp.agents.audnexus://B001ILKHRQ?lang=en
736,737,Machine,"White Space, Book 2 - Machine",Elizabeth Bear,Machine (2020) [Ancestral Night Series 2],16 hrs 31 mins,991,2023-07-27T20:47:50,2020-10-20,Simon & Schuster Audio,com.plexapp.agents.audnexus://179711364X_us?lang=en,731,com.plexapp.agents.audnexus://B001ILKHRQ?lang=en
2611,2612,City at the End of Time,City at the End of Time,Greg Bear,City at the End of Time (2008),21 hrs 16 mins,1276,2023-04-04T13:38:49,2008-08-05,"Blackstone Audio, Inc.",com.plexapp.agents.audnexus://B002V5CLFO_us?lang=en,3597,com.plexapp.agents.audnexus://B000APY7S6?lang=en
2597,2598,Darwin's Radio,"Darwin, Book 1 - Darwin's Radio",Greg Bear,Darwin's Radio (2000) [Darwin 1],17 hrs 18 mins,1038,2023-04-04T22:07:17,2007-07-12,Recorded Books,com.plexapp.agents.audnexus://B002V1NZYY_us?lang=en,3597,com.plexapp.agents.audnexus://B000APY7S6?lang=en
2603,2604,Eon,"Eon, Book 1 - Eon",Greg Bear,Eon (1985) [The Way 1],17 hrs 5 mins,1025,2023-04-04T22:05:44,2008-12-25,Brilliance Audio,com.plexapp.agents.audnexus://B002V0PTVM_us?lang=en,3597,com.plexapp.agents.audnexus://B000APY7S6?lang=en
3598,3599,Far Futures,Far Futures,Greg Bear,Far Futures (1995),16 hrs 54 mins,1014,2023-03-24T00:10:25,2014-06-13,"Skyboat Media, Inc.",com.plexapp.agents.audnexus://B00KY39BM6_us?lang=en,3597,com.plexapp.agents.audnexus://B000APY7S6?lang=en
2599,2600,The Forge of God,"Forge of God, Book 1 - The Forge of God",Greg Bear,The Forge of God (1987) [Forge of God 1],14 hrs 44 mins,884,2023-04-04T22:06:45,2012-03-27,Audible Studios,com.plexapp.agents.audnexus://B007CMDU5G_us?lang=en,3597,com.plexapp.agents.audnexus://B000APY7S6?lang=en
2609,2610,Queen of Angels,"Queen of Angels, Book 1 - Queen of Angels",Greg Bear,Queen of Angels (1990) [Queen of Angels 1],18 hrs 42 mins,1122,2023-03-29T21:24:05,2011-07-21,Recorded Books ,com.plexapp.agents.audnexus://B005DMRB3O_us?lang=en,3597,com.plexapp.agents.audnexus://B000APY7S6?lang=en
2607,2608,Slant,"Queen of Angels, Book 4 - Slant",Greg Bear,Slant (1997) [Queen of Angels 4],16 hrs 7 mins,967,2023-04-04T13:39:35,2012-09-28,Audible Studios,com.plexapp.agents.audnexus://B0096TOPG6_us?lang=en,3597,com.plexapp.agents.audnexus://B000APY7S6?lang=en
2601,2602,Eternity,"The Way, Book 2 - Eternity",Greg Bear,Eternity (1988) [The Way 2],14 hrs 16 mins,856,2023-04-04T22:06:14,2012-03-27,Audible Studios,com.plexapp.agents.audnexus://B007MF0IOY_us?lang=en,3597,com.plexapp.agents.audnexus://B000APY7S6?lang=en
2605,2606,Take Back the Sky,"War Dogs, Book 3 - Take Back the Sky",Greg Bear,Take Back the Sky (2016) [War Dogs 3],8 hrs 15 mins,495,2023-04-04T13:40:00,2016-12-20,Hachette Audio,com.plexapp.agents.audnexus://B01MYTBRM6_us?lang=en,3597,com.plexapp.agents.audnexus://B000APY7S6?lang=en
4380,4381,Of Sand and Malice Made,"Song of the Shattered Sands, Book 0.5 - Of Sand and Malice Made",Bradley P. Beaulieu,Of Sand and Malice Made (2016) [Song of the Shattered Sands 0.5],6 hrs 13 mins,373,2023-03-28T23:13:27,2016-07-25,Quillings Literary,com.plexapp.agents.audnexus://B01IWM8OX2_us?lang=en,4379,com.plexapp.agents.audnexus://B004C1TZ04?lang=en
4384,4385,Twelve Kings in Sharakhai,"Song of the Shattered Sands, Book 1 - Twelve Kings in Sharakhai",Bradley P. Beaulieu,Twelve Kings in Sharakhai (2015) [Song of the Shattered Sands 1],1 day 2 hrs 6 mins,1566,2023-03-22T11:03:26,2015-09-01,Brilliance Audio,com.plexapp.agents.audnexus://B013HGB4LM_us?lang=en,4379,com.plexapp.agents.audnexus://B004C1TZ04?lang=en
4076,4077,With Blood upon the Sand,"Song of the Shattered Sands, Book 2 - With Blood upon the Sand",Bradley P. Beaulieu,With Blood upon the Sand (2017) [Song of the Shattered Sands 2],1 day 6 hrs 24 mins,1824,2023-03-22T23:17:44,2017-02-07,Brilliance Audio,com.plexapp.agents.audnexus://B01MTC50H5_us?lang=en,4379,com.plexapp.agents.audnexus://B004C1TZ04?lang=en
4072,4073,A Veil of Spears,"Song of the Shattered Sands, Book 3 - A Veil of Spears",Bradley P. Beaulieu,A Veil of Spears (2018) [Song of the Shattered Sands 3],1 day 2 hrs 2 mins,1562,2023-03-22T23:19:14,2018-03-20,Brilliance Audio,com.plexapp.agents.audnexus://B078YZTC7X_us?lang=en,4379,com.plexapp.agents.audnexus://B004C1TZ04?lang=en
4070,4071,Beneath the Twisted Trees,"Song of the Shattered Sands, Book 4 - Beneath the Twisted Trees",Bradley P. Beaulieu,Beneath the Twisted Trees (2019) [Song of the Shattered Sands 4],1 day 1 hr 1 min,1501,2023-03-22T23:20:33,2019-07-05,Quillings Literary,com.plexapp.agents.audnexus://B07TWNVBJN_us?lang=en,4379,com.plexapp.agents.audnexus://B004C1TZ04?lang=en
4382,4383,When Jackals Storm the Walls,"Song of the Shattered Sands, Book 5 - When Jackals Storm the Walls",Bradley P. Beaulieu,When Jackals Storm the Walls (2020) [Song of the Shattered Sands 5],21 hrs 17 mins,1277,2023-03-22T23:25:24,2020-08-25,Quillings Literary,com.plexapp.agents.audnexus://B08GL2Y6Y9_us?lang=en,4379,com.plexapp.agents.audnexus://B004C1TZ04?lang=en
4074,4075,A Desert Torn Asunder,"Song of the Shattered Sands, Book 6 - A Desert Torn Asunder",Bradley P. Beaulieu,A Desert Torn Asunder (2021) [Song of the Shattered Sands 6],17 hrs 23 mins,1043,2023-03-22T23:18:39,2021-06-19,Quillings Literary,com.plexapp.agents.audnexus://B097J2WLM2_us?lang=en,4379,com.plexapp.agents.audnexus://B004C1TZ04?lang=en
8735,8736,More Everything Forever,More Everything Forever,Adam Becker,More Everything Forever (2025),10 hrs 58 mins,658,2025-11-29T21:35:13,2025-04-22,Basic Books,com.plexapp.agents.audnexus://B0D4X2XBW6_us?lang=en,8734,com.plexapp.agents.audnexus://B077P21GW7?lang=en
6962,6963,Dark Eden,"Dark Eden (Beckett), Book 1 - Dark Eden",Chris Beckett,Dark Eden,13 hrs 24 mins,804,2025-01-24T11:43:45,2014-04-01,Random House Audio,com.plexapp.agents.audnexus://B00J7QZX4G_us?lang=en,6957,com.plexapp.agents.audnexus://B00U8XI600?lang=en
6958,6959,Mother of Eden,"Dark Eden (Beckett), Book 2 - Mother of Eden",Chris Beckett,Mother of Eden,15 hrs 36 mins,936,2025-01-24T11:43:45,2015-05-12,Random House Audio,com.plexapp.agents.audnexus://B00XD8UOY8_us?lang=en,6957,com.plexapp.agents.audnexus://B00U8XI600?lang=en
6960,6961,Daughter of Eden,"Dark Eden (Beckett), Book 3 - Daughter of Eden",Chris Beckett,"Daughter of Eden: Dark Eden, Book 3",15 hrs 1 min,901,2025-01-24T11:43:45,2017-06-20,Audible Studios,com.plexapp.agents.audnexus://B072MG4C31_us?lang=en,6957,com.plexapp.agents.audnexus://B00U8XI600?lang=en
1145,1146,Krapp's Last Tape,Krapp's Last Tape,Samuel Beckett,"Krapp's Last Tape, Not I, That Time, & A Piece of Monologue (Beck)",1 hr 27 mins,87,2023-06-15T21:16:05,2005-01-01,,local://1145,1140,com.plexapp.agents.audnexus://B000AQ2DVS?lang=en
1143,1144,Molloy,Molloy,Samuel Beckett,Molloy (2003),8 hrs 29 mins,509,2023-06-15T21:18:01,2004-12-26,Naxos AudioBooks,com.plexapp.agents.audnexus://B002V57VB8_us?lang=en,1140,com.plexapp.agents.audnexus://B000AQ2DVS?lang=en
1147,1148,The Unnamable,The Unnamable,Samuel Beckett,The Unnamable (2005),5 hrs 45 mins,345,2023-06-14T21:31:42,2004-12-26,Naxos AudioBooks,com.plexapp.agents.audnexus://B002V1LHJO_us?lang=en,1140,com.plexapp.agents.audnexus://B000AQ2DVS?lang=en
1141,1142,Waiting for Godot,Waiting for Godot,Samuel Beckett,Waiting for Godot (Beck),2 hrs 3 mins,123,2023-06-15T21:18:46,2006-01-01,Naxos AudioBooks,com.plexapp.agents.audnexus://B002V5GWZE_us?lang=en,1140,com.plexapp.agents.audnexus://B000AQ2DVS?lang=en
6502,6503,Bring the War Home,Bring the War Home,Kathleen Belew,Bring the War Home (2018),10 hrs 35 mins,635,2024-11-08T14:14:16,2018-06-01,Tantor Media,com.plexapp.agents.audnexus://B07D6SKBVB_us?lang=en,6501,com.plexapp.agents.audnexus://B07CWMTZ5Z?lang=en
9025,9026,The Face in the Frost,The Face in the Frost,John Bellairs,The Face in the Frost (2019),5 hrs 26 mins,326,2026-02-19T15:11:53,2019-03-12,Tantor Audio,com.plexapp.agents.audnexus://1977345093_us?lang=en,9024,com.plexapp.agents.audnexus://B000APZTO2?lang=en
2911,2912,Empress of a Thousand Skies,"Empress of a Thousand Skies, Book 1 - Empress of a Thousand Skies",Rhoda Belleza,Empress of a Thousand Skies (2017) [Empress of a Thousand Skies 1],9 hrs 13 mins,553,2023-03-29T13:20:12,2017-02-07,Listening Library,com.plexapp.agents.audnexus://B01MS2ORJI_us?lang=en,2910,com.plexapp.agents.audnexus://B01N13171S?lang=en
7637,7638,Who Owns This Sentence?,Who Owns This Sentence?,"David Bellos, Alexandre Montagu",Who Owns This Sentence (2024),11 hrs 10 mins,670,2025-05-03T15:59:18,2024-05-21,Tantor Audio,com.plexapp.agents.audnexus://B0CXKM31WG_us?lang=en,7636,com.plexapp.agents.audnexus://B001I9OWJW?lang=en
7992,7993,The AI Con,The AI Con,"Emily M. Bender, Alex Hanna",The AI Con (2025),7 hrs 51 mins,471,2025-05-16T14:18:32,2025-05-13,HarperAudio,com.plexapp.agents.audnexus://B0DDR6D8F9_us?lang=en,7991,com.plexapp.agents.audnexus://B0F4QHX7LV?lang=en
8990,8991,Illuminations,Illuminations,"Walter Benjamin, Hannah Arendt",Illuminations (2021),10 hrs 12 mins,612,2026-02-12T11:03:58,2021-11-30,Blackstone Publishing,com.plexapp.agents.audnexus://B099T9PZ68_us?lang=en,8989,com.plexapp.agents.audnexus://B000AP9H8Q?lang=en
618,619,Be Like the Fox,Be Like the Fox,Erica Benner,Be Like the Fox (2017),13 hrs 30 mins,810,2023-09-05T21:08:14,2017-05-04,"Gildan Media, LLC",com.plexapp.agents.audnexus://B071VDQ484_us?lang=en,617,com.plexapp.agents.audnexus://B001KD5JUC?lang=en
171,172,American Elsewhere,American Elsewhere,Robert Jackson Bennett,American Elsewhere (2013),22 hrs 24 mins,1344,2023-03-29T11:18:17,2013-07-23,Recorded Books,com.plexapp.agents.audnexus://B00E3CMVIU_us?lang=en,158,com.plexapp.agents.audnexus://B00CXLKR2K?lang=en
173,174,Mr. Shivers,Mr. Shivers,Robert Jackson Bennett,Mr. Shivers (2010),10 hrs 11 mins,611,2023-03-28T09:53:17,2010-04-07,Recorded Books,com.plexapp.agents.audnexus://B003FNHACA_us?lang=en,158,com.plexapp.agents.audnexus://B00CXLKR2K?lang=en
159,160,The Tainted Cup,"Shadow of the Leviathan, Book 1 - The Tainted Cup",Robert Jackson Bennett,The Tainted Cup (2024-02-06),13 hrs 51 mins,831,2024-02-08T09:31:31,2024-02-06,Random House Audio,com.plexapp.agents.audnexus://B0C6YM8Q3B_us?lang=en,158,com.plexapp.agents.audnexus://B00CXLKR2K?lang=en
7492,7493,A Drop of Corruption,"Shadow of the Leviathan, Book 2 - A Drop of Corruption",Robert Jackson Bennett,A Drop of Corruption (2025) [Shadow of the Leviathan 2],15 hrs 51 mins,951,2025-04-01T18:51:25,2025-04-01,Random House Audio,com.plexapp.agents.audnexus://B0D5Z143YR_us?lang=en,158,com.plexapp.agents.audnexus://B00CXLKR2K?lang=en
169,170,City of Stairs,"The Divine Cities, Book 1 - City of Stairs",Robert Jackson Bennett,City of Stairs (2014) [The Divine Cities 1],17 hrs 51 mins,1071,2023-03-22T23:30:13,2014-09-09,Recorded Books,com.plexapp.agents.audnexus://B00M8AM0KS_us?lang=en,158,com.plexapp.agents.audnexus://B00CXLKR2K?lang=en
167,168,City of Blades,"The Divine Cities, Book 2 - City of Blades",Robert Jackson Bennett,City of Blades (2016) [The Divine Cities 2],20 hrs 28 mins,1228,2023-03-29T12:17:03,2016-01-26,Recorded Books,com.plexapp.agents.audnexus://B01A5QB1HY_us?lang=en,158,com.plexapp.agents.audnexus://B00CXLKR2K?lang=en
165,166,City of Miracles,"The Divine Cities, Book 3 - City of Miracles",Robert Jackson Bennett,City of Miracles (2016) [The Divine Cities 3],19 hrs 32 mins,1172,2023-03-29T12:17:24,2017-05-02,Recorded Books,com.plexapp.agents.audnexus://B06Y42TGG4_us?lang=en,158,com.plexapp.agents.audnexus://B00CXLKR2K?lang=en
163,164,Foundryside,"The Founders, Book 1 - Foundryside",Robert Jackson Bennett,Foundryside (2018) [The Founders 1],19 hrs 35 mins,1175,2023-03-29T13:21:40,2018-08-21,Random House Audio,com.plexapp.agents.audnexus://B07DJVDLL9_us?lang=en,158,com.plexapp.agents.audnexus://B00CXLKR2K?lang=en
161,162,Shorefall,"The Founders, Book 2 - Shorefall",Robert Jackson Bennett,Shorefall (2020) [The Founders 2],19 hrs 41 mins,1181,2023-03-30T00:51:33,2020-04-21,Random House Audio,com.plexapp.agents.audnexus://0593148053_us?lang=en,158,com.plexapp.agents.audnexus://B00CXLKR2K?lang=en
5449,5450,Midnight in the Garden of Good and Evil,Midnight in the Garden of Good and Evil,John Berendt,Midnight in the Garden of Good and Evil (2005),15 hrs 4 mins,904,2024-07-25T09:14:51,2005-12-01,Random House Audio,com.plexapp.agents.audnexus://B002V8MLX8_us?lang=en,5448,com.plexapp.agents.audnexus://B000APZ8XE?lang=en
5648,5649,The City of Falling Angels,The City of Falling Angels,John Berendt,The City of Falling Angels (2005),12 hrs 53 mins,773,2024-08-30T09:23:24,2005-09-27,Random House Audio,com.plexapp.agents.audnexus://B002V59XGE_us?lang=en,5448,com.plexapp.agents.audnexus://B000APZ8XE?lang=en
3204,3205,The Soul Mirror,"Collegia Magica, Book 2 - The Soul Mirror",Carol Berg,The Soul Mirror (2011) [Collegia Magica 2],18 hrs 15 mins,1095,2023-03-28T15:47:58,2011-12-02,Audible Studios,com.plexapp.agents.audnexus://B006CQCLOY_us?lang=en,3199,com.plexapp.agents.audnexus://B001H6MNS8?lang=en
3208,3209,Flesh and Spirit,"Lighthouse (Berg), Book 1 - Flesh and Spirit",Carol Berg,Flesh and Spirit (2007) [Lighthouse (Berg) 1],19 hrs 28 mins,1168,2023-03-28T09:51:07,2013-03-09,Audible Studios,com.plexapp.agents.audnexus://B00BMVXYA4_us?lang=en,3199,com.plexapp.agents.audnexus://B001H6MNS8?lang=en
3206,3207,Transformation,"Rai-Kirah, Book 1 - Transformation",Carol Berg,Transformation (2000) [Rai-Kirah 1],16 hrs 35 mins,995,2023-03-28T15:47:32,2013-03-14,Audible Studios,com.plexapp.agents.audnexus://B00BTLX09W_us?lang=en,3199,com.plexapp.agents.audnexus://B001H6MNS8?lang=en
3200,3201,Dust and Light,"Sanctuary (Berg), Book 1 - Dust and Light",Carol Berg,Dust and Light (2014) [Sanctuary (Berg) 1],20 hrs 24 mins,1224,2023-03-28T22:12:27,2014-08-05,Audible Studios,com.plexapp.agents.audnexus://B00LMDAWSY_us?lang=en,3199,com.plexapp.agents.audnexus://B001H6MNS8?lang=en
3202,3203,Ash and Silver,"Sanctuary (Berg), Book 2 - Ash and Silver",Carol Berg,Ash and Silver (2015) [Sanctuary (Berg) 2],22 hrs 21 mins,1341,2023-03-28T00:34:26,2015-12-01,Audible Studios,com.plexapp.agents.audnexus://B015QHRYGY_us?lang=en,3199,com.plexapp.agents.audnexus://B001H6MNS8?lang=en
272,273,Final Chapters,Final Chapters,Jim Bernhard,Final Chapters (2021-03-09),10 hrs 9 mins,609,2024-01-09T15:14:08,2021-03-09,Tantor Audio,com.plexapp.agents.audnexus://1666102881_us?lang=en,271,com.plexapp.agents.audnexus://B001JSBA8S?lang=en
849,850,Moxyland,Moxyland,Lauren Beukes,Moxyland (2008),7 hrs 57 mins,477,2023-07-12T15:29:19,2011-09-14,Angry Robot on Brilliance Audio,com.plexapp.agents.audnexus://B005MSI7FA_us?lang=en,848,com.plexapp.agents.audnexus://B001K8AAVA?lang=en
3540,3541,The Jakarta Method,The Jakarta Method,Vincent Bevins,The Jakarta Method (2020),9 hrs 57 mins,597,2023-03-27T02:41:32,2020-05-19,PublicAffairs,com.plexapp.agents.audnexus://1549101692_us?lang=en,3539,com.plexapp.agents.audnexus://B082FRR2RR?lang=en
371,372,Iceland's Secret,Iceland's Secret,Jared Bibler,Iceland's Secret (2021-10-05),9 hrs 58 mins,598,2023-12-14T21:00:37,2021-10-05,Harriman House,com.plexapp.agents.audnexus://B09DTBTV4W_us?lang=en,370,com.plexapp.agents.audnexus://B09472N42B?lang=en
2430,2431,The Scandalous Hamiltons,The Scandalous Hamiltons,Bill Shaffer,The Scandalous Hamiltons (2022),8 hrs 10 mins,490,2023-04-12T09:55:47,2022-07-26,Tantor Audio,com.plexapp.agents.audnexus://B0B6KQGB23_us?lang=en,2429,local://2429
7468,7469,American Kingpin,American Kingpin,Nick Bilton,American Kingpin (2017),12 hrs 14 mins,734,2025-03-31T11:43:46,2017-05-02,Penguin Audio,com.plexapp.agents.audnexus://B06Y1RH224_us?lang=en,7467,com.plexapp.agents.audnexus://B003UP0RIM?lang=en
8192,8193,What Is Queer Food?,What Is Queer Food?,John Birdsall,What Is Queer Food (2025),8 hrs 44 mins,524,2025-06-12T16:20:40,2025-06-03,Tantor Media,com.plexapp.agents.audnexus://B0F9B3Q61M_us?lang=en,8191,com.plexapp.agents.audnexus://B009O41SRM?lang=en
3625,3626,The Sinner and the Saint,The Sinner and the Saint,Kevin Birmingham,The Sinner and the Saint (2021),15 hrs 45 mins,945,2023-03-23T23:52:11,2021-11-16,Penguin Audio,com.plexapp.agents.audnexus://0593458494_us?lang=en,3624,com.plexapp.agents.audnexus://B00GZBK9UE?lang=en
2493,2494,"Easy Riders, Raging Bulls","Easy Riders, Raging Bulls",Peter Biskind,"Easy Riders, Raging Bulls (1999)",23 hrs 43 mins,1423,2023-04-07T20:15:19,2008-11-01,Brilliance Audio,com.plexapp.agents.audnexus://B002V0JZMG_us?lang=en,2492,com.plexapp.agents.audnexus://B000APL55E?lang=en
7554,7555,IBM and the Holocaust: Abridged Edition,IBM and the Holocaust: Abridged Edition,Edwin Black,IBM and the Holocaust - Expanded Edition (Unabridged),5 hrs 58 mins,358,2025-04-11T14:24:33,2024-09-06,Dialog Press,com.plexapp.agents.audnexus://B0DG97JFL5_us?lang=en,7553,com.plexapp.agents.audnexus://B001ITTDX2?lang=en
7986,7987,A Deal with the Devil,A Deal with the Devil,"Blake Ellis, Melanie Hicken",A Deal with the Devil (2018),7 hrs 54 mins,474,2025-05-16T14:16:18,2018-08-31,Tantor Media,com.plexapp.agents.audnexus://1541444280_us?lang=en,7985,local://7985
3537,3538,Delilah Green Doesn't Care,"Bright Falls, Book 1 - Delilah Green Doesn't Care",Ashley Herring Blake,Delilah Green Doesn't Care (2022),11 hrs 41 mins,701,2023-03-27T02:44:26,2022-02-22,Penguin Audio,com.plexapp.agents.audnexus://0593551699_us?lang=en,3536,com.plexapp.agents.audnexus://B01GY8M05Y?lang=en
4265,4266,Hell on Earth,"Hellhound Champions, Book 1 - Hell on Earth","Macy Blake, Casey Drake",Hell on Earth (2018) [Hellhound Champions 1],6 hrs 13 mins,373,2023-03-22T12:39:46,2022-06-17,Macy Blake,com.plexapp.agents.audnexus://B0B4F8DWV2_us?lang=en,4259,com.plexapp.agents.audnexus://B07FN2TZF3?lang=en
4263,4264,Hell to Pay,"Hellhound Champions, Book 2 - Hell to Pay","Macy Blake, Casey Drake",Hell to Pay (2019) [Hellhound Champions 2],7 hrs 18 mins,438,2023-03-22T12:40:21,2022-08-01,Macy Blake,com.plexapp.agents.audnexus://B0B88TZHSG_us?lang=en,4259,com.plexapp.agents.audnexus://B07FN2TZF3?lang=en
4260,4261,Give Him Hell,"Hellhound Champions, Book 3 - Give Him Hell","Macy Blake, Casey Drake",Give Him Hell (2019) [Hellhound Champions 3],6 hrs 57 mins,417,2023-03-22T12:41:20,2022-10-31,Macy Blake,com.plexapp.agents.audnexus://B0BL1NLY3Q_us?lang=en,4259,com.plexapp.agents.audnexus://B07FN2TZF3?lang=en
3830,3831,The Atlas Six,"The Atlas, Book 1 - The Atlas Six",Olivie Blake,The Atlas Six (2022) [Atlas Series 1],15 hrs 5 mins,905,2023-03-23T21:33:16,2022-03-01,Macmillan Audio,com.plexapp.agents.audnexus://B09HN2VBK2_us?lang=en,3829,com.plexapp.agents.audnexus://B01MS0CF5G?lang=en
4730,4731,Vulture Capitalism,Vulture Capitalism,Grace Blakeley,Vulture Capitalism (2024),11 hrs 45 mins,705,2024-05-23T23:17:07,2024-03-14,Bloomsbury Publishing,com.plexapp.agents.audnexus://B0CWBB5DVY_us?lang=en,4729,com.plexapp.agents.audnexus://B07XV9G715?lang=en
8882,8883,The Map Thief,The Map Thief,Michael Blanding,The Map Thief (2014),8 hrs 36 mins,516,2025-12-02T11:39:55,2014-05-29,Tantor Audio,com.plexapp.agents.audnexus://B00KAFO28G_us?lang=en,8881,com.plexapp.agents.audnexus://B002BLWD5G?lang=en
2361,2362,The World for Sale,The World for Sale,"Javier Blas, Jack Farchy",The World for Sale (2021),12 hrs 4 mins,724,2023-04-13T10:24:09,2021-02-25,Penguin Audio,com.plexapp.agents.audnexus://1473578132_us?lang=en,2360,com.plexapp.agents.audnexus://B08PW3NMY4?lang=en
6050,6051,The Last Coin,The Last Coin,James P. Blaylock,The Last Coin (2014),12 hrs 11 mins,731,2024-09-29T00:07:16,2014-03-31,Audible Studios,com.plexapp.agents.audnexus://B00J9PW6YA_us?lang=en,6049,com.plexapp.agents.audnexus://B000APVTF0?lang=en
4407,4408,The Western Canon,The Western Canon,Harold Bloom,The Western Canon (2000),22 hrs 5 mins,1325,2024-04-18T10:00:38,2000-10-26,"Blackstone Audio, Inc.",com.plexapp.agents.audnexus://B002UZL5XE_us?lang=en,4406,com.plexapp.agents.audnexus://B000AQ4LU4?lang=en
2875,2876,I Want to Be Where the Normal People Are,I Want to Be Where the Normal People Are,Rachel Bloom,I Want to Be Where the Normal People Are (2020),4 hrs 52 mins,292,2023-03-29T14:15:26,2020-11-17,Grand Central Publishing,com.plexapp.agents.audnexus://1478995866_us?lang=en,2874,com.plexapp.agents.audnexus://B08GKQF3K1?lang=en
7972,7973,The Poisoner's Handbook,The Poisoner's Handbook,Deborah Blum,The Poisoner's Handbook (2010),9 hrs 14 mins,554,2025-05-16T11:26:12,2010-02-18,Tantor Audio,com.plexapp.agents.audnexus://B0038TVCXE_us?lang=en,7971,com.plexapp.agents.audnexus://B000AQ3O3E?lang=en
5346,5347,Goliath,Goliath,Max Blumenthal,Goliath (2013),21 hrs 6 mins,1266,2024-07-16T23:07:42,2013-10-01,"Blackstone Audio, Inc.",com.plexapp.agents.audnexus://B00FJIH9AM_us?lang=en,5345,com.plexapp.agents.audnexus://B002A550HQ?lang=en
1758,1759,The House of Shattered Wings,"Dominion of the Fallen, Book 1 - The House of Shattered Wings",Aliette de Bodard,The House of Shattered Wings (2015) [Dominion of the Fallen 1],14 hrs 37 mins,877,2023-04-27T15:54:04,2015-08-18,"Blackstone Audio, Inc.",com.plexapp.agents.audnexus://B013V2TVEO_us?lang=en,1757,com.plexapp.agents.audnexus://B003VMUM3O?lang=en
1762,1763,Fireheart Tiger,Fireheart Tiger,Aliette de Bodard,Fireheart Tiger (2021),2 hrs 29 mins,149,2023-04-26T22:01:32,2023-04-25,Tantor Audio,com.plexapp.agents.audnexus://B0C1TGHX3S_us?lang=en,1757,com.plexapp.agents.audnexus://B003VMUM3O?lang=en
1764,1765,Servant of the Underworld,"Obsidian and Blood, Book 1 - Servant of the Underworld",Aliette de Bodard,Servant of the Underworld (2010) [Obsidian and Blood 1],13 hrs 5 mins,785,2023-03-28T14:47:17,2014-02-25,Audible Studios,com.plexapp.agents.audnexus://B00IKT3D02_us?lang=en,1757,com.plexapp.agents.audnexus://B003VMUM3O?lang=en
1760,1761,Seven of Infinities,Seven of Infinities,Aliette de Bodard,Seven of Infinities (2020),4 hrs 59 mins,299,2023-04-27T15:53:45,2023-02-14,Tantor Audio,com.plexapp.agents.audnexus://B0BTK1T1TM_us?lang=en,1757,com.plexapp.agents.audnexus://B003VMUM3O?lang=en
7036,7037,Tea and Murder: The Citadel of Weeping Pearls & The Tea Master and the Detective,Tea and Murder: The Citadel of Weeping Pearls & The Tea Master and the Detective,Aliette de Bodard,Tea and Murder The Citadel of Weeping Pearls & The Tea Master and the Detective (2021) [Xuya Universe Romances ],6 hrs 42 mins,402,2025-02-10T11:24:59,2021-02-09,Skyboat Media,com.plexapp.agents.audnexus://1665008318_us?lang=en,1757,com.plexapp.agents.audnexus://B003VMUM3O?lang=en
3534,3535,Backstage at the Lincoln Assassination,Backstage at the Lincoln Assassination,Thomas A. Bogar,Backstage at the Lincoln Assassination (2013),9 hrs 53 mins,593,2023-03-27T02:45:33,2013-11-04,Tantor Audio,com.plexapp.agents.audnexus://B00GA911EE_us?lang=en,3533,com.plexapp.agents.audnexus://B001JRZHRY?lang=en
3059,3060,2666,2666,Roberto Bolaño,2666 (2004),1 day 15 hrs 16 mins,2356,2023-03-29T11:08:16,2009-06-04,"Blackstone Audio, Inc.",com.plexapp.agents.audnexus://B002V1M21G_us?lang=en,3058,com.plexapp.agents.audnexus://B001H6WAI6?lang=en
6746,6747,Nazi Literature in the Americas,Nazi Literature in the Americas,Roberto Bolaño,Nazi Literature in the Americas (2017),6 hrs 44 mins,404,2024-12-31T10:37:05,2017-07-13,"Blackstone Audio, Inc.",com.plexapp.agents.audnexus://B073SG9446_us?lang=en,3058,com.plexapp.agents.audnexus://B001H6WAI6?lang=en
6482,6483,The Savage Detectives,The Savage Detectives,Roberto Bolaño,The Savage Detectives (2009),1 day 2 hrs 59 mins,1619,2024-11-06T19:43:21,2009-08-06,"Blackstone Audio, Inc.",com.plexapp.agents.audnexus://B002V5H514_us?lang=en,3058,com.plexapp.agents.audnexus://B001H6WAI6?lang=en
8339,8340,Arkhangelsk,Arkhangelsk,Elizabeth Bonesteel,Arkhangelsk (2025),14 hrs 14 mins,854,2025-08-17T23:04:15,2025-06-10,Podium Audio,com.plexapp.agents.audnexus://B0F7ZWKGRS_us?lang=en,8338,com.plexapp.agents.audnexus://B015RRFXQG?lang=en
5831,5832,Collected Fictions,Collected Fictions,Jorge Luis Borges,Collected Fictions (2023),1 day 3 hrs 25 mins,1645,2024-09-08T23:22:07,2023-08-22,Penguin Audio,com.plexapp.agents.audnexus://B0BZJWGWGV_us?lang=en,3210,com.plexapp.agents.audnexus://B000APW7C4?lang=en
3211,3212,Labyrinths,Labyrinths,Jorge Luis Borges,Labyrinths (1962),2 hrs 54 mins,174,2023-03-28T15:47:18,2019-11-07,New Directions,com.plexapp.agents.audnexus://B0814KTR8F_us?lang=en,3210,com.plexapp.agents.audnexus://B000APW7C4?lang=en
8908,8909,And He Shall Appear,And He Shall Appear,Kate Van Der Borgh,And He Shall Appear (2024),11 hrs 49 mins,709,2026-01-03T09:57:34,2024-10-01,Dreamscape Media,com.plexapp.agents.audnexus://B0D9C7KYYD_us?lang=en,8907,com.plexapp.agents.audnexus://B0DBM332M3?lang=en
8717,8718,"This Way for the Gas, Ladies and Gentlemen","This Way for the Gas, Ladies and Gentlemen","Tadeusz Borowski, Barbara Vedder - translator, Michael Kandel - translator","This Way for the Gas, Ladies and Gentlemen (2021)",6 hrs 1 min,361,2025-11-13T14:40:18,2021-02-14,Upfront Books,com.plexapp.agents.audnexus://B08WJ321WV_us?lang=en,8716,com.plexapp.agents.audnexus://B001ILKGPE?lang=en
6823,6824,Get the Picture,Get the Picture,Bianca Bosker,Get the Picture (2024),10 hrs 14 mins,614,2025-01-09T23:26:33,2024-02-06,Penguin Audio,com.plexapp.agents.audnexus://B0C6YGWND3_us?lang=en,6822,com.plexapp.agents.audnexus://B00AZM5378?lang=en
6333,6334,Bone Deep,Bone Deep,"Charles Bosworth, Joel Schwartz",Bone Deep (2022),11 hrs 20 mins,680,2024-10-15T13:32:00,2022-02-22,Tantor Audio,com.plexapp.agents.audnexus://B09PSRT9DC_us?lang=en,6332,com.plexapp.agents.audnexus://B001IXO3OW?lang=en
8674,8675,The Second Death of Locke,The Second Death of Locke,V. L. Bovalino,The Second Death of Locke (2025) [The Hand and the Heart 1],15 hrs 47 mins,947,2025-10-08T21:21:27,2025-09-23,Forever,com.plexapp.agents.audnexus://B0DTRXS74Z_us?lang=en,8673,com.plexapp.agents.audnexus://B0DYMF8SBR?lang=en
2064,2065,The Infinity Courts,"Infinity Courts, Book 1 - The Infinity Courts",Akemi Dawn Bowman,The Infinity Courts (2021) [Infinity Courts 1],13 hrs 52 mins,832,2023-04-22T14:16:00,2021-04-06,Simon & Schuster Audio,com.plexapp.agents.audnexus://1797119893_us?lang=en,2063,com.plexapp.agents.audnexus://B07D27K7SX?lang=en
596,597,Merchant Kings,Merchant Kings,Stephen R. Bown,Merchant Kings (2022),9 hrs 53 mins,593,2023-09-05T21:16:13,2022-01-25,Tantor Audio,com.plexapp.agents.audnexus://B09Q7MVK2S_us?lang=en,595,com.plexapp.agents.audnexus://B001HCV3UQ?lang=en
4392,4393,Our Moon,Our Moon,Rebecca Boyle,Our Moon (2024),12 hrs 1 min,721,2024-04-18T10:00:25,2024-01-16,Random House Audio,com.plexapp.agents.audnexus://B0C4BW4PQS_us?lang=en,4391,com.plexapp.agents.audnexus://B0C678RX3Q?lang=en
8353,8354,Carpet Diem,Carpet Diem,George Bradley,Carpet Diem (2025),9 hrs 6 mins,546,2025-08-17T23:19:38,2025-05-27,HarperAudio,com.plexapp.agents.audnexus://B0DDR9F7LX_us?lang=en,8352,com.plexapp.agents.audnexus://B071WQSMYW?lang=en
5073,5074,The Ministry of Time,The Ministry of Time,Kaliane Bradley,The Ministry of Time (2024),10 hrs 23 mins,623,2024-06-11T10:52:29,2024-05-07,Simon & Schuster Audio,com.plexapp.agents.audnexus://B0CLGTWK9X_us?lang=en,5072,com.plexapp.agents.audnexus://B0C3D86WW7?lang=en
8067,8068,The Age of Intoxication,The Age of Intoxication,Benjamin Breen,The Age of Intoxication (2020),8 hrs 12 mins,492,2025-05-21T09:33:40,2020-10-27,Tantor Audio,com.plexapp.agents.audnexus://170526798X_us?lang=en,8066,com.plexapp.agents.audnexus://B07ZJTGJSZ?lang=en
4067,4068,Absynthe,Absynthe,Brendan P. Bellecourt,Absynthe (2021),14 hrs 37 mins,877,2023-03-22T23:28:48,2021-11-16,Quillings Literary,com.plexapp.agents.audnexus://B09LTD9LKV_us?lang=en,4066,local://4066
1408,1409,Symphony of Secrets,Symphony of Secrets,Brendan Slocumb,Symphony of Secrets (2023),13 hrs 47 mins,827,2023-05-08T23:27:09,2023-04-18,Random House Audio,com.plexapp.agents.audnexus://B0B9T3QN6F_us?lang=en,1407,local://1407
3913,3914,Fence,Fence: Striking Distance,"Sarah Rees Brennan, Johanna the Mad, C. S. Pacat",Fence (2020),8 hrs 36 mins,516,2023-03-23T01:20:36,2020-01-01,,local://3913,3912,com.plexapp.agents.audnexus://B0027N9K2W?lang=en
4254,4255,In Other Lands,In Other Lands,"Sarah Rees Brennan, Johanna the Mad, C. S. Pacat",In Other Lands (2017),17 hrs 19 mins,1039,2023-03-22T12:55:24,2018-04-03,Tantor Audio,com.plexapp.agents.audnexus://B07BNTS8ZQ_us?lang=en,3912,com.plexapp.agents.audnexus://B0027N9K2W?lang=en
6781,6782,Long Live Evil,"Time of Iron, Book 1 - Long Live Evil","Sarah Rees Brennan, Johanna the Mad, C. S. Pacat",Long Live Evil (2024) [Time of Iron 1],17 hrs 4 mins,1024,2025-01-05T22:17:34,2024-08-27,Orbit,com.plexapp.agents.audnexus://B0CNB7C161_us?lang=en,3912,com.plexapp.agents.audnexus://B0027N9K2W?lang=en
9946,9947,All Hail Chaos,"Time of Iron, Book 2 - All Hail Chaos","Sarah Rees Brennan, Johanna the Mad, C. S. Pacat",All Hail Chaos (2026) [Time of Iron 2],17 hrs 52 mins,1072,2026-05-12T17:03:12,2026-05-12,Orbit,com.plexapp.agents.audnexus://B0DTX14W9R_us?lang=en,3912,com.plexapp.agents.audnexus://B0027N9K2W?lang=en
115,116,A Hundred Vicious Turns,"Broken Tower, Book 1 - A Hundred Vicious Turns",Lee Paige O'Brien,A Hundred Vicious Turns (2023-10-12) [The Broken Tower 1],11 hrs 13 mins,673,2024-03-07T09:07:29,2023-10-12,Recorded Books,com.plexapp.agents.audnexus://B0CKWVBPQB_us?lang=en,114,com.plexapp.agents.audnexus://B0CHDP6VMF?lang=en
6584,6585,Places in the Darkness,Places in the Darkness,Chris Brookmyre,Places in the Darkness (2017),14 hrs 43 mins,883,2024-11-24T14:12:52,2017-11-07,Hachette Audio,com.plexapp.agents.audnexus://B0772XRKDC_us?lang=en,5540,com.plexapp.agents.audnexus://B00JOBET2Q?lang=en
5541,5542,The Cracked Mirror,The Cracked Mirror,Chris Brookmyre,The Cracked Mirror (2024),11 hrs 42 mins,702,2024-08-07T22:10:41,2024-07-18,W. F. Howes Ltd,com.plexapp.agents.audnexus://B0D4FSSKMX_us?lang=en,5540,com.plexapp.agents.audnexus://B00JOBET2Q?lang=en
3531,3532,Mormonism and White Supremacy,Mormonism and White Supremacy,Joanna Brooks,Mormonism and White Supremacy (2020),7 hrs 44 mins,464,2023-03-27T02:45:59,2020-09-29,Tantor Media,com.plexapp.agents.audnexus://1705265006_us?lang=en,3530,com.plexapp.agents.audnexus://B001HMLC1Q?lang=en
759,760,The Black Coast,"The God-King Chronicles, Book 1 - The Black Coast",Mike Brooks,The Black Coast (2021) [The God-King Chronicles 1],20 hrs 9 mins,1209,2023-07-30T10:17:16,2021-03-16,Penguin Audio,com.plexapp.agents.audnexus://1786183501_us?lang=en,754,com.plexapp.agents.audnexus://B001KMIKTK?lang=en
755,756,The Splinter King,"The God-King Chronicles, Book 2 - The Splinter King",Mike Brooks,The Splinter King (2021) [The God-King Chronicles 2],20 hrs 42 mins,1242,2023-07-31T23:05:07,2021-09-14,Penguin Audio,com.plexapp.agents.audnexus://1786185067_us?lang=en,754,com.plexapp.agents.audnexus://B001KMIKTK?lang=en
757,758,The Godbreaker,"The God-King Chronicles, Book 3 - The Godbreaker",Mike Brooks,The Godbreaker (2022) [The God-King Chronicles 3],22 hrs 53 mins,1373,2023-07-31T23:05:04,2022-09-27,Penguin Audio,com.plexapp.agents.audnexus://B0B5F9QKCP_us?lang=en,754,com.plexapp.agents.audnexus://B001KMIKTK?lang=en
6814,6815,"""They Just Need to Get a Job""","""They Just Need to Get a Job""",Mary Brosnahan,They Just Need to Get a Job (2024),7 hrs 40 mins,460,2025-01-08T11:39:30,2024-11-12,Beacon Press Audio,com.plexapp.agents.audnexus://B0CVSMZK7G_us?lang=en,6813,com.plexapp.agents.audnexus://B0DLWWY93B?lang=en
8613,8614,Couple Found Slain,Couple Found Slain,Mikita Brottman,Couple Found Slain (2021),8 hrs 45 mins,525,2025-09-05T13:04:31,2021-07-06,Macmillan Audio,com.plexapp.agents.audnexus://1250806976_us?lang=en,8612,com.plexapp.agents.audnexus://B001HN350Q?lang=en
2403,2404,Prophet's Prey,Prophet's Prey,"Sam Brower, Jon Krakauer",Prophet's Prey (2011),12 hrs 55 mins,775,2023-04-12T10:05:56,2011-09-27,"HighBridge, a division of Recorded Books",com.plexapp.agents.audnexus://B005P0B2ES_us?lang=en,2402,com.plexapp.agents.audnexus://B00J2331ES?lang=en
4434,4435,The Book of Doors,The Book of Doors,Gareth Brown,The Book of Doors (2024),13 hrs 17 mins,797,2024-04-18T12:49:52,2024-02-13,William Morrow,com.plexapp.agents.audnexus://B0C5K34XCF_us?lang=en,4433,com.plexapp.agents.audnexus://B0C5N57FVC?lang=en
2869,2870,Iron Gold,"Red Rising, Book 4 - Iron Gold",Pierce Brown,Iron Gold (2017) [Red Rising 4],23 hrs 23 mins,1403,2023-03-29T14:17:26,2018-01-16,Recorded Books,com.plexapp.agents.audnexus://B074NBTRGL_us?lang=en,2866,com.plexapp.agents.audnexus://B00EDBZVNI?lang=en
2867,2868,Light Bringer,"Red Rising, Book 6 - Light Bringer",Pierce Brown,Light Bringer (2023) [Red Rising 6],1 day 6 hrs 9 mins,1809,2023-09-27T10:18:34,2023-07-25,Recorded Books,com.plexapp.agents.audnexus://B0C28WLQP1_us?lang=en,2866,com.plexapp.agents.audnexus://B00EDBZVNI?lang=en
6972,6973,The Guards,"The Jack Taylor Novels, Book 1 - The Guards",Ken Bruen,The Guards (2009) [The Jack Taylor Novels 1],4 hrs 38 mins,278,2025-01-31T02:35:44,2009-09-09,ISIS Audio Books,com.plexapp.agents.audnexus://B002VA96UW_us?lang=en,6969,com.plexapp.agents.audnexus://B000APP5EQ?lang=en
6970,6971,The Killing of the Tinkers,"The Jack Taylor Novels, Book 2 - The Killing of the Tinkers",Ken Bruen,The Killing of the Tinkers (2009) [The Jack Taylor Novels 2],4 hrs 28 mins,268,2025-01-31T02:35:44,2009-10-26,ISIS Audio Books,com.plexapp.agents.audnexus://B002V0TH1U_us?lang=en,6969,com.plexapp.agents.audnexus://B000APP5EQ?lang=en
8982,8983,Extreme North,Extreme North,"Bernd Brunner, Jefferson Chase - translator",Extreme North (2022),8 hrs 26 mins,506,2026-02-09T20:16:11,2022-02-15,Tantor Media,com.plexapp.agents.audnexus://B09RM9VK1Z_us?lang=en,8981,com.plexapp.agents.audnexus://B001I9QKS8?lang=en
2726,2727,Stand on Zanzibar,Stand on Zanzibar,"John Brunner, Bruce Sterling - foreword",Stand on Zanzibar (1968),21 hrs 17 mins,1277,2023-03-30T00:52:12,2011-08-02,Macmillan Audio,com.plexapp.agents.audnexus://B005F5Y6GO_us?lang=en,2725,com.plexapp.agents.audnexus://B000AQ26P6?lang=en
6872,6873,The Sheep Look Up,The Sheep Look Up,"John Brunner, Bruce Sterling - foreword",The Sheep Look Up (2017),13 hrs 1 min,781,2025-01-12T09:55:53,2017-11-28,Skyboat Media,com.plexapp.agents.audnexus://B07775SHMB_us?lang=en,2725,com.plexapp.agents.audnexus://B000AQ26P6?lang=en
6931,6932,The Shockwave Rider,The Shockwave Rider,"John Brunner, Bruce Sterling - foreword",The Shockwave Rider (2020),9 hrs 4 mins,544,2025-01-18T19:49:28,2020-04-07,Skyboat Media,com.plexapp.agents.audnexus://1094120693_us?lang=en,2725,com.plexapp.agents.audnexus://B000AQ26P6?lang=en
3437,3438,Taltos,"Lives of the Mayfair Witches, Book 3 - Taltos",Steven Brust,Taltos (1988) [Vlad Taltos 4],6 hrs 14 mins,374,2023-03-28T09:53:01,2015-11-10,Random House Audio,com.plexapp.agents.audnexus://B016P4NLCS_us?lang=en,3430,com.plexapp.agents.audnexus://B000AP75D0?lang=en
3459,3460,The Phoenix Guards,"Phoenix Guards, Book 1 - The Phoenix Guards",Steven Brust,The Phoenix Guards (1991) [Khaavren Romances 1],16 hrs 14 mins,974,2023-03-28T09:54:29,2012-07-31,Audible Studios,com.plexapp.agents.audnexus://B008LVS2MI_us?lang=en,3430,com.plexapp.agents.audnexus://B000AP75D0?lang=en
3465,3466,Five Hundred Years After,"Phoenix Guards, Book 2 - Five Hundred Years After",Steven Brust,Five Hundred Years After (1994) [Phoenix Guards 2],21 hrs 5 mins,1265,2023-03-27T02:49:14,2012-07-31,Audible Studios,com.plexapp.agents.audnexus://B008LVS2SM_us?lang=en,3430,com.plexapp.agents.audnexus://B000AP75D0?lang=en
3461,3462,The Paths of the Dead,"The Viscount of Adrilankha, Book 1 - The Paths of the Dead",Steven Brust,The Paths of the Dead (2002) [The Viscount of Adrilankha 1],15 hrs 19 mins,919,2023-03-28T09:54:09,2012-07-31,Audible Studios,com.plexapp.agents.audnexus://B008LVSB8S_us?lang=en,3430,com.plexapp.agents.audnexus://B000AP75D0?lang=en
3463,3464,The Lord of Castle Black,"The Viscount of Adrilankha, Book 2 - The Lord of Castle Black",Steven Brust,The Lord of Castle Black (2003) [The Viscount of Adrilankha 2],14 hrs 4 mins,844,2023-03-28T09:53:10,2012-07-31,Audible Studios,com.plexapp.agents.audnexus://B008LVSBQ0_us?lang=en,3430,com.plexapp.agents.audnexus://B000AP75D0?lang=en
3457,3458,Jhereg,"Vlad Taltos, Book 1 - Jhereg",Steven Brust,Jhereg (1983) [Vlad Taltos 1],8 hrs 41 mins,521,2023-03-22T14:56:10,2012-08-14,Audible Studios,com.plexapp.agents.audnexus://B008SEGXBK_us?lang=en,3430,com.plexapp.agents.audnexus://B000AP75D0?lang=en
3431,3432,Yendi,"Vlad Taltos, Book 2 - Yendi",Steven Brust,Yendi (1984) [Vlad Taltos 2],6 hrs 46 mins,406,2023-03-28T22:12:11,2012-08-14,Audible Studios,com.plexapp.agents.audnexus://B008TSHNW8_us?lang=en,3430,com.plexapp.agents.audnexus://B000AP75D0?lang=en
3433,3434,Teckla,"Vlad Taltos, Book 3 - Teckla",Steven Brust,Teckla (1987) [Vlad Taltos 3],7 hrs 14 mins,434,2023-03-28T22:11:51,2012-08-14,Audible Studios,com.plexapp.agents.audnexus://B008SEHKCG_us?lang=en,3430,com.plexapp.agents.audnexus://B000AP75D0?lang=en
3439,3440,Phoenix,"Vlad Taltos, Book 5 - Phoenix",Steven Brust,Phoenix (1990) [Vlad Taltos 5],7 hrs 56 mins,476,2023-03-28T09:52:27,2012-08-14,Audible Studios,com.plexapp.agents.audnexus://B008SEHZBM_us?lang=en,3430,com.plexapp.agents.audnexus://B000AP75D0?lang=en
3451,3452,Athyra,"Vlad Taltos, Book 6 - Athyra",Steven Brust,Athyra (1993) [Vlad Taltos 6],8 hrs 23 mins,503,2023-03-27T02:46:30,2012-08-14,Audible Studios,com.plexapp.agents.audnexus://B008SEI1WE_us?lang=en,3430,com.plexapp.agents.audnexus://B000AP75D0?lang=en
3441,3442,Orca,"Vlad Taltos, Book 7 - Orca",Steven Brust,Orca (1996) [Vlad Taltos 7],9 hrs 16 mins,556,2023-03-28T09:51:44,2012-08-14,Audible Studios,com.plexapp.agents.audnexus://B008SEHTA4_us?lang=en,3430,com.plexapp.agents.audnexus://B000AP75D0?lang=en
3453,3454,Dragon,"Vlad Taltos, Book 8 - Dragon",Steven Brust,Dragon (1998) [Vlad Taltos 8],8 hrs 56 mins,536,2023-03-22T23:36:00,2012-08-14,Audible Studios,com.plexapp.agents.audnexus://B008R1AHH0_us?lang=en,3430,com.plexapp.agents.audnexus://B000AP75D0?lang=en
3445,3446,Issola,"Vlad Taltos, Book 9 - Issola",Steven Brust,Issola (2001) [Vlad Taltos 9],4 hrs 52 mins,292,2023-03-28T09:51:21,2012-08-14,Audible Studios,com.plexapp.agents.audnexus://B008SFEY7O_us?lang=en,3430,com.plexapp.agents.audnexus://B000AP75D0?lang=en
3455,3456,Dzur,"Vlad Taltos, Book 10 - Dzur",Steven Brust,Dzur (2006) [Vlad Taltos 10],8 hrs 8 mins,488,2023-03-22T23:33:23,2012-08-14,Audible Studios,com.plexapp.agents.audnexus://B008SEGMCK_us?lang=en,3430,com.plexapp.agents.audnexus://B000AP75D0?lang=en
3443,3444,Jhegaala,"Vlad Taltos, Book 11 - Jhegaala",Steven Brust,Jhegaala (2008) [Vlad Taltos 11],9 hrs 11 mins,551,2023-03-28T09:51:32,2012-08-14,Audible Studios,com.plexapp.agents.audnexus://B008SEH93G_us?lang=en,3430,com.plexapp.agents.audnexus://B000AP75D0?lang=en
3447,3448,Iorich,"Vlad Taltos, Book 12 - Iorich",Steven Brust,Iorich (2009) [Vlad Taltos 12],8 hrs 42 mins,522,2023-03-27T02:49:50,2012-08-14,Audible Studios,com.plexapp.agents.audnexus://B008SEH5QW_us?lang=en,3430,com.plexapp.agents.audnexus://B000AP75D0?lang=en
3435,3436,Tiassa,"Vlad Taltos, Book 13 - Tiassa",Steven Brust,Tiassa (2011) [Vlad Taltos 13],8 hrs 24 mins,504,2023-03-28T09:54:47,2012-08-14,Audible Studios,com.plexapp.agents.audnexus://B008SEHICI_us?lang=en,3430,com.plexapp.agents.audnexus://B000AP75D0?lang=en
3449,3450,Hawk,"Vlad Taltos, Book 14 - Hawk",Steven Brust,Hawk (2014) [Vlad Taltos 14],8 hrs 48 mins,528,2023-03-27T02:49:32,2014-10-07,Audible Studios,com.plexapp.agents.audnexus://B00M8HO0I6_us?lang=en,3430,com.plexapp.agents.audnexus://B000AP75D0?lang=en
2826,2827,One Summer,One Summer,Bill Bryson,One Summer (2013),17 hrs 4 mins,1024,2023-03-29T18:43:53,2013-10-01,Random House Audio,com.plexapp.agents.audnexus://B00EFAB442_us?lang=en,2825,com.plexapp.agents.audnexus://B000APXTVM?lang=en
3428,3429,Greenmantle,"Richard Hannay, Book 2 - Greenmantle",John Buchan,Hannay (2022) [Richard Hannay ],2 days 1 hr 50 mins,2990,2023-03-28T09:55:59,2009-05-04,Audible Studios,com.plexapp.agents.audnexus://B002V8H9C6_us?lang=en,3427,com.plexapp.agents.audnexus://B000AQ1XGE?lang=en
7045,7046,A Stranger in the Citadel,A Stranger in the Citadel,Tobias S. Buckell,A Stranger in the Citadel (2021),7 hrs 1 min,421,2025-02-17T22:14:25,2021-05-27,Audible Originals,com.plexapp.agents.audnexus://B094W8W9Z1_us?lang=en,7044,com.plexapp.agents.audnexus://B001HCX2U0?lang=en
2302,2303,Between Two Fires,Between Two Fires,Christopher Buehlman,Between Two Fires (2012),14 hrs 26 mins,866,2023-04-14T22:24:29,2012-10-02,"Blackstone Audio, Inc.",com.plexapp.agents.audnexus://B009EQH8DI_us?lang=en,2301,com.plexapp.agents.audnexus://B004S4ER94?lang=en
2304,2305,The Blacktongue Thief,"Blacktongue, Book 1 - The Blacktongue Thief",Christopher Buehlman,The Blacktongue Thief (2021) [Blacktongue 1],12 hrs 27 mins,747,2023-03-28T09:58:07,2021-05-25,Macmillan Audio,com.plexapp.agents.audnexus://1250807832_us?lang=en,2301,com.plexapp.agents.audnexus://B004S4ER94?lang=en
2285,2286,"Penric's Fox: A Novella in the World of the Five Gods (Penric and Desdemona, Book 3)  (Unabridged)","Penric's Fox: A Novella in the World of the Five Gods (Penric and Desdemona, Book 3)  (Unabridged)",Lois McMaster Bujold,"Penric's Fox A Novella in the World of the Five Gods (Penric and Desdemona, Book 3)  (Unabridged) (2018)",4 hrs 30 mins,270,2023-04-14T23:20:54,2018-01-01,,local://2285,2284,com.plexapp.agents.audnexus://B00455PX26?lang=en
1204,1205,The Master and Margarita,The Master and Margarita,Mikhail Bulgakov,The Master and Margarita (2018),16 hrs 52 mins,1012,2023-06-13T00:08:42,2009-09-18,Naxos AudioBooks,com.plexapp.agents.audnexus://B002V02KPU_us?lang=en,1203,com.plexapp.agents.audnexus://B000APW544?lang=en
2004,2005,"Vril, the Power of the Coming Race","Vril, the Power of the Coming Race",Edward Bulwer-Lytton,"Vril, the Power of the Coming Race (2019)",5 hrs 20 mins,320,2023-04-23T01:18:33,2019-11-05,Author's Republic,com.plexapp.agents.audnexus://B07ZZK8QZF_us?lang=en,2003,com.plexapp.agents.audnexus://B00N6AR2NO?lang=en
8183,8184,The Looting Machine,The Looting Machine,Tom Burgis,The Looting Machine (2025),11 hrs 6 mins,666,2025-06-06T13:30:56,2025-06-24,PublicAffairs,com.plexapp.agents.audnexus://B0F812X3NP_us?lang=en,8182,com.plexapp.agents.audnexus://B00NEEC6I8?lang=en
5328,5329,Semiosis,"Semiosis, Book 1 - Semiosis",Sue Burke,Semiosis (2018) [Semiosis 1],14 hrs 47 mins,887,2024-07-15T23:21:02,2018-02-06,Macmillan Audio,com.plexapp.agents.audnexus://B078SGTKS6_us?lang=en,5327,com.plexapp.agents.audnexus://B007IG9WGW?lang=en
5423,5424,Interference,"Semiosis, Book 2 - Interference",Sue Burke,Interference (2019) [Semiosis 2],12 hrs 13 mins,733,2024-07-23T23:17:24,2019-10-22,Macmillan Audio,com.plexapp.agents.audnexus://1250243629_us?lang=en,5327,com.plexapp.agents.audnexus://B007IG9WGW?lang=en
2381,2382,Four Thousand Weeks,Four Thousand Weeks,Oliver Burkeman,Four Thousand Weeks (2021),5 hrs 54 mins,354,2023-04-13T00:39:37,2021-08-10,Macmillan Audio,com.plexapp.agents.audnexus://1250834384_us?lang=en,2380,com.plexapp.agents.audnexus://B004DJDK1U?lang=en
6620,6621,Meditations for Mortals,Meditations for Mortals,Oliver Burkeman,Meditations for Mortals (2024),4 hrs 5 mins,245,2024-12-04T11:42:32,2024-10-08,Macmillan Audio,com.plexapp.agents.audnexus://B0CW4ST43L_us?lang=en,2380,com.plexapp.agents.audnexus://B004DJDK1U?lang=en
4054,4055,The Billionaire Submissive,"Billionaires in Bondage, Book 1 - The Billionaire Submissive",Joely Sue Burkhart,The Billionaire Submissive (2014) [Billionaires in Bondage 1],8 hrs 51 mins,531,2023-03-22T23:54:45,2014-09-10,Insatiable Press,com.plexapp.agents.audnexus://B00NFVSTPY_us?lang=en,4049,com.plexapp.agents.audnexus://B0046HNTEW?lang=en
4052,4053,The Billionaire's Ink Mistress,"Billionaires in Bondage, Book 2 - The Billionaire's Ink Mistress",Joely Sue Burkhart,The Billionaire's Ink Mistress (2015) [Billionaires in Bondage 2],7 hrs 53 mins,473,2023-03-22T23:55:46,2015-04-22,Insatiable Press,com.plexapp.agents.audnexus://B00WGU6EC0_us?lang=en,4049,com.plexapp.agents.audnexus://B0046HNTEW?lang=en
4050,4051,The Billionaire's Christmas Bargain,"Billionaires in Bondage, Book 3 - The Billionaire's Christmas Bargain",Joely Sue Burkhart,The Billionaire's Christmas Bargain (2015) [Billionaires in Bondage 3],7 hrs 39 mins,459,2023-03-22T23:56:08,2015-11-03,Insatiable Press,com.plexapp.agents.audnexus://B017DUKB4O_us?lang=en,4049,com.plexapp.agents.audnexus://B0046HNTEW?lang=en
4235,4236,Junky,Junky,William S. Burroughs,Junky (1953),7 hrs 13 mins,433,2023-03-22T12:59:55,2012-12-01,W. F. Howes Ltd,com.plexapp.agents.audnexus://B00AEE5SK4_us?lang=en,4234,com.plexapp.agents.audnexus://B000APV8VA?lang=en
2212,2213,The World Cannot Give,The World Cannot Give,Tara Isabella Burton,The World Cannot Give (2022),11 hrs 8 mins,668,2023-04-18T22:55:33,2022-03-08,Simon & Schuster Audio,com.plexapp.agents.audnexus://B09CWLSZGW_us?lang=en,2211,com.plexapp.agents.audnexus://B073FYYWBL?lang=en
3882,3883,Postmodernism,Postmodernism,Christopher Butler,Postmodernism (2002),4 hrs 8 mins,248,2023-03-23T16:48:00,2021-06-01,Tantor Media,com.plexapp.agents.audnexus://166611376X_us?lang=en,3881,com.plexapp.agents.audnexus://B001ILKGU4?lang=en
2823,2824,Parable of the Sower,"Earthseed, Book 1 - Parable of the Sower",Octavia E. Butler,Parable of the Sower (1993) [Earthseed 1],12 hrs 2 mins,722,2023-03-29T18:44:04,2009-06-16,Recorded Books,com.plexapp.agents.audnexus://B002V0PQ4C_us?lang=en,2822,com.plexapp.agents.audnexus://B000AQ1SQE?lang=en
6800,6801,Wild Seed,"Patternist, Book 1 - Wild Seed",Octavia E. Butler,Wild Seed (2021) [Patternist 1],11 hrs 12 mins,672,2025-01-06T09:35:42,2021-01-05,Recorded Books,com.plexapp.agents.audnexus://1980019363_us?lang=en,2822,com.plexapp.agents.audnexus://B000AQ1SQE?lang=en
6798,6799,Mind of My Mind,"Patternist, Book 2 - Mind of My Mind",Octavia E. Butler,Mind of My Mind (2023) [Patternist 2],7 hrs 36 mins,456,2025-01-06T09:10:35,2023-05-30,Grand Central Publishing,com.plexapp.agents.audnexus://B0C6FHD1CG_us?lang=en,2822,com.plexapp.agents.audnexus://B000AQ1SQE?lang=en
6796,6797,Clay's Ark,"Patternist, Book 3 - Clay's Ark",Octavia E. Butler,Clay's Ark (2023) [Patternist 3],7 hrs 18 mins,438,2025-01-06T09:10:16,2023-05-30,Grand Central Publishing,com.plexapp.agents.audnexus://B0C6FMHJN1_us?lang=en,2822,com.plexapp.agents.audnexus://B000AQ1SQE?lang=en
6913,6914,Patternmaster,"Patternist, Book 4 - Patternmaster",Octavia E. Butler,Patternmaster (2023) [Patternist 4],5 hrs 29 mins,329,2025-01-16T17:33:08,2023-05-30,Grand Central Publishing,com.plexapp.agents.audnexus://B0C6FGDSBK_us?lang=en,2822,com.plexapp.agents.audnexus://B000AQ1SQE?lang=en
3902,3903,The Way of All Flesh,The Way of All Flesh,Samuel Butler,The Way of All Flesh (2010),15 hrs 21 mins,921,2023-03-23T01:29:32,2004-04-22,"Blackstone Audio, Inc.",com.plexapp.agents.audnexus://B002V5BTRU_us?lang=en,3901,com.plexapp.agents.audnexus://B000AQ0KA4?lang=en
2193,2194,Possession,Possession,A. S. Byatt,Possession (1991),21 hrs 53 mins,1313,2023-04-19T12:06:19,2007-10-08,HarperAudio,com.plexapp.agents.audnexus://B002V0K7V4_us?lang=en,2192,com.plexapp.agents.audnexus://B000APU0K0?lang=en
3425,3426,The Devil in Her Bed,"Devil You Know, Book 3 - The Devil in Her Bed",Kerrigan Byrne,The Devil in Her Bed (2021) [Devil You Know 3],9 hrs 19 mins,559,2023-03-28T09:58:20,2021-03-09,Macmillan Audio,com.plexapp.agents.audnexus://1250792193_us?lang=en,3422,com.plexapp.agents.audnexus://B007TXTMXC?lang=en
3423,3424,Seducing a Stranger,Seducing a Stranger,Kerrigan Byrne,Seducing a Stranger (2020) [Victorian Rebels ],8 hrs 23 mins,503,2023-03-28T09:58:33,2020-06-09,Tantor Audio,com.plexapp.agents.audnexus://1705213421_us?lang=en,3422,com.plexapp.agents.audnexus://B007TXTMXC?lang=en
7708,7709,The Power Elite,The Power Elite,"C. Wright Mills, Alan Wolfe - afterword",Audiobook: The Power Elite,15 hrs 54 mins,954,2025-05-09T00:42:58,2019-11-26,Tantor Audio,com.plexapp.agents.audnexus://1541433106_us?lang=en,7707,local://7707
1930,1931,Control,Control,"Cardeno, C., Mary Calmes",Control (2014),7 hrs 44 mins,464,2023-04-24T21:09:13,2024-05-21,Recorded Books,com.plexapp.agents.audnexus://B0CQZ3DKDW_us?lang=en,1929,com.plexapp.agents.audnexus://B004QSU7J6?lang=en
8022,8023,The Great Pretender,The Great Pretender,Susannah Cahalan,The Great Pretender (2019),11 hrs 4 mins,664,2025-05-18T13:55:26,2019-11-05,Grand Central Publishing,com.plexapp.agents.audnexus://1549175297_us?lang=en,8021,com.plexapp.agents.audnexus://B0099U5U6G?lang=en
7347,7348,"Of Blood and Fire: The Bound and the Broken, Book 1","Of Blood and Fire: The Bound and the Broken, Book 1",Ryan Cahill,"Of Blood and Fire The Bound and the Broken, Book 1 (2021)",16 hrs 24 mins,984,2025-03-16T02:55:04,2021-01-01,,local://7347,7342,com.plexapp.agents.audnexus://B08ZDTC4CW?lang=en
7345,7346,Of Darkness and Light,"The Bound and The Broken, Book 2 - Of Darkness and Light",Ryan Cahill,Of Darkness and Light (2022) [Bound and the Broken 2],23 hrs 45 mins,1425,2025-03-16T02:55:03,2022-04-26,Podium Audio,com.plexapp.agents.audnexus://B09W4785SK_us?lang=en,7342,com.plexapp.agents.audnexus://B08ZDTC4CW?lang=en
7343,7344,Of War and Ruin,"The Bound and The Broken, Book 3 - Of War and Ruin",Ryan Cahill,Of War and Ruin (2023) [Bound and the Broken 3],1 day 20 hrs 55 mins,2695,2025-03-16T02:55:03,2023-05-30,Podium Audio,com.plexapp.agents.audnexus://B0C2QPJ791_us?lang=en,7342,com.plexapp.agents.audnexus://B08ZDTC4CW?lang=en
922,923,Double Indemnity,Double Indemnity,James M. Cain,Double Indemnity (1936),3 hrs 17 mins,197,2023-07-05T12:28:05,2005-06-24,Harper,com.plexapp.agents.audnexus://B002V0JRII_us?lang=en,921,com.plexapp.agents.audnexus://B000APBEEQ?lang=en
924,925,The Postman Always Rings Twice,The Postman Always Rings Twice,James M. Cain,The Postman Always Rings Twice (1934),2 hrs 50 mins,170,2023-07-05T12:25:16,2005-04-06,Harper,com.plexapp.agents.audnexus://B002VA9AZS_us?lang=en,921,com.plexapp.agents.audnexus://B000APBEEQ?lang=en
5207,5208,Rotherweird,"Rotherweird, Book 1 - Rotherweird",Andrew Caldecott,Rotherweird (2017) [Rotherweird 1],16 hrs 15 mins,975,2024-07-02T14:14:18,2017-06-22,Arcadia,com.plexapp.agents.audnexus://B071WT4429_us?lang=en,5206,com.plexapp.agents.audnexus://B01HYF88HA?lang=en
8676,8677,Wyntertide,"Rotherweird, Book 2 - Wyntertide",Andrew Caldecott,Wyntertide (2018) [Rotherweird 2],16 hrs 58 mins,1018,2025-10-08T21:35:04,2018-05-31,Arcadia,com.plexapp.agents.audnexus://B07B57Q5ZR_us?lang=en,5206,com.plexapp.agents.audnexus://B01HYF88HA?lang=en
2282,2283,Master of Sorrows,"Silent Gods Series, Book 1 - Master of Sorrows",Justin Travis Call,Master of Sorrows (2019) [Silent Gods Series 1],19 hrs 17 mins,1157,2023-04-14T23:21:23,2020-02-25,Blackstone Publishing,com.plexapp.agents.audnexus://1982592478_us?lang=en,2281,com.plexapp.agents.audnexus://B07LB494B6?lang=en
6996,6997,American Predator,American Predator,Maureen Callahan,American Predator (2019),9 hrs 4 mins,544,2025-02-01T22:45:48,2019-07-02,Penguin Audio,com.plexapp.agents.audnexus://1984889508_us?lang=en,5267,com.plexapp.agents.audnexus://B004TB4BMO?lang=en
5268,5269,Ask Not,Ask Not,Maureen Callahan,Ask Not (2024),11 hrs 18 mins,678,2024-07-11T00:07:43,2024-07-02,"Little, Brown & Company",com.plexapp.agents.audnexus://B0CNBPP5T4_us?lang=en,5267,com.plexapp.agents.audnexus://B004TB4BMO?lang=en
1124,1125,If on a Winter's Night a Traveler,If on a Winter's Night a Traveler,Italo Calvino,If on a Winter's Night a Traveler (1979),9 hrs 58 mins,598,2023-06-16T19:12:02,2017-07-31,Recorded Books,com.plexapp.agents.audnexus://B074CHKVFT_us?lang=en,1123,com.plexapp.agents.audnexus://B000APTNLC?lang=en
1126,1127,Invisible Cities,Invisible Cities,Italo Calvino,Invisible Cities (1972),2 hrs 47 mins,167,2023-04-24T21:10:59,2022-02-10,Mariner Books,com.plexapp.agents.audnexus://B09RRKTNNP_us?lang=en,1123,com.plexapp.agents.audnexus://B000APTNLC?lang=en
6820,6821,The Complete Cosmicomics,The Complete Cosmicomics,Italo Calvino,The Complete Cosmicomics (2017),15 hrs 10 mins,910,2025-01-09T23:13:47,2017-11-07,Recorded Books,com.plexapp.agents.audnexus://B07775S2TG_us?lang=en,1123,com.plexapp.agents.audnexus://B000APTNLC?lang=en
3420,3421,The Initiate,The Initiate,James L. Cambias,The Initiate (2020),9 hrs 40 mins,580,2023-03-28T09:59:20,2021-04-06,Tantor Audio,com.plexapp.agents.audnexus://1705296300_us?lang=en,3419,com.plexapp.agents.audnexus://B00EAC1Q84?lang=en
1186,1187,Artifact Space,"Arcana Imperii, Book 1 - Artifact Space",Miles Cameron,Artifact Space (2021),16 hrs 52 mins,1012,2023-06-13T00:22:10,2021-06-24,Gollancz,com.plexapp.agents.audnexus://1473232635_us?lang=en,1181,com.plexapp.agents.audnexus://B00CF5K7RE?lang=en
1184,1185,Against All Gods,"The Age of Bronze, Book 1 - Against All Gods",Miles Cameron,Against All Gods (2022) [The Age of Bronze 1],17 hrs 21 mins,1041,2023-06-13T13:13:12,2022-06-23,Gollancz,com.plexapp.agents.audnexus://B09S55ZPY7_us?lang=en,1181,com.plexapp.agents.audnexus://B00CF5K7RE?lang=en
1182,1183,The Red Knight,"The Traitor Son Cycle, Book 1 - The Red Knight",Miles Cameron,The Red Knight (2013) [The Traitor Son Cycle 1],1 day 6 hrs 33 mins,1833,2023-06-13T13:13:46,2013-01-22,Hachette Audio,com.plexapp.agents.audnexus://B00B02ZRSM_us?lang=en,1181,com.plexapp.agents.audnexus://B00CF5K7RE?lang=en
2239,2240,The Hero with a Thousand Faces,The Hero with a Thousand Faces,Joseph Campbell,The Hero with a Thousand Faces (2008) [The Collected Works of Joseph Campbell ],14 hrs 38 mins,878,2023-04-14T23:50:48,2016-02-03,Brilliance Audio,com.plexapp.agents.audnexus://B01BFBXYA0_us?lang=en,2238,com.plexapp.agents.audnexus://B000AQ33DK?lang=en
7028,7029,Dead in the Water,Dead in the Water,"Matthew Campbell, Kit Chellel",Dead in the Water (2022),9 hrs 22 mins,562,2025-02-08T22:45:53,2022-05-03,Penguin Audio,com.plexapp.agents.audnexus://0593509609_us?lang=en,7027,com.plexapp.agents.audnexus://B097NSZTPH?lang=en
3377,3378,The Scottish Boy,The Scottish Boy,Alex de Campi,The Scottish Boy (2022),15 hrs 51 mins,951,2023-03-28T14:48:06,2022-06-03,Saga Egmont,com.plexapp.agents.audnexus://B0B343JGR4_us?lang=en,3376,com.plexapp.agents.audnexus://B00NCHKE6I?lang=en
3112,3113,The Stranger,The Stranger,Albert Camus,The Stranger (1988),3 hrs 28 mins,208,2023-03-28T22:20:52,2005-05-19,Recorded Books,com.plexapp.agents.audnexus://B002V0RMBM_us?lang=en,3111,com.plexapp.agents.audnexus://B000AQ541E?lang=en
527,528,The Archive Undying,"The Downworld Sequence, Book 1 - The Archive Undying",Emma Mieko Candon,The Archive Undying (2023) [The Downworld Sequence 1],16 hrs 29 mins,989,2023-09-13T13:38:12,2023-06-27,Macmillan Audio,com.plexapp.agents.audnexus://B0BFFLWTXB_us?lang=en,526,com.plexapp.agents.audnexus://B095V5Y6K3?lang=en
615,616,Antiquity,Antiquity,Norman F. Cantor,Antiquity (2021),10 hrs 24 mins,624,2023-09-05T21:10:20,2021-03-16,Tantor Media,com.plexapp.agents.audnexus://1705297749_us?lang=en,614,com.plexapp.agents.audnexus://B000APMQ7A?lang=en
4733,4734,The Murder Room,The Murder Room,Michael Capuzzo,The Murder Room (2010),15 hrs 1 min,901,2024-05-23T23:17:29,2010-08-13,Simon & Schuster Audio,com.plexapp.agents.audnexus://B003Z9IB72_us?lang=en,4732,com.plexapp.agents.audnexus://B0034PDI0M?lang=en
7039,7040,Wyrms,Wyrms,Orson Scott Card,Wyrms (2008),11 hrs 32 mins,692,2025-02-10T15:52:12,2008-02-29,"Blackstone Audio, Inc.",com.plexapp.agents.audnexus://B002V8MNZE_us?lang=en,7038,com.plexapp.agents.audnexus://B000AQ3SS0?lang=en
5340,5341,Inscape,"Inscape, Book 1 - Inscape",Louise Carey,Inscape (2021) [Inscape 1],13 hrs 36 mins,816,2024-07-16T22:48:34,2021-01-21,Gollancz,com.plexapp.agents.audnexus://1473230055_us?lang=en,5339,com.plexapp.agents.audnexus://B00JKR2OVW?lang=en
1592,1593,Infinity Gate,"Pandominion, Book 1 - Infinity Gate",M. R. Carey,Infinity Gate (2023),16 hrs 52 mins,1012,2023-05-02T09:07:19,2023-03-28,Orbit,com.plexapp.agents.audnexus://B0B8453CW2_us?lang=en,1591,com.plexapp.agents.audnexus://B00NGCIG46?lang=en
1594,1595,The Book of Koli,"The Rampart Trilogy, Book 1 - The Book of Koli",M. R. Carey,The Book of Koli (2020) [The Rampart Trilogy 1],14 hrs 14 mins,854,2023-03-28T22:35:48,2020-04-14,Orbit,com.plexapp.agents.audnexus://1549182749_us?lang=en,1591,com.plexapp.agents.audnexus://B00NGCIG46?lang=en
4703,4704,Pockets,Pockets,Hannah Carlson,Pockets (2023),6 hrs 39 mins,399,2024-05-23T06:25:19,2023-09-12,Algonquin Books,com.plexapp.agents.audnexus://B0BZX2MD1T_us?lang=en,4702,com.plexapp.agents.audnexus://B001JP0OI8?lang=en
2451,2452,The Power Broker,The Power Broker,Robert A. Caro,The Power Broker (1975),2 days 18 hrs 13 mins,3973,2023-03-28T09:50:02,2011-05-20,Random House Audio,com.plexapp.agents.audnexus://B0051JH67K_us?lang=en,2444,com.plexapp.agents.audnexus://B000AP80S4?lang=en
2447,2448,The Path to Power,"The Years of Lyndon Johnson, Book 1 - The Path to Power",Robert A. Caro,The Path to Power (1981) [The Years of Lyndon Johnson 1],1 day 14 hrs 45 mins,2325,2023-04-11T22:55:59,2013-12-10,Audible Studios,com.plexapp.agents.audnexus://B00GS3VI0Y_us?lang=en,2444,com.plexapp.agents.audnexus://B000AP80S4?lang=en
2449,2450,Means of Ascent,"The Years of Lyndon Johnson, Book 2 - Means of Ascent",Robert A. Caro,Means of Ascent (1990) [The Years of Lyndon Johnson 2],20 hrs 3 mins,1203,2023-04-11T22:55:03,2013-12-10,Audible Studios,com.plexapp.agents.audnexus://B00GS3UI9G_us?lang=en,2444,com.plexapp.agents.audnexus://B000AP80S4?lang=en
2445,2446,Master of the Senate,"The Years of Lyndon Johnson, Book 3.1 - Master of the Senate",Robert A. Caro,Master of the Senate (2002) [The Years of Lyndon Johnson 3.1],2 days 5 hrs 56 mins,3236,2023-04-12T08:52:49,2005-08-01,Random House Audio,com.plexapp.agents.audnexus://B002VA98WI_us?lang=en,2444,com.plexapp.agents.audnexus://B000AP80S4?lang=en
4314,4315,The Alienist,"Laszlo Kreizler and John Schuyler Moore, Book 1 - The Alienist",Caleb Carr,The Alienist (1994) [Laszlo Kreizler and John Schuyler Moore 1],20 hrs 2 mins,1202,2023-03-22T12:11:25,2012-11-06,Simon & Schuster Audio,com.plexapp.agents.audnexus://B009YATLQG_us?lang=en,4313,com.plexapp.agents.audnexus://B00LZX9ZQ6?lang=en
8888,8889,Superbloom,Superbloom,Nicholas Carr,Superbloom (2025),9 hrs 31 mins,571,2025-12-02T16:50:59,2025-01-28,Recorded Books,com.plexapp.agents.audnexus://B0D9C86GKJ_us?lang=en,8887,com.plexapp.agents.audnexus://B001JS2HYY?lang=en
6853,6854,Miss May Does Not Exist,Miss May Does Not Exist,Carrie Courogen,Miss May Does Not Exist (2024),13 hrs 54 mins,834,2025-01-11T09:25:20,2024-06-04,Dreamscape Media,com.plexapp.agents.audnexus://B0CVSJZ7DN_us?lang=en,6852,local://6852
3887,3888,Soulless,"The Parasol Protectorate, Book 1 - Soulless",Gail Carriger,Soulless (2017) [The Parasol Protectorate 1],10 hrs 49 mins,649,2023-03-28T10:04:15,2017-09-26,Orbit,com.plexapp.agents.audnexus://B075RQ2SVX_us?lang=en,3884,com.plexapp.agents.audnexus://B002BML6TE?lang=en
3893,3894,Changeless,"The Parasol Protectorate, Book 2 - Changeless",Gail Carriger,Changeless (2017) [The Parasol Protectorate 2],10 hrs 34 mins,634,2023-03-23T15:09:15,2017-09-26,Hachette Audio,com.plexapp.agents.audnexus://B075THJX4X_us?lang=en,3884,com.plexapp.agents.audnexus://B002BML6TE?lang=en
3891,3892,Blameless,"The Parasol Protectorate, Book 3 - Blameless",Gail Carriger,Blameless (2017) [The Parasol Protectorate 3],12 hrs,720,2023-03-28T10:03:02,2017-09-26,Hachette Audio,com.plexapp.agents.audnexus://B075THY9ZB_us?lang=en,3884,com.plexapp.agents.audnexus://B002BML6TE?lang=en
3889,3890,Heartless,"The Parasol Protectorate, Book 4 - Heartless",Gail Carriger,Heartless (2011) [The Parasol Protectorate 4],11 hrs 23 mins,683,2023-03-28T10:03:45,2011-07-01,Hachette Audio,com.plexapp.agents.audnexus://B0057IA4UG_us?lang=en,3884,com.plexapp.agents.audnexus://B002BML6TE?lang=en
3885,3886,Timeless,"The Parasol Protectorate, Book 5 - Timeless",Gail Carriger,Timeless (2012) [The Parasol Protectorate 5],11 hrs 26 mins,686,2023-03-28T10:08:45,2012-03-01,Hachette Audio,com.plexapp.agents.audnexus://B007EHJQQG_us?lang=en,3884,com.plexapp.agents.audnexus://B002BML6TE?lang=en
1948,1949,Royal Pains,Royal Pains,Leslie Carroll,Royal Pains (2011),14 hrs 50 mins,890,2023-04-24T12:28:24,2022-10-11,Blackstone Publishing,com.plexapp.agents.audnexus://B0B5FH3TXH_us?lang=en,1947,com.plexapp.agents.audnexus://B001HMSPFW?lang=en
9330,9331,There Will Be Fire,There Will Be Fire,Rory Carroll,There Will Be Fire (2023),14 hrs 7 mins,847,2026-04-09T16:31:25,2023-04-04,Penguin Audio,com.plexapp.agents.audnexus://B0B9NZK8Z5_us?lang=en,9329,com.plexapp.agents.audnexus://B00AFCZ9WM?lang=en
5129,5130,Solenoid,Solenoid,"Mircea Cărtărescu, Sean Cotter - translator",Solenoid (2023),1 day 10 hrs 4 mins,2044,2024-06-22T12:15:14,2023-02-14,Tantor Audio,com.plexapp.agents.audnexus://B0BTKKKRSR_us?lang=en,5128,com.plexapp.agents.audnexus://B004N7AXJE?lang=en
6726,6727,Black Venus,Black Venus,Angela Carter,Black Venus (2018),4 hrs 1 min,241,2024-12-23T17:12:05,2018-03-01,Audible Studios,com.plexapp.agents.audnexus://B079YD1LCF_us?lang=en,5887,com.plexapp.agents.audnexus://B000APF7OY?lang=en
6724,6725,Heroes and Villains,Heroes and Villains,Angela Carter,Heroes and Villains (2018),6 hrs 29 mins,389,2024-12-23T17:12:05,2018-03-01,Audible Studios,com.plexapp.agents.audnexus://B079YWTVVC_us?lang=en,5887,com.plexapp.agents.audnexus://B000APF7OY?lang=en
5888,5889,The Bloody Chamber,The Bloody Chamber,Angela Carter,The Bloody Chamber (2018),7 hrs 2 mins,422,2024-09-09T21:02:55,2018-03-15,Audible Studios,com.plexapp.agents.audnexus://B07B5GF26C_us?lang=en,5887,com.plexapp.agents.audnexus://B000APF7OY?lang=en
6722,6723,The Infernal Desire Machines of Doctor Hoffman,The Infernal Desire Machines of Doctor Hoffman,Angela Carter,The Infernal Desire Machines of Doctor Hoffman (2018),12 hrs 22 mins,742,2024-12-23T17:12:05,2018-03-01,Audible Studios,com.plexapp.agents.audnexus://B079YG5WB9_us?lang=en,5887,com.plexapp.agents.audnexus://B000APF7OY?lang=en
6737,6738,The Passion of New Eve,The Passion of New Eve,Angela Carter,The Passion of New Eve (2018),8 hrs 46 mins,526,2024-12-24T22:27:03,2018-03-01,Audible Studios,com.plexapp.agents.audnexus://B07B1GPH7C_us?lang=en,5887,com.plexapp.agents.audnexus://B000APF7OY?lang=en
8920,8921,Beauty in the Blood,Beauty in the Blood,Charlotte Carter,Beauty in the Blood (2025),8 hrs 27 mins,507,2026-01-05T11:02:45,2025-02-11,Random House Audio,com.plexapp.agents.audnexus://B0D5Z3H3GC_us?lang=en,8919,com.plexapp.agents.audnexus://B001JS37EI?lang=en
8622,8623,The Tethered Mage,"Swords and Fire, Book 1 - The Tethered Mage",Melissa Caruso,The Tethered Mage (2017) [Swords and Fire 1],14 hrs 16 mins,856,2025-09-05T15:07:41,2017-11-09,Hachette Audio,com.plexapp.agents.audnexus://B0779J12NB_us?lang=en,3907,com.plexapp.agents.audnexus://B074N139RQ?lang=en
3910,3911,The Obsidian Tower,"The Rooks and Ruin Series, Book 1 - The Obsidian Tower",Melissa Caruso,The Obsidian Tower (2020) [The Rooks and Ruin Series 1],14 hrs 29 mins,869,2023-03-23T01:21:03,2020-10-20,Blackstone Publishing,com.plexapp.agents.audnexus://1799969673_us?lang=en,3907,com.plexapp.agents.audnexus://B074N139RQ?lang=en
3908,3909,The Quicksilver Court,"The Rooks and Ruin Series, Book 2 - The Quicksilver Court",Melissa Caruso,The Quicksilver Court (2021) [The Rooks and Ruin Series 2],16 hrs 37 mins,997,2023-03-23T01:21:31,2021-10-12,Blackstone Publishing,com.plexapp.agents.audnexus://1799969754_us?lang=en,3907,com.plexapp.agents.audnexus://B074N139RQ?lang=en
9217,9218,These Shattered Spires,These Shattered Spires,Cassidy Ellis Salter,These Shattered Spires (2026) [Wyrdos ],14 hrs 41 mins,881,2026-03-26T10:31:12,2026-03-10,Bloomsbury YA,com.plexapp.agents.audnexus://B0FQJKZXCD_us?lang=en,9216,local://9216
347,348,The Malevolent Seven,"Malevolent Seven, Book 1 - The Malevolent Seven",Sebastien de Castell,The Malevolent Seven (2023-05-11),11 hrs 53 mins,713,2023-12-14T21:01:00,2023-05-11,Arcadia,com.plexapp.agents.audnexus://B0BB3G3RXM_us?lang=en,346,com.plexapp.agents.audnexus://B00DUTTKJ0?lang=en
357,358,Way of the Argosi,"Spellslinger, Book 0.5 - Way of the Argosi",Sebastien de Castell,Way of the Argosi (2021) [Spellslinger 0.5],11 hrs 47 mins,707,2023-06-13T00:22:46,2021-11-16,Blackstone Publishing,com.plexapp.agents.audnexus://B09BK8428Q_us?lang=en,346,com.plexapp.agents.audnexus://B00DUTTKJ0?lang=en
355,356,Spellslinger,"Spellslinger, Book 1 - Spellslinger",Sebastien de Castell,Spellslinger (2017) [Spellslinger 1],10 hrs 59 mins,659,2023-06-13T21:29:50,2018-07-19,Hachette Audio,com.plexapp.agents.audnexus://B07FP5RP2J_us?lang=en,346,com.plexapp.agents.audnexus://B00DUTTKJ0?lang=en
349,350,Shadowblack,"Spellslinger, Book 2 - Shadowblack",Sebastien de Castell,Shadowblack (2018) [Spellslinger 2],9 hrs 36 mins,576,2023-08-09T01:14:33,2018-08-21,Hachette Audio,com.plexapp.agents.audnexus://1549116436_us?lang=en,346,com.plexapp.agents.audnexus://B00DUTTKJ0?lang=en
353,354,Charmcaster,"Spellslinger, Book 3 - Charmcaster",Sebastien de Castell,Charmcaster (2018) [Spellslinger 3],11 hrs 42 mins,702,2023-08-09T00:18:09,2018-09-18,Hachette Audio,com.plexapp.agents.audnexus://1549116460_us?lang=en,346,com.plexapp.agents.audnexus://B00DUTTKJ0?lang=en
351,352,Soulbinder,"Spellslinger, Book 4 - Soulbinder",Sebastien de Castell,Soulbinder (2018) [Spellslinger 4],11 hrs 36 mins,696,2023-08-09T01:14:14,2018-12-04,Hachette Audio,com.plexapp.agents.audnexus://B07L4BVKBR_us?lang=en,346,com.plexapp.agents.audnexus://B00DUTTKJ0?lang=en
365,366,Traitor's Blade,"The Greatcoats, Book 1 - Traitor's Blade",Sebastien de Castell,Traitor's Blade (2014) [The Greatcoats 1],12 hrs 52 mins,772,2023-06-13T21:23:32,2017-12-26,Tantor Audio,com.plexapp.agents.audnexus://B078GY41MC_us?lang=en,346,com.plexapp.agents.audnexus://B00DUTTKJ0?lang=en
361,362,Knight's Shadow,"The Greatcoats, Book 2 - Knight's Shadow",Sebastien de Castell,Knight's Shadow (2017) [The Greatcoats 2],20 hrs 6 mins,1206,2023-08-09T00:25:00,2018-01-24,Tantor Audio,com.plexapp.agents.audnexus://B078XM52HN_us?lang=en,346,com.plexapp.agents.audnexus://B00DUTTKJ0?lang=en
359,360,Saint's Blood,"The Greatcoats, Book 3 - Saint's Blood",Sebastien de Castell,Saint's Blood (2018) [The Greatcoats 3],18 hrs 34 mins,1114,2023-08-09T01:12:32,2018-02-13,Tantor Audio,com.plexapp.agents.audnexus://B079JVXMQ4_us?lang=en,346,com.plexapp.agents.audnexus://B00DUTTKJ0?lang=en
363,364,Tyrant's Throne,"The Greatcoats, Book 4 - Tyrant's Throne",Sebastien de Castell,Tyrant's Throne (2018) [The Greatcoats 4],19 hrs 50 mins,1190,2023-08-08T23:55:29,2018-03-06,Tantor Audio,com.plexapp.agents.audnexus://B07B6JFRHP_us?lang=en,346,com.plexapp.agents.audnexus://B00DUTTKJ0?lang=en
6451,6452,Secret Lives,"Secret Lives, Book 1 - Secret Lives",Mark De Castrique,Secret Lives (2022) [Secret Lives 1],8 hrs 3 mins,483,2024-10-31T19:04:46,2022-10-11,"Dreamscape Media, LLC",com.plexapp.agents.audnexus://B0B6248Z5M_us?lang=en,6450,com.plexapp.agents.audnexus://B001JP7XDW?lang=en
3528,3529,The Vorrh,"The Vorrh Trilogy, Book 1 - The Vorrh",Brian Catling,The Vorrh (2015) [The Vorrh Trilogy 1],17 hrs 19 mins,1039,2023-03-27T02:55:00,2015-04-28,Random House Audio,com.plexapp.agents.audnexus://B00WHF2M70_us?lang=en,3527,com.plexapp.agents.audnexus://B001KMEVAM?lang=en
3872,3873,The Autobiography of Benvenuto Cellini,The Autobiography of Benvenuto Cellini,Benvenuto Cellini,The Autobiography of Benvenuto Cellini (1563),15 hrs 36 mins,936,2023-03-23T16:49:28,2006-12-13,"Blackstone Audio, Inc.",com.plexapp.agents.audnexus://B002V1LU7S_us?lang=en,3871,com.plexapp.agents.audnexus://B001ITXLNK?lang=en
2202,2203,The Adventures of Amina al-Sirafi,"Amina al-Sirafi, Book 1 - The Adventures of Amina al-Sirafi",Shannon Chakraborty,The Adventures of Amina al-Sirafi (2023),17 hrs,1020,2023-04-18T22:56:53,2023-02-28,Harper Voyager,com.plexapp.agents.audnexus://B0B4BQDWR7_us?lang=en,2201,com.plexapp.agents.audnexus://B0B437C45P?lang=en
584,585,The Bad Popes,The Bad Popes,E.R. Chamberlin,The Bad Popes (2020),11 hrs 3 mins,663,2023-09-05T21:21:44,2020-11-24,Tantor Audio,com.plexapp.agents.audnexus://1705276229_us?lang=en,583,com.plexapp.agents.audnexus://B001HPDK6S?lang=en
6527,6528,The Sack of Rome,The Sack of Rome,E.R. Chamberlin,The Sack of Rome (2023),9 hrs 56 mins,596,2024-11-10T22:50:04,2023-02-07,Tantor Audio,com.plexapp.agents.audnexus://B0BT1CSMJ8_us?lang=en,583,com.plexapp.agents.audnexus://B001HPDK6S?lang=en
6610,6611,"The Long Way to a Small, Angry Planet","Wayfarers, Book 1 - The Long Way to a Small, Angry Planet",Becky Chambers,"The Long Way to a Small, Angry Planet (2019) [Wayfarers 1]",14 hrs 24 mins,864,2024-12-01T22:22:20,2019-05-21,Harper Voyager,com.plexapp.agents.audnexus://0062969536_us?lang=en,6607,com.plexapp.agents.audnexus://B00LUQWGAU?lang=en
6608,6609,A Closed and Common Orbit,"Wayfarers, Book 2 - A Closed and Common Orbit",Becky Chambers,A Closed and Common Orbit (2019) [Wayfarers 2],11 hrs 30 mins,690,2024-12-01T22:22:20,2019-05-21,Harper Voyager,com.plexapp.agents.audnexus://0062969560_us?lang=en,6607,com.plexapp.agents.audnexus://B00LUQWGAU?lang=en
2789,2790,Gentleman Wolf,"Capital Wolves, Book 1 - Gentleman Wolf",Joanna Chambers,Gentleman Wolf (2019) [Capital Wolves 1],8 hrs 38 mins,518,2023-03-29T01:05:52,2021-07-01,Joanna Chambers,com.plexapp.agents.audnexus://B098BSBCX7_us?lang=en,2786,com.plexapp.agents.audnexus://B00MB8JFDM?lang=en
4421,4422,Master Wolf,"Capital Wolves, Book 2 - Master Wolf",Joanna Chambers,Master Wolf (2021) [Capital Wolves 2],9 hrs 7 mins,547,2024-04-18T12:49:35,2021-07-12,Joanna Chambers,com.plexapp.agents.audnexus://B0992LYHZR_us?lang=en,2786,com.plexapp.agents.audnexus://B00MB8JFDM?lang=en
3074,3075,Total Creative Control,"Creative Types, Book 1 - Total Creative Control",Joanna Chambers,Total Creative Control (2021) [Creative Types 1],9 hrs 26 mins,566,2023-03-28T23:35:19,2023-02-27,Joanna Chambers,com.plexapp.agents.audnexus://B0BWSMB37N_us?lang=en,2786,com.plexapp.agents.audnexus://B00MB8JFDM?lang=en
2791,2792,Provoked,"Enlightenment, Book 1 - Provoked",Joanna Chambers,Provoked (2013) [Enlightenment 1],5 hrs 53 mins,353,2023-03-23T16:46:35,2017-08-14,Joanna Chambers,com.plexapp.agents.audnexus://B074RD4YFV_us?lang=en,2786,com.plexapp.agents.audnexus://B00MB8JFDM?lang=en
2793,2794,Beguiled,"Enlightenment, Book 2 - Beguiled",Joanna Chambers,Beguiled (2013) [Enlightenment 2],6 hrs 34 mins,394,2023-03-22T13:07:52,2017-11-08,Joanna Chambers,com.plexapp.agents.audnexus://B0777GS1PQ_us?lang=en,2786,com.plexapp.agents.audnexus://B00MB8JFDM?lang=en
2795,2796,Enlightened,"Enlightenment, Book 3 - Enlightened",Joanna Chambers,Enlightened (2014) [Enlightenment 3],6 hrs 25 mins,385,2023-03-22T12:27:33,2017-12-01,Joanna Chambers,com.plexapp.agents.audnexus://B077TZQWGW_us?lang=en,2786,com.plexapp.agents.audnexus://B00MB8JFDM?lang=en
5164,5165,A Gathering Storm,"Porthkennack, Book 2 - A Gathering Storm",Joanna Chambers,A Gathering Storm (2022) [Porthkennack 2],7 hrs 50 mins,470,2024-06-26T16:43:08,2022-09-12,Riptide Publishing,com.plexapp.agents.audnexus://B0BDSXNBYT_us?lang=en,2786,com.plexapp.agents.audnexus://B00MB8JFDM?lang=en
2787,2788,Unforgivable,Unforgivable,Joanna Chambers,Unforgivable (2017),10 hrs 13 mins,613,2023-03-29T18:53:22,2018-03-27,Tantor Media,com.plexapp.agents.audnexus://B07BDQ4W8M_us?lang=en,2786,com.plexapp.agents.audnexus://B00MB8JFDM?lang=en
2442,2443,The King in Yellow (AmazonClassics Edition),The King in Yellow (AmazonClassics Edition),Robert W. Chambers,The King in Yellow (AmazonClassics Edition) (2019),8 hrs 55 mins,535,2023-04-11T22:58:20,2019-08-27,Brilliance Audio,com.plexapp.agents.audnexus://1799718727_us?lang=en,2441,com.plexapp.agents.audnexus://B001HOHIAS?lang=en
5455,5456,Devil Take the Hindmost,Devil Take the Hindmost,Edward Chancellor,Devil Take the Hindmost (2019),13 hrs 30 mins,810,2024-07-25T09:24:41,2019-02-26,Tantor Audio,com.plexapp.agents.audnexus://197733105X_us?lang=en,5454,com.plexapp.agents.audnexus://B001ITX52C?lang=en
5108,5109,Rakesfall,Rakesfall,Vajra Chandrasekera,Rakesfall (2024),8 hrs 57 mins,537,2024-06-19T13:12:53,2024-06-18,Dreamscape Lore,com.plexapp.agents.audnexus://B0CWB43YSR_us?lang=en,861,com.plexapp.agents.audnexus://B00I8KPP2W?lang=en
862,863,The Saint of Bright Doors,The Saint of Bright Doors,Vajra Chandrasekera,The Saint of Bright Doors (2023),12 hrs 21 mins,741,2023-07-11T08:47:37,2023-07-11,Macmillan Audio,com.plexapp.agents.audnexus://B0BFG7G5Q7_us?lang=en,861,com.plexapp.agents.audnexus://B00I8KPP2W?lang=en
3009,3010,Bad Samaritans,Bad Samaritans,Ha-Joon Chang,Bad Samaritans (2007),9 hrs 15 mins,555,2023-03-29T11:24:06,2008-09-18,Brilliance Audio ,com.plexapp.agents.audnexus://B002V5H6G8_us?lang=en,3008,com.plexapp.agents.audnexus://B001HOFPKS?lang=en
3011,3012,Economics,Economics,Ha-Joon Chang,Economics (2014),11 hrs 19 mins,679,2023-03-22T12:25:51,2021-08-24,Bloomsbury Publishing Plc,com.plexapp.agents.audnexus://1635579511_us?lang=en,3008,com.plexapp.agents.audnexus://B001HOFPKS?lang=en
4686,4687,Edible Economics,Edible Economics,Ha-Joon Chang,Edible Economics (2023),6 hrs 4 mins,364,2024-05-16T06:05:34,2023-01-17,PublicAffairs,com.plexapp.agents.audnexus://B0B848674V_us?lang=en,3008,com.plexapp.agents.audnexus://B001HOFPKS?lang=en
3525,3526,Peter Darling,Peter Darling,Austin Chant,Peter Darling (2017),5 hrs 51 mins,351,2023-03-27T02:55:26,2017-08-14,"Less Than Three Press, LLC",com.plexapp.agents.audnexus://B074Q1SMYN_us?lang=en,3524,com.plexapp.agents.audnexus://B01NBP20YW?lang=en
1470,1471,The Magpie Lord,"A Charm of Magpies, Book 1 - The Magpie Lord",KJ Charles,The Magpie Lord (2013) [A Charm of Magpies 1],6 hrs 25 mins,385,2023-03-27T21:30:52,2018-01-26,Audible Studios,com.plexapp.agents.audnexus://B0798X48JK_us?lang=en,1457,com.plexapp.agents.audnexus://B00DJ3R418?lang=en
1476,1477,A Case of Possession,"A Charm of Magpies, Book 2 - A Case of Possession",KJ Charles,A Case of Possession (2014) [A Charm of Magpies 2],6 hrs 3 mins,363,2023-03-27T02:56:03,2018-01-26,Audible Studios,com.plexapp.agents.audnexus://B0798XV5M9_us?lang=en,1457,com.plexapp.agents.audnexus://B00DJ3R418?lang=en
1474,1475,Flight of Magpies,"A Charm of Magpies, Book 3 - Flight of Magpies",KJ Charles,Flight of Magpies (2014) [A Charm of Magpies 3],6 hrs 25 mins,385,2023-03-27T02:56:51,2018-01-26,Audible Studios,com.plexapp.agents.audnexus://B07995JX7H_us?lang=en,1457,com.plexapp.agents.audnexus://B00DJ3R418?lang=en
1460,1461,A Thief in the Night,A Thief in the Night,KJ Charles,A Thief in the Night (2022),2 hrs 45 mins,165,2023-04-14T23:25:50,2022-10-13,Audible Originals,com.plexapp.agents.audnexus://B0BF183934_us?lang=en,1457,com.plexapp.agents.audnexus://B00DJ3R418?lang=en
8667,8668,All of Us Murderers,All of Us Murderers,KJ Charles,All of Us Murderers (2025),8 hrs 23 mins,503,2025-10-08T20:22:36,2025-10-07,Sourcebooks,com.plexapp.agents.audnexus://B0DWC3S8F5_us?lang=en,1457,com.plexapp.agents.audnexus://B00DJ3R418?lang=en
1478,1479,Band Sinister,Band Sinister,KJ Charles,Band Sinister (2018),7 hrs 59 mins,479,2023-03-22T12:20:01,2019-03-19,Tantor Media,com.plexapp.agents.audnexus://1977338186_us?lang=en,1457,com.plexapp.agents.audnexus://B00DJ3R418?lang=en
4896,4897,Death in the Spires,Death in the Spires,KJ Charles,Death in the Spires (2024),9 hrs 8 mins,548,2024-06-06T23:00:08,2024-04-11,Storm Publishing,com.plexapp.agents.audnexus://B0CYTPZ9ZX_us?lang=en,1457,com.plexapp.agents.audnexus://B00DJ3R418?lang=en
1472,1473,Jackdaw,Jackdaw,KJ Charles,Jackdaw (2015) [A Charm of Magpies ],6 hrs 28 mins,388,2023-03-27T02:58:40,2018-01-26,Audible Studios,com.plexapp.agents.audnexus://B0798ZCFJH_us?lang=en,1457,com.plexapp.agents.audnexus://B00DJ3R418?lang=en
1468,1469,Rag and Bone,Rag and Bone,KJ Charles,Rag and Bone (2016) [Rag and Bone 1],5 hrs 37 mins,337,2023-03-27T21:31:37,2018-01-26,Audible Studios,com.plexapp.agents.audnexus://B0799CXBKK_us?lang=en,1457,com.plexapp.agents.audnexus://B00DJ3R418?lang=en
1462,1463,The Secret Lives of Country Gentlemen,"The Doomsday Books, Book 1 - The Secret Lives of Country Gentlemen",KJ Charles,The Secret Lives of Country Gentlemen (2023) [The Doomsday Books 1],11 hrs 17 mins,677,2023-04-11T22:58:59,2023-03-07,Dreamscape Media,com.plexapp.agents.audnexus://B0BQPJFR4R_us?lang=en,1457,com.plexapp.agents.audnexus://B00DJ3R418?lang=en
1466,1467,The Gentle Art of Fortune Hunting,The Gentle Art of Fortune Hunting,KJ Charles,The Gentle Art of Fortune Hunting (2021),8 hrs 1 min,481,2023-03-28T10:09:10,2021-06-01,Tantor Audio,com.plexapp.agents.audnexus://1666115584_us?lang=en,1457,com.plexapp.agents.audnexus://B00DJ3R418?lang=en
1458,1459,The Henchmen of Zenda,The Henchmen of Zenda,KJ Charles,The Henchmen of Zenda (2018),6 hrs 52 mins,412,2023-05-06T00:11:18,2018-09-04,Tantor Audio,com.plexapp.agents.audnexus://197738918X_us?lang=en,1457,com.plexapp.agents.audnexus://B00DJ3R418?lang=en
1464,1465,Slippery Creatures,"Will Darling Adventures, Book 1 - Slippery Creatures",KJ Charles,Slippery Creatures (2020) [The Will Darling Adventures 1],7 hrs 7 mins,427,2023-03-28T10:09:31,2020-07-21,Tantor Audio,com.plexapp.agents.audnexus://1705237681_us?lang=en,1457,com.plexapp.agents.audnexus://B00DJ3R418?lang=en
4166,4167,Lord Perfect,"Carsington Brothers, Book 3 - Lord Perfect",Loretta Chase,Lord Perfect (2006) [Carsington Brothers 3],10 hrs 8 mins,608,2023-03-22T16:47:32,2015-07-14,NYLA,com.plexapp.agents.audnexus://B010VUQH8W_us?lang=en,4159,com.plexapp.agents.audnexus://B00MDFWHAG?lang=en
4160,4161,Captives of the Night,"Scoundrels, Book 2 - Captives of the Night",Loretta Chase,Captives of the Night (1994) [Scoundrels 2],13 hrs 8 mins,788,2023-03-22T16:48:09,2014-12-23,NYLA,com.plexapp.agents.audnexus://B00QFW5R7S_us?lang=en,4159,com.plexapp.agents.audnexus://B00MDFWHAG?lang=en
4162,4163,Lord of Scoundrels,"Scoundrels, Book 3 - Lord of Scoundrels",Loretta Chase,Lord of Scoundrels (1995) [Scoundrels 3],11 hrs 39 mins,699,2023-03-22T16:47:52,2014-01-29,"Blackstone Audio, Inc.",com.plexapp.agents.audnexus://B00I2U33H2_us?lang=en,4159,com.plexapp.agents.audnexus://B00MDFWHAG?lang=en
4164,4165,The Last Hellion,"Scoundrels, Book 4 - The Last Hellion",Loretta Chase,The Last Hellion (1998) [Scoundrels 4],12 hrs 59 mins,779,2023-03-22T16:18:40,2015-05-12,NYLA,com.plexapp.agents.audnexus://B00X8S0RA4_us?lang=en,4159,com.plexapp.agents.audnexus://B00MDFWHAG?lang=en
2897,2898,Gay New York,Gay New York,George Chauncey,Gay New York (2008),18 hrs 41 mins,1121,2023-03-29T13:22:35,2019-05-21,Hachette Audio,com.plexapp.agents.audnexus://154914832X_us?lang=en,2896,com.plexapp.agents.audnexus://B000APQ7KM?lang=en
4395,4396,Filterworld,Filterworld,Kyle Chayka,Filterworld (2024),11 hrs 57 mins,717,2024-04-18T10:00:27,2024-01-16,Random House Audio,com.plexapp.agents.audnexus://B0C4BT88SM_us?lang=en,4394,com.plexapp.agents.audnexus://B083KH5D9M?lang=en
4377,4378,Fifty-Two Stories,Fifty-Two Stories,Anton Chekhov,Fifty-Two Stories (2020),20 hrs 14 mins,1214,2023-03-22T11:48:40,2020-04-14,Random House Audio,com.plexapp.agents.audnexus://0593169638_us?lang=en,4376,com.plexapp.agents.audnexus://B000AQ1MQK?lang=en
2424,2425,The Chekhov Collection of Short Stories,The Chekhov Collection of Short Stories,Anton Chekhov,The Chekhov Collection of Short Stories (Cop),6 hrs 51 mins,411,2023-04-12T10:03:46,2020-06-11,Audible Studios,com.plexapp.agents.audnexus://B088RKRDS6_us?lang=en,4376,com.plexapp.agents.audnexus://B000AQ1MQK?lang=en
1059,1060,Here and Now and Then,Here and Now and Then,Mike Chen,Here and Now and Then (2019),9 hrs 55 mins,595,2023-06-19T20:53:37,2019-01-29,Harlequin Audio,com.plexapp.agents.audnexus://1488205604_us?lang=en,1058,com.plexapp.agents.audnexus://B07DV37WM8?lang=en
4374,4375,The Art of Logic in an Illogical World,The Art of Logic in an Illogical World,Eugenia Cheng,The Art of Logic in an Illogical World (2018),9 hrs 22 mins,562,2023-03-22T11:49:21,2018-10-12,Hachette Audio,com.plexapp.agents.audnexus://1549114468_us?lang=en,4373,com.plexapp.agents.audnexus://B01DBXIKOA?lang=en
6877,6878,x + y,x + y,Eugenia Cheng,x + y (2020),7 hrs 21 mins,441,2025-01-13T09:48:43,2020-08-25,Hachette Audio,com.plexapp.agents.audnexus://1549183966_us?lang=en,4373,com.plexapp.agents.audnexus://B01DBXIKOA?lang=en
3033,3034,Alexander Hamilton,Alexander Hamilton,Ron Chernow,Alexander Hamilton (2004),1 day 11 hrs 59 mins,2159,2023-03-29T11:16:41,2004-12-26,Penguin Audio,com.plexapp.agents.audnexus://B002UZLEFS_us?lang=en,3032,com.plexapp.agents.audnexus://B000AQ735Y?lang=en
2516,2517,Cyteen,"Cyteen, Book 1-3 - Cyteen",C.J. Cherryh,Cyteen (1988) [Cyteen ],1 day 12 hrs 47 mins,2207,2023-03-23T10:38:43,2012-03-13,Audible Studios,com.plexapp.agents.audnexus://B007IJQ6U4_us?lang=en,2501,com.plexapp.agents.audnexus://B000APR80U?lang=en
2506,2507,Gate of Ivrel,"Morgaine, Book 1 - Gate of Ivrel",C.J. Cherryh,Gate of Ivrel (1976) [Morgaine 1],6 hrs 59 mins,419,2023-04-06T22:59:20,2014-03-18,Audible Studios,com.plexapp.agents.audnexus://B00INDLMCG_us?lang=en,2501,com.plexapp.agents.audnexus://B000APR80U?lang=en
2499,2500,Well of Shiuan,"Morgaine, Book 2 - Well of Shiuan",C.J. Cherryh,Well of Shiuan (1978) [Morgaine 2],9 hrs 5 mins,545,2023-04-06T22:59:49,2014-03-18,Audible Studios,com.plexapp.agents.audnexus://B00IUSFLHQ_us?lang=en,2501,com.plexapp.agents.audnexus://B000APR80U?lang=en
2504,2505,Fires of Azeroth,"Morgaine, Book 3 - Fires of Azeroth",C.J. Cherryh,Fires of Azeroth (1979) [Morgaine 3],9 hrs 7 mins,547,2023-04-06T23:01:54,2014-03-18,Audible Studios,com.plexapp.agents.audnexus://B00IYQW87A_us?lang=en,2501,com.plexapp.agents.audnexus://B000APR80U?lang=en
2502,2503,Exile's Gate,"Morgaine, Book 4 - Exile's Gate",C.J. Cherryh,Exile's Gate (1988) [Morgaine 4],12 hrs 25 mins,745,2023-04-06T23:02:26,2014-03-18,Audible Studios,com.plexapp.agents.audnexus://B00IYQX1OO_us?lang=en,2501,com.plexapp.agents.audnexus://B000APR80U?lang=en
2508,2509,The Faded Sun Trilogy,The Faded Sun Trilogy,C.J. Cherryh,The Faded Sun Trilogy (2000),1 day 6 hrs 31 mins,1831,2023-03-30T00:57:57,2018-12-25,Tantor Audio,com.plexapp.agents.audnexus://B07LB6L9X1_us?lang=en,2501,com.plexapp.agents.audnexus://B000APR80U?lang=en
112,113,Man Who was Thursday,Man Who was Thursday,G. K. Chesterton,The Man Who Was Thursday (2009-01-16),5 hrs 53 mins,353,2024-03-07T09:07:37,2009-01-16,Christian Audio,com.plexapp.agents.audnexus://B002V1O372_us?lang=en,111,com.plexapp.agents.audnexus://B000APF848?lang=en
2221,2222,Exhalation,Exhalation,Ted Chiang,Exhalation (2019),11 hrs 22 mins,682,2023-04-18T22:20:00,2019-05-07,Random House Audio,com.plexapp.agents.audnexus://1984844458_us?lang=en,2220,com.plexapp.agents.audnexus://B001HCZ6OA?lang=en
368,369,Confronting Capitalism,Confronting Capitalism,Vivek Chibber,Confronting Capitalism (2023-08-29),3 hrs 57 mins,237,2023-12-14T21:00:55,2023-08-29,Tantor Audio,com.plexapp.agents.audnexus://B0CG2NXQ5X_us?lang=en,367,com.plexapp.agents.audnexus://B001HD1F58?lang=en
642,643,Last Days of the Concorde,Last Days of the Concorde,Samme Chittum,Last Days of the Concorde (2019),8 hrs 53 mins,533,2023-09-02T12:48:07,2019-02-26,Tantor Media,com.plexapp.agents.audnexus://1977348440_us?lang=en,641,com.plexapp.agents.audnexus://B077X8TWBX?lang=en
264,265,The Fabulist,The Fabulist,Mark Chiusano,The Fabulist (Unabridged) (2023),8 hrs 14 mins,494,2024-01-09T15:15:37,2023-11-28,Simon & Schuster Audio,com.plexapp.agents.audnexus://B0C2ZR7N6D_us?lang=en,263,com.plexapp.agents.audnexus://B00IZK2IHU?lang=en
1069,1070,Black Water Sister,Black Water Sister,Zen Cho,Black Water Sister (2021),11 hrs 41 mins,701,2023-06-19T20:42:54,2021-05-11,Recorded Books,com.plexapp.agents.audnexus://1980036039_us?lang=en,1068,com.plexapp.agents.audnexus://B0087QJ6OA?lang=en
1073,1074,Sorcerer to the Crown,"Sorcerer Royal, Book 1 - Sorcerer to the Crown",Zen Cho,Sorcerer to the Crown (2015) [Sorcerer Royal 1],13 hrs 10 mins,790,2023-06-13T07:26:12,2015-09-01,Recorded Books,com.plexapp.agents.audnexus://B014IG8G20_us?lang=en,1068,com.plexapp.agents.audnexus://B0087QJ6OA?lang=en
1075,1076,The True Queen,"Sorcerer Royal, Book 2 - The True Queen",Zen Cho,The True Queen (2019) [Sorcerer Royal 2],12 hrs 25 mins,745,2023-06-13T00:25:11,2019-03-12,Recorded Books,com.plexapp.agents.audnexus://1501949977_us?lang=en,1068,com.plexapp.agents.audnexus://B0087QJ6OA?lang=en
1071,1072,The Order of the Pure Moon Reflected in Water,The Order of the Pure Moon Reflected in Water,Zen Cho,The Order of the Pure Moon Reflected in Water (2020),3 hrs 58 mins,238,2023-06-19T13:04:55,2020-06-23,Recorded Books,com.plexapp.agents.audnexus://1980081832_us?lang=en,1068,com.plexapp.agents.audnexus://B0087QJ6OA?lang=en
2245,2246,Buddhism for Beginners,Buddhism for Beginners,"Thubten Chodron, His Holiness the Dalai Lama - foreword",Buddhism for Beginners (2001),4 hrs 44 mins,284,2023-04-14T23:25:43,2014-12-09,Audible Studios,com.plexapp.agents.audnexus://B00OL4FJRU_us?lang=en,2244,com.plexapp.agents.audnexus://B000APM652?lang=en
3417,3418,The Gilded Wolves,"The Gilded Wolves, Book 1 - The Gilded Wolves",Roshani Chokshi,The Gilded Wolves (2019) [The Gilded Wolves 1],11 hrs 16 mins,676,2023-03-28T10:14:42,2019-01-15,Macmillan Audio,com.plexapp.agents.audnexus://1250319412_us?lang=en,3416,com.plexapp.agents.audnexus://B014JIF8G4?lang=en
2855,2856,The Essential Chomsky,The Essential Chomsky,"Noam Chomsky, Anthony Arnove - editor",The Essential Chomsky (2008),22 hrs 25 mins,1345,2023-03-29T14:21:21,2014-02-18,Audible Studios,com.plexapp.agents.audnexus://B00IGBWEPY_us?lang=en,2854,com.plexapp.agents.audnexus://B000AP81EC?lang=en
627,628,Flux,Flux,Jinwoo Chong,Flux (2023),9 hrs 9 mins,549,2023-09-05T21:02:18,2023-04-18,Tantor Media,com.plexapp.agents.audnexus://B0BX7F8X9F_us?lang=en,626,com.plexapp.agents.audnexus://B0BYF7CN2D?lang=en
465,466,Disorientation,Disorientation,Elaine Hsieh Chou,Disorientation (2022),11 hrs 46 mins,706,2023-09-27T10:12:21,2022-03-22,Penguin Audio,com.plexapp.agents.audnexus://0593555872_us?lang=en,464,com.plexapp.agents.audnexus://B097QBNPRF?lang=en
7428,7429,Actionable Gamification,Actionable Gamification,Yu-kai Chou,Actionable Gamification (2017),12 hrs 29 mins,749,2025-03-23T15:22:22,2017-03-27,Yu-kai Chou,com.plexapp.agents.audnexus://B06XSWX5NM_us?lang=en,7427,com.plexapp.agents.audnexus://B00WXODB5C?lang=en
4281,4282,Four Arthurian Romances,Four Arthurian Romances,Chrétien de Troyes,Four Arthurian Romances (2017),16 hrs 49 mins,1009,2023-03-22T12:31:39,2017-01-01,,local://4281,4280,plex://artist/5d07bd34403c6402905b0a8f
6279,6280,The History of Information,The History of Information,Chris Haughton,The History of Information (2024),5 hrs 21 mins,321,2024-10-08T09:59:10,2024-09-24,DK Children,com.plexapp.agents.audnexus://B0D84C2VW5_us?lang=en,6278,local://6278
4290,4291,Dostoevsky in Love,Dostoevsky in Love,Alex Christofi,Dostoevsky in Love (2021),8 hrs 18 mins,498,2023-03-22T12:25:05,2022-04-12,Tantor Media,com.plexapp.agents.audnexus://B09WFWB12V_us?lang=en,4289,com.plexapp.agents.audnexus://B00N3ZN2DG?lang=en
4483,4484,American Poly,American Poly,Christopher M. Gleason,American Poly (2024),7 hrs 34 mins,454,2024-04-25T16:49:29,2024-01-23,Tantor Audio,com.plexapp.agents.audnexus://B0CQZ7L9ND_us?lang=en,4482,local://4482
9028,9029,To Catch a Fascist,To Catch a Fascist,Christopher Mathias,To Catch a Fascist (2026),10 hrs 50 mins,650,2026-02-19T15:35:56,2026-02-03,Simon & Schuster Audio,com.plexapp.agents.audnexus://B0FXHRSS17_us?lang=en,9027,local://9027
3409,3410,The Unbroken,"Magic of the Lost, Book 1 - The Unbroken",C. L. Clark,The Unbroken (2021) [Magic of the Lost 1],18 hrs 21 mins,1101,2023-03-28T10:24:48,2021-03-23,Orbit,com.plexapp.agents.audnexus://1549133861_us?lang=en,3408,com.plexapp.agents.audnexus://B079CL9YJ4?lang=en
7953,7954,The Sleepwalkers,The Sleepwalkers,Christopher Clark,The Sleepwalkers (2014),23 hrs 58 mins,1438,2025-05-15T16:34:54,2014-11-25,Tantor Audio,com.plexapp.agents.audnexus://B00PUQLRLA_us?lang=en,7952,com.plexapp.agents.audnexus://B00459VWWC?lang=en
8741,8742,Billionaires' Row,Billionaires' Row,Katherine Clarke,Billionaires' Row (2023),12 hrs 17 mins,737,2025-11-29T21:59:46,2023-06-13,Random House Audio,com.plexapp.agents.audnexus://B0BJ4W1NFQ_us?lang=en,8740,com.plexapp.agents.audnexus://B07BNL542J?lang=en
1649,1650,A Dead Djinn in Cairo,"Dead Djinn Universe, Book 0.5 - A Dead Djinn in Cairo",P. Djèlí Clark,A Dead Djinn in Cairo (2016) [Dead Djinn Universe 0.5],1 hr 42 mins,102,2023-04-30T21:31:13,2019-08-27,Macmillan Audio,com.plexapp.agents.audnexus://1250624460_us?lang=en,1646,com.plexapp.agents.audnexus://B07DFM2K6Y?lang=en
1653,1654,The Haunting of Tram Car 015,"Dead Djinn Universe, Book 0.7 - The Haunting of Tram Car 015",P. Djèlí Clark,The Haunting of Tram Car 015 (2019) [Dead Djinn Universe 0.7],3 hrs 22 mins,202,2023-04-30T21:30:54,2019-02-19,Recorded Books,com.plexapp.agents.audnexus://1980032041_us?lang=en,1646,com.plexapp.agents.audnexus://B07DFM2K6Y?lang=en
1647,1648,A Master of Djinn,"Dead Djinn Universe, Book 1 - A Master of Djinn",P. Djèlí Clark,A Master of Djinn (2021) [Dead Djinn Universe 1],15 hrs 38 mins,938,2023-04-30T21:33:53,2021-05-11,Macmillan Audio,com.plexapp.agents.audnexus://1250807735_us?lang=en,1646,com.plexapp.agents.audnexus://B07DFM2K6Y?lang=en
1651,1652,Ring Shout,Ring Shout,P. Djèlí Clark,Ring Shout (2020),5 hrs 36 mins,336,2023-04-30T21:30:36,2020-10-13,"Recorded Books, Inc.",com.plexapp.agents.audnexus://1980064695_us?lang=en,1646,com.plexapp.agents.audnexus://B07DFM2K6Y?lang=en
7938,7939,The Fountains of Paradise,The Fountains of Paradise,Arthur C. Clarke,The Fountains of Paradise (2009),8 hrs 28 mins,508,2025-05-15T13:05:30,2009-08-25,Audible Studios,com.plexapp.agents.audnexus://B002V8ODZW_us?lang=en,7937,com.plexapp.agents.audnexus://B000APF21M?lang=en
9211,9212,Metal from Heaven,Metal from Heaven,August Clarke,Metal from Heaven (2024),14 hrs 50 mins,890,2026-03-26T09:51:50,2024-10-22,Recorded Books,com.plexapp.agents.audnexus://B0DJRM6DPZ_us?lang=en,9210,com.plexapp.agents.audnexus://B0DK9TMCQ6?lang=en
8282,8283,On War,On War,Carl von Clausewitz,On War (2021),1 day 7 hrs 11 mins,1871,2025-08-02T13:04:14,2021-08-14,Naxos AudioBooks,com.plexapp.agents.audnexus://B09CJDWPY7_us?lang=en,8281,com.plexapp.agents.audnexus://B0052FUP9O?lang=en
477,478,Portrait of an Addict as a Young Man,Portrait of an Addict as a Young Man,Bill Clegg,Portrait of an Addict as a Young Man (2010),4 hrs 54 mins,294,2023-09-16T01:36:59,2010-06-07,Hachette Audio,com.plexapp.agents.audnexus://B003MBHVK6_us?lang=en,476,com.plexapp.agents.audnexus://B00390UCUQ?lang=en
5155,5156,The Cuckoo's Egg,The Cuckoo's Egg,Cliff Stoll,The Cuckoo's Egg (2020),12 hrs 46 mins,766,2024-06-25T10:25:12,2020-01-31,Tantor Audio,com.plexapp.agents.audnexus://1977300472_us?lang=en,5154,local://5154
4349,4350,1177 B.C. (Revised and Updated),1177 B.C. (Revised and Updated),Eric H. Cline,1177 B.C. (Revised and Updated) (2021) [Turning Points in Ancient History ],10 hrs 47 mins,647,2023-03-22T12:03:11,2021-02-02,Princeton University Press,com.plexapp.agents.audnexus://0691224803_us?lang=en,4348,com.plexapp.agents.audnexus://B001HCVOR8?lang=en
3497,3498,14,14,Peter Clines,14 (2012) [Threshold Universe ],12 hrs 35 mins,755,2023-03-28T00:32:35,2012-06-19,Audible Studios,com.plexapp.agents.audnexus://B0089Y7K0M_us?lang=en,3490,com.plexapp.agents.audnexus://B0039LGSLW?lang=en
3495,3496,Dead Moon,Dead Moon,Peter Clines,Dead Moon (2019) [Threshold Universe ],11 hrs 24 mins,684,2023-03-28T10:26:00,2019-02-14,Audible Originals,com.plexapp.agents.audnexus://B07MS6267K_us?lang=en,3490,com.plexapp.agents.audnexus://B0039LGSLW?lang=en
3491,3492,Terminus,Terminus,Peter Clines,Terminus (2020) [Threshold Universe ],11 hrs 22 mins,682,2023-03-28T22:13:32,2020-01-30,Audible Originals,com.plexapp.agents.audnexus://B082MSS5NN_us?lang=en,3490,com.plexapp.agents.audnexus://B0039LGSLW?lang=en
3493,3494,The Fold,The Fold,Peter Clines,The Fold (2015) [Threshold Universe ],10 hrs 53 mins,653,2023-03-28T10:26:12,2015-06-02,Audible Studios,com.plexapp.agents.audnexus://B00W47P4D0_us?lang=en,3490,com.plexapp.agents.audnexus://B0039LGSLW?lang=en
6259,6260,Manuscript Found in Accra,Manuscript Found in Accra,"Paulo Coelho, Margaret Jull Costa - translator",Manuscript Found in Accra (2013),2 hrs 29 mins,149,2024-10-06T09:43:16,2013-04-02,Random House Audio,com.plexapp.agents.audnexus://B00B3YUDYK_us?lang=en,6258,com.plexapp.agents.audnexus://B000AQ3HB8?lang=en
5598,5599,Power Failure,Power Failure,William D. Cohan,Power Failure (202),1 day 4 hrs 17 mins,1697,2024-08-26T21:23:15,2022-11-15,Penguin Audio,com.plexapp.agents.audnexus://B09VLGR436_us?lang=en,5597,com.plexapp.agents.audnexus://B001JS0CX2?lang=en
3118,3119,For a Dollar and a Dream,For a Dollar and a Dream,Jonathan D. Cohen,For a Dollar and a Dream (2022),12 hrs 12 mins,732,2023-03-28T22:13:14,2022-10-11,"HighBridge, a division of Recorded Books",com.plexapp.agents.audnexus://B0BGMKS97R_us?lang=en,3117,com.plexapp.agents.audnexus://B001HCXJ5S?lang=en
4404,4405,The Other Significant Others,The Other Significant Others,Rhaina Cohen,The Other Significant Others (2024),8 hrs 41 mins,521,2024-04-18T10:00:35,2024-02-13,Macmillan Audio,com.plexapp.agents.audnexus://B0C3NDXH81_us?lang=en,4403,com.plexapp.agents.audnexus://B0CGKM96Y7?lang=en
4335,4336,The Privatization of Everything,The Privatization of Everything,"Donald Cohen, Allen Mikaelian",The Privatization of Everything (2021),12 hrs 16 mins,736,2023-03-22T12:06:04,2022-11-29,Tantor Audio,com.plexapp.agents.audnexus://B0BN4VK7Q6_us?lang=en,4334,com.plexapp.agents.audnexus://B08KTKS58G?lang=en
3121,3122,The Warlord Wants Forever,"Immortals After Dark, Book 1 - The Warlord Wants Forever",Kresley Cole,The Warlord Wants Forever (2006) [Immortals After Dark 1],4 hrs 27 mins,267,2023-03-28T22:12:57,2016-09-20,Simon & Schuster Audio,com.plexapp.agents.audnexus://B01LFTNEZM_us?lang=en,3120,com.plexapp.agents.audnexus://B001I9Q6P0?lang=en
7034,7035,Y2K,Y2K,Colette Shade,Y2K (2025),7 hrs 47 mins,467,2025-02-10T11:24:40,2025-01-07,Dey Street Books,com.plexapp.agents.audnexus://B0D3G5JV6P_us?lang=en,7033,local://7033
7652,7653,Capital Condensed,Capital Condensed,Colin Chalmers,Capital Condensed (2024),2 hrs 57 mins,177,2025-05-03T17:01:59,2024-09-05,Beachy Head Press,com.plexapp.agents.audnexus://B0DG71PLMM_us?lang=en,7651,local://7651
3919,3920,The Betrayals,The Betrayals,Bridget Collins,The Betrayals (2021),15 hrs 14 mins,914,2023-03-23T01:18:52,2021-05-18,HarperAudio,com.plexapp.agents.audnexus://0063096595_us?lang=en,3918,com.plexapp.agents.audnexus://B001JP0UMI?lang=en
4214,4215,Basil,Basil,Wilkie Collins,Basil (2022),11 hrs 24 mins,684,2023-03-22T13:06:46,2022-06-17,Naxos AudioBooks,com.plexapp.agents.audnexus://B0B4F6R7JY_us?lang=en,4213,com.plexapp.agents.audnexus://B000APVLTY?lang=en
5964,5965,Character Limit,Character Limit,"Kate Conger, Ryan Mac",Character Limit (2024),15 hrs 20 mins,920,2024-09-17T12:14:53,2024-09-17,Penguin Audio,com.plexapp.agents.audnexus://B0CX9SPCBS_us?lang=en,5963,com.plexapp.agents.audnexus://B0DGH3D581?lang=en
654,655,Hawk Mountain,Hawk Mountain,Conner Habib,Hawk Mountain (2022),7 hrs 50 mins,470,2023-09-02T12:29:56,2022-07-05,Blackstone Publishing,com.plexapp.agents.audnexus://B09Y69KX7T_us?lang=en,653,local://653
7328,7329,Beach Music,Beach Music,Pat Conroy,Beach Music (2009),1 day 5 hrs 16 mins,1756,2025-03-14T11:19:53,2009-08-17,Random House Audio,com.plexapp.agents.audnexus://B002V1ACWC_us?lang=en,2484,com.plexapp.agents.audnexus://B000APY5TW?lang=en
2485,2486,The Lords of Discipline,The Lords of Discipline,Pat Conroy,The Lords of Discipline (1980),19 hrs 23 mins,1163,2023-04-09T21:13:54,2023-01-10,Mariner Books,com.plexapp.agents.audnexus://B0BR67TX81_us?lang=en,2484,com.plexapp.agents.audnexus://B000APY5TW?lang=en
2487,2488,The Prince of Tides,The Prince of Tides,Pat Conroy,The Prince of Tides (1986),22 hrs 41 mins,1361,2023-04-04T13:44:40,2023-01-25,HarperAudio,com.plexapp.agents.audnexus://B0BRTDBZZJ_us?lang=en,2484,com.plexapp.agents.audnexus://B000APY5TW?lang=en
27,28,Material World,Material World,Ed Conway,Material World (2023),15 hrs 12 mins,912,2024-04-06T11:33:06,2023-11-07,Random House Audio,com.plexapp.agents.audnexus://B0BXFP3GR3_us?lang=en,26,com.plexapp.agents.audnexus://B0036UDJO0?lang=en
1053,1054,The Black Company,"Black Company, Book 1 - The Black Company",Glen Cook,The Black Company (1984) [Black Company 1],10 hrs 54 mins,654,2023-06-19T21:07:37,2010-08-31,Audible Studios,com.plexapp.agents.audnexus://B003T1LJ70_us?lang=en,1042,com.plexapp.agents.audnexus://B000AQ26ZQ?lang=en
1049,1050,Shadows Linger,"Black Company, Book 2 - Shadows Linger",Glen Cook,Shadows Linger (1984) [Black Company 2],10 hrs 33 mins,633,2023-06-20T15:40:47,2010-08-31,Audible Studios,com.plexapp.agents.audnexus://B003XX5CCM_us?lang=en,1042,com.plexapp.agents.audnexus://B000AQ26ZQ?lang=en
1047,1048,The White Rose,"Black Company, Book 3 - The White Rose",Glen Cook,The White Rose (1985) [Black Company 3],11 hrs 38 mins,698,2023-06-20T15:41:29,2010-08-31,Audible Studios,com.plexapp.agents.audnexus://B003XWTMNI_us?lang=en,1042,com.plexapp.agents.audnexus://B000AQ26ZQ?lang=en
1051,1052,Shadow Games,"Black Company, Book 4 - Shadow Games",Glen Cook,Shadow Games () [Black Company 4],9 hrs 39 mins,579,2023-06-20T15:40:24,2010-08-31,Audible Studios,com.plexapp.agents.audnexus://B003UCLS4C_us?lang=en,1042,com.plexapp.agents.audnexus://B000AQ26ZQ?lang=en
1045,1046,Dreams of Steel,"Black Company, Book 5 - Dreams of Steel",Glen Cook,Dreams of Steel () [Black Company 5],9 hrs 38 mins,578,2023-06-20T15:42:01,2010-08-31,Audible Studios,com.plexapp.agents.audnexus://B003VWI3D0_us?lang=en,1042,com.plexapp.agents.audnexus://B000AQ26ZQ?lang=en
1043,1044,Bleak Seasons,"Black Company, Book 6 - Bleak Seasons",Glen Cook,Bleak Seasons () [Black Company 6],13 hrs 14 mins,794,2023-07-04T23:38:07,2010-08-31,Audible Studios,com.plexapp.agents.audnexus://B003XS5K7O_us?lang=en,1042,com.plexapp.agents.audnexus://B000AQ26ZQ?lang=en
7363,7364,A Shadow of All Night Falling,"Dread Empire, Book 1 - A Shadow of All Night Falling",Glen Cook,A Shadow of All Night Falling (2013) [Dread Empire 1],9 hrs 12 mins,552,2025-03-17T00:35:09,2013-01-12,Audible Studios,com.plexapp.agents.audnexus://B00B02YVZW_us?lang=en,1042,com.plexapp.agents.audnexus://B000AQ26ZQ?lang=en
7361,7362,October's Baby,"Dread Empire, Book 2 - October's Baby",Glen Cook,October's Baby (2013) [Dread Empire 2],9 hrs 2 mins,542,2025-03-17T00:35:09,2013-01-22,Audible Studios,com.plexapp.agents.audnexus://B00B4EMZJ0_us?lang=en,1042,com.plexapp.agents.audnexus://B000AQ26ZQ?lang=en
7359,7360,The Fire in His Hands,"Dread Empire, Book 4 - The Fire in His Hands",Glen Cook,The Fire in His Hands (2013) [Dread Empire 4],9 hrs 20 mins,560,2025-03-17T00:35:09,2013-03-01,Audible Studios,com.plexapp.agents.audnexus://B00BMEWKZ6_us?lang=en,1042,com.plexapp.agents.audnexus://B000AQ26ZQ?lang=en
7371,7372,The Tyranny of the Night,"Instrumentalities of the Night, Book 1 - The Tyranny of the Night",Glen Cook,The Tyranny of the Night (2012) [Instrumentalities of the Night 1],20 hrs 5 mins,1205,2025-03-17T15:50:04,2012-04-24,Audible Studios,com.plexapp.agents.audnexus://B007RQ1SMO_us?lang=en,1042,com.plexapp.agents.audnexus://B000AQ26ZQ?lang=en
7367,7368,Lord of the Silent Kingdom,"Instrumentalities of the Night, Book 2 - Lord of the Silent Kingdom",Glen Cook,Lord of the Silent Kingdom (2012) [Instrumentalities of the Night 2],22 hrs 38 mins,1358,2025-03-17T14:40:20,2012-04-24,Audible Studios,com.plexapp.agents.audnexus://B007TNLSTS_us?lang=en,1042,com.plexapp.agents.audnexus://B000AQ26ZQ?lang=en
7369,7370,Surrender to the Will of the Night,"Instrumentalities of the Night, Book 3 - Surrender to the Will of the Night",Glen Cook,Surrender to the Will of the Night (2012) [Instrumentalities of the Night 3],22 hrs 7 mins,1327,2025-03-17T15:50:04,2012-04-24,Audible Studios,com.plexapp.agents.audnexus://B007TANUB0_us?lang=en,1042,com.plexapp.agents.audnexus://B000AQ26ZQ?lang=en
5502,5503,The Quiet Damage,The Quiet Damage,Jesselyn Cook,The Quiet Damage (2024),9 hrs 8 mins,548,2024-08-01T15:34:09,2024-07-23,Random House Audio,com.plexapp.agents.audnexus://B0CKM7DTMV_us?lang=en,5501,com.plexapp.agents.audnexus://B0CHBKS24W?lang=en
4675,4676,The Income Factory,The Income Factory,Rob Copeland,The Fund (2023),12 hrs 54 mins,774,2024-05-15T20:08:38,2021-08-07,McGraw Hill-Ascent Audio,com.plexapp.agents.audnexus://1639292918_us?lang=en,4674,com.plexapp.agents.audnexus://B0C4WR6DX3?lang=en
6618,6619,What to Listen for in Music,What to Listen for in Music,Aaron Copland,What to Listen for in Music (2020),6 hrs 23 mins,383,2024-12-03T17:24:35,2020-03-17,Tantor Audio,com.plexapp.agents.audnexus://1977300154_us?lang=en,6617,com.plexapp.agents.audnexus://B000APO3OO?lang=en
5222,5223,The Inheritance of Orqu&iacute;dea Divina,The Inheritance of Orqu&iacute;dea Divina,Zoraida Córdova,The Inheritance of Orquídea Divina (2021),10 hrs 58 mins,658,2024-07-02T15:09:41,2021-09-07,Simon & Schuster Audio,com.plexapp.agents.audnexus://1797131354_us?lang=en,5221,com.plexapp.agents.audnexus://B006QE0BB2?lang=en
5527,5528,The Mercy of Gods,"Captive's War, Book 1 - The Mercy of Gods",James S.A. Corey,The Mercy of Gods (2024) [Captive's War 1],14 hrs 55 mins,895,2024-08-06T20:39:19,2024-08-06,Recorded Books,com.plexapp.agents.audnexus://B0CQZ5167B_us?lang=en,5526,com.plexapp.agents.audnexus://B004AQ1W8Y?lang=en
4902,4903,Dark Wire,Dark Wire,Joseph Cox,Dark Wire (2024),11 hrs 41 mins,701,2024-06-06T23:13:21,2024-06-04,PublicAffairs,com.plexapp.agents.audnexus://B0CKNMM86B_us?lang=en,4901,com.plexapp.agents.audnexus://B0D4XL5PKC?lang=en
1853,1854,An Alchemy of Masques and Mirrors,"The Risen Kingdoms, Book 1 - An Alchemy of Masques and Mirrors",Curtis Craddock,An Alchemy of Masques and Mirrors (2017) [The Risen Kingdoms 1],18 hrs 21 mins,1101,2023-04-26T02:15:23,2017-08-29,Macmillan Audio,com.plexapp.agents.audnexus://B073S9RZ73_us?lang=en,1852,com.plexapp.agents.audnexus://B005ZNPSMC?lang=en
1240,1241,Saint Juniper's Folly,Saint Juniper's Folly,Alex Crespo,Saint Juniper's Folly (2023),7 hrs 40 mins,460,2023-06-12T22:16:04,2023-06-06,Listening Library,com.plexapp.agents.audnexus://B0BHNVKRYT_us?lang=en,1239,com.plexapp.agents.audnexus://B0C2F4MYSV?lang=en
5285,5286,The Ferryman,The Ferryman,Justin Cronin,The Ferryman (2023),19 hrs 56 mins,1196,2024-07-12T14:13:36,2023-05-02,Random House Audio,com.plexapp.agents.audnexus://B0B924SDV8_us?lang=en,5284,com.plexapp.agents.audnexus://B001H6J17E?lang=en
990,991,Gwen & Art Are Not in Love,Gwen & Art Are Not in Love,Lex Croucher,Gwen and Art Are Not in Love (2023),10 hrs 48 mins,648,2023-07-03T12:50:05,2023-11-28,Macmillan Audio,com.plexapp.agents.audnexus://B0BGMPVTPH_us?lang=en,989,com.plexapp.agents.audnexus://B07SK8VRSN?lang=en
5131,5132,Flint and Mirror,Flint and Mirror,John Crowley,Flint and Mirror (2022),10 hrs,600,2024-06-22T12:16:09,2022-04-19,Random House Audio,com.plexapp.agents.audnexus://B09LF9G4SV_us?lang=en,943,com.plexapp.agents.audnexus://B000AQ44II?lang=en
946,947,Ka,Ka,John Crowley,Ka (2017),15 hrs 22 mins,922,2023-04-18T22:13:44,2017-10-24,Brilliance Audio,com.plexapp.agents.audnexus://B075X3M356_us?lang=en,943,com.plexapp.agents.audnexus://B000AQ44II?lang=en
944,945,"Little, Big","Little, Big",John Crowley,"Little, Big (1981)",1 day 36 mins,1476,2023-07-04T23:37:19,2011-12-09,"Blackstone Audio, Inc.",com.plexapp.agents.audnexus://B006JQXQ3M_us?lang=en,943,com.plexapp.agents.audnexus://B000AQ44II?lang=en
6276,6277,Spice,Spice,Roger Crowley,Spice (2024),8 hrs 57 mins,537,2024-10-08T09:58:30,2024-06-18,Audible Studios,com.plexapp.agents.audnexus://B0D5MXQBWP_us?lang=en,6275,com.plexapp.agents.audnexus://B001JS8UEK?lang=en
3941,3942,To Each This World,To Each This World,Julie E. Czerneda,To Each This World (2022),18 hrs 23 mins,1103,2023-03-23T01:04:52,2022-12-20,OrangeSky Audio,com.plexapp.agents.audnexus://B0BF3KPC31_us?lang=en,3940,com.plexapp.agents.audnexus://B000APYJLG?lang=en
7313,7314,The Bladed Faith,"Vagrant Gods, Book 1 - The Bladed Faith",David Dalglish,The Bladed Faith (2022) [Vagrant Gods 1],18 hrs 48 mins,1128,2025-03-10T21:06:33,2022-04-05,Orbit,com.plexapp.agents.audnexus://B09VW8YSDT_us?lang=en,7312,com.plexapp.agents.audnexus://B003AUKAI4?lang=en
7319,7320,The Sapphire Altar,"Vagrant Gods, Book 2 - The Sapphire Altar",David Dalglish,The Sapphire Altar (2023) [Vagrant Gods 2],20 hrs 43 mins,1243,2025-03-10T21:11:08,2023-01-10,Orbit,com.plexapp.agents.audnexus://B0B84CT7NC_us?lang=en,7312,com.plexapp.agents.audnexus://B003AUKAI4?lang=en
593,594,One of a Kind,One of a Kind,"Nolan Dalla, Peter Alson",One of a Kind (2008),9 hrs 58 mins,598,2023-09-05T21:16:37,2008-10-23,"Blackstone Audio, Inc.",com.plexapp.agents.audnexus://B002UZJI24_us?lang=en,592,com.plexapp.agents.audnexus://B001IU0ITE?lang=en
5354,5355,Return of a King,Return of a King,William Dalrymple,Return of a King (2021),17 hrs 58 mins,1078,2024-07-17T07:47:20,2021-03-31,Bloomsbury Publishing Plc,com.plexapp.agents.audnexus://1526640767_us?lang=en,4111,com.plexapp.agents.audnexus://B000API5E8?lang=en
4112,4113,The Anarchy,The Anarchy,William Dalrymple,The Anarchy (2019),15 hrs 43 mins,943,2023-03-22T21:15:18,2019-10-17,Bloomsbury Publishing Plc,com.plexapp.agents.audnexus://1526616971_us?lang=en,4111,com.plexapp.agents.audnexus://B000API5E8?lang=en
4416,4417,Around the World in 80 Books,Around the World in 80 Books,David Damrosch,Around the World in 80 Books (2021),12 hrs 57 mins,777,2024-04-18T10:59:13,2021-11-16,Penguin Audio,com.plexapp.agents.audnexus://0593505042_us?lang=en,4415,com.plexapp.agents.audnexus://B001IR1QR0?lang=en
4447,4448,The Buried Book,The Buried Book,David Damrosch,The Buried Book (2007),7 hrs 22 mins,442,2024-04-18T12:50:19,2007-12-31,"Blackstone Audio, Inc.",com.plexapp.agents.audnexus://B002V1BFRS_us?lang=en,4415,com.plexapp.agents.audnexus://B001IR1QR0?lang=en
4343,4344,The Drug Propaganda Vol. 1,The Drug Propaganda Vol. 1,Dan Russell,The Drug Propaganda Vol. 1 (2019) [The Drug Propaganda 1],20 hrs 30 mins,1230,2023-03-22T12:05:16,2019-01-01,,local://4343,4342,plex://artist/5d07bfe9403c6402907b05a1
8976,8977,Big Fiction,Big Fiction,Dan Sinykin,Big Fiction (2024),11 hrs 43 mins,703,2026-02-09T20:10:27,2024-06-25,Tantor Audio,com.plexapp.agents.audnexus://B0D5S3J39N_us?lang=en,8975,local://8975
6505,6506,The Ragpicker,The Ragpicker,Joel Dane,The Ragpicker (2024),8 hrs 15 mins,495,2024-11-08T14:14:49,2024-07-23,Dreamscape Lore,com.plexapp.agents.audnexus://B0D5RGKNR6_us?lang=en,6504,com.plexapp.agents.audnexus://B07VGH9P9D?lang=en
2144,2145,Stumbling on Happiness,Stumbling on Happiness,Daniel Gilbert,Stumbling on Happiness (2006),7 hrs 25 mins,445,2023-04-19T21:57:23,2006-01-01,,local://2144,2143,plex://artist/5d07bc84403c64029051611e
3175,3176,Carmageddon,Carmageddon,Daniel Knowles,Carmageddon (2023),9 hrs 40 mins,580,2023-03-28T15:55:46,2023-01-01,,local://3175,3174,plex://artist/5df21776cbd6e75dc4cf1b2d
8105,8106,Playing Through Pain,Playing Through Pain,Daniel Sailofsky,Playing Through Pain (2025),10 hrs 43 mins,643,2025-05-23T22:18:41,2025-05-06,Tantor Media,com.plexapp.agents.audnexus://B0F1HL668M_us?lang=en,8104,local://8104
3956,3957,Stormtroopers,Stormtroopers,Daniel Siemens,Stormtroopers (2017),18 hrs 33 mins,1113,2023-03-23T00:53:31,2017-11-10,"HighBridge, a division of Recorded Books",com.plexapp.agents.audnexus://B077BMCR7S_us?lang=en,3955,local://3955
781,782,Outsmart Your Brain,Outsmart Your Brain,Daniel T. Willingham Ph.D,Outsmart Your Brain (2023),8 hrs 51 mins,531,2023-07-26T21:47:24,2023-01-24,Simon & Schuster Audio,com.plexapp.agents.audnexus://B09L3N9THZ_us?lang=en,780,local://780
4190,4191,Sweetbitter,Sweetbitter,Stephanie Danler,Sweetbitter (2016),12 hrs 25 mins,745,2023-03-22T15:01:01,2016-05-24,Random House Audio,com.plexapp.agents.audnexus://B01EICVI4C_us?lang=en,4189,com.plexapp.agents.audnexus://B01DKW6T86?lang=en
8180,8181,A Flame in the Night,"New Age Gothic, Book 1 - A Flame in the Night",Morgan Dante,A Flame in the Night (2023) [New Age Gothic 1],4 hrs 28 mins,268,2025-06-05T13:07:41,2023-08-04,Wilde Nightingale Publishing,com.plexapp.agents.audnexus://B0CDQRSRNC_us?lang=en,8179,com.plexapp.agents.audnexus://B09NP95WJ4?lang=en
3896,3897,Death on the Down Beat,Death on the Down Beat,Sebastian Farr,Death on the Down Beat (1941),5 hrs 4 mins,304,2023-03-23T10:39:09,2023-01-01,Soundings,com.plexapp.agents.audnexus://B0BP7WXSS4_us?lang=en,3895,com.plexapp.agents.audnexus://B07CSFZ9Z3?lang=en
4143,4144,The Knowledge,The Knowledge,Lewis Dartnell,The Knowledge (2014),9 hrs,540,2023-03-22T16:51:29,2014-04-17,Tantor Audio,com.plexapp.agents.audnexus://B00J55GD0W_us?lang=en,4142,com.plexapp.agents.audnexus://B00LE6IC04?lang=en
5499,5500,Taking America Back,Taking America Back,David Austin Walsh,Taking America Back (2024),11 hrs 58 mins,718,2024-08-01T14:48:53,2024-07-11,University Press Audiobooks,com.plexapp.agents.audnexus://B0D98PZR46_us?lang=en,5498,local://5498
8361,8362,Ready for My Closeup,Ready for My Closeup,David M. Lubin,Ready for My Closeup (2025),9 hrs 29 mins,569,2025-08-18T09:29:19,2025-08-12,Grand Central Publishing,com.plexapp.agents.audnexus://B0DPLBVVRV_us?lang=en,8360,local://8360
4242,4243,The Almighty Dollar,The Almighty Dollar,Dharshini David,The Almighty Dollar (2018),9 hrs 2 mins,542,2023-03-22T12:58:59,2022-07-28,Simon & Schuster Audio UK,com.plexapp.agents.audnexus://B0B7CGZ9BY_us?lang=en,4241,com.plexapp.agents.audnexus://B07BHPBZ3Y?lang=en
4154,4155,Kolymsky Heights,Kolymsky Heights,Lionel Davidson,Kolymsky Heights (1994),2 hrs 27 mins,147,2023-03-22T16:48:45,2016-06-02,W. F. Howes Ltd,com.plexapp.agents.audnexus://B01FKRB84O_us?lang=en,4153,com.plexapp.agents.audnexus://B000APLLLC?lang=en
9968,9969,Surrender to Sin,"Fallen Series, Book 1 - Surrender to Sin",Nicola Davidson,Surrender to Sin,3 hrs 34 mins,214,2026-05-19T18:04:35,2021-12-14,Tantor Audio,com.plexapp.agents.audnexus://B09MX949SL_us?lang=en,9963,com.plexapp.agents.audnexus://B00J9818RI?lang=en
9966,9967,The Devil's Submission,"Fallen Series, Book 2 - The Devil's Submission",Nicola Davidson,The Devil's Submission,2 hrs 58 mins,178,2026-05-19T18:04:35,2021-12-28,Tantor Audio,com.plexapp.agents.audnexus://B09NF722N9_us?lang=en,9963,com.plexapp.agents.audnexus://B00J9818RI?lang=en
9964,9965,The Seduction of Viscount Vice,"Fallen Series, Book 3 - The Seduction of Viscount Vice",Nicola Davidson,The Seduction of Viscount Vice,3 hrs 6 mins,186,2026-05-19T18:04:35,2022-01-18,Tantor Audio,com.plexapp.agents.audnexus://B09P9HJFN4_us?lang=en,9963,com.plexapp.agents.audnexus://B00J9818RI?lang=en
4320,4321,Are Prisons Obsolete?,Are Prisons Obsolete?,Angela Y. Davis,Are Prisons Obsolete (2003),4 hrs 56 mins,296,2023-03-22T12:09:20,2022-08-23,Tantor Media,com.plexapp.agents.audnexus://B0B649RS8T_us?lang=en,4319,com.plexapp.agents.audnexus://B000APW3CI?lang=en
132,133,The Echo of Old Books,The Echo of Old Books,Barbara Davis,The Echo of Old Books (2023-03-28),13 hrs 8 mins,788,2024-02-21T17:27:29,2023-03-28,Brilliance Audio,com.plexapp.agents.audnexus://B0BLZNJ3X8_us?lang=en,131,com.plexapp.agents.audnexus://B00D7M78JE?lang=en
2393,2394,How to Keep House While Drowning,How to Keep House While Drowning,KC Davis,How to Keep House While Drowning (2022),3 hrs 4 mins,184,2023-04-12T22:05:35,2022-04-26,Simon & Schuster Audio,com.plexapp.agents.audnexus://B09Q9WQ1QJ_us?lang=en,2392,com.plexapp.agents.audnexus://B08P23HNLQ?lang=en
8952,8953,Late Victorian Holocausts,Late Victorian Holocausts,"Mike Davis, Jon Wiener",Late Victorian Holocausts (2017),15 hrs 41 mins,941,2026-01-07T10:53:29,2017-04-30,Tantor Audio,com.plexapp.agents.audnexus://B06ZY61DRV_us?lang=en,6885,com.plexapp.agents.audnexus://B000APEG3M?lang=en
8706,8707,Prisoners of the American Dream,Prisoners of the American Dream,"Mike Davis, Jon Wiener",Prisoners of the American Dream (2025),14 hrs 8 mins,848,2025-11-13T00:17:39,2025-10-28,Tantor Media,com.plexapp.agents.audnexus://B0FTBSY5Y5_us?lang=en,6885,com.plexapp.agents.audnexus://B000APEG3M?lang=en
6886,6887,Set the Night on Fire,Set the Night on Fire,"Mike Davis, Jon Wiener",Set the Night on Fire (2020),1 day 1 hr 25 mins,1525,2025-01-13T09:48:44,2020-09-29,Audible Studios,com.plexapp.agents.audnexus://B08K3PF8G9_us?lang=en,6885,com.plexapp.agents.audnexus://B000APEG3M?lang=en
6698,6699,Bloom,Bloom,Delilah S. Dawson,Bloom (2024),6 hrs 39 mins,399,2024-12-17T17:46:51,2024-03-26,Tantor Media,com.plexapp.agents.audnexus://B0CYMQJ7H3_us?lang=en,6697,com.plexapp.agents.audnexus://B008MLEMCQ?lang=en
5463,5464,All That Is Wicked,All That Is Wicked,Kate Winkler Dawson,All That Is Wicked (2022),9 hrs,540,2024-07-26T20:22:37,2022-10-04,Penguin Audio,com.plexapp.agents.audnexus://B09S1CH5K8_us?lang=en,5462,com.plexapp.agents.audnexus://B00LGQAL0Q?lang=en
8159,8160,The Sinners All Bow,The Sinners All Bow,Kate Winkler Dawson,The Sinners All Bow (2025),9 hrs 34 mins,574,2025-05-31T14:35:16,2025-01-07,Penguin Audio,com.plexapp.agents.audnexus://B0D481FDLV_us?lang=en,5462,com.plexapp.agents.audnexus://B00LGQAL0Q?lang=en
429,430,So Close,"Blacklist, Book 1 - So Close",Sylvia Day,So Close (2023) [Blacklist 1],13 hrs 20 mins,800,2023-10-24T15:10:39,2023-08-29,Brilliance Audio,com.plexapp.agents.audnexus://B0CFB9FWKP_us?lang=en,426,com.plexapp.agents.audnexus://B001H6ETRQ?lang=en
427,428,Too Far,"Blacklist, Book 2 - Too Far",Sylvia Day,Too Far (2023) [Blacklist 2],10 hrs 4 mins,604,2023-10-24T15:11:21,2023-10-24,Brilliance Audio,com.plexapp.agents.audnexus://B0BXM3P2KM_us?lang=en,426,com.plexapp.agents.audnexus://B001H6ETRQ?lang=en
4873,4874,Chain of Title,Chain of Title,David Dayen,Chain of Title (2016),13 hrs 52 mins,832,2024-05-29T10:53:31,2016-05-17,Audible Studios,com.plexapp.agents.audnexus://B01E4H0HH0_us?lang=en,4872,com.plexapp.agents.audnexus://B01GXXQO34?lang=en
5193,5194,Monopolized,Monopolized,David Dayen,Monopolized (2020),13 hrs 19 mins,799,2024-06-30T08:51:32,2020-07-21,"HighBridge, a division of Recorded Books",com.plexapp.agents.audnexus://1696601630_us?lang=en,4872,com.plexapp.agents.audnexus://B01GXXQO34?lang=en
1962,1963,The Book Eaters,The Book Eaters,Sunyi Dean,The Book Eaters (2022),13 hrs 27 mins,807,2023-04-24T01:25:19,2022-08-02,Macmillan Audio,com.plexapp.agents.audnexus://B09GH8QVT4_us?lang=en,1961,com.plexapp.agents.audnexus://B08J492BFZ?lang=en
6911,6912,Comments on the Society of the Spectacle,Comments on the Society of the Spectacle,Guy Debord,Comments on the Society of the Spectacle (2018),2 hrs 25 mins,145,2025-01-15T22:08:49,2018-04-09,New Saucerian Press,com.plexapp.agents.audnexus://B07C28RBW8_us?lang=en,6898,com.plexapp.agents.audnexus://B000APVW4I?lang=en
6899,6900,Society of the Spectacle,Society of the Spectacle,Guy Debord,Society of the Spectacle (2016),3 hrs 43 mins,223,2025-01-14T22:51:15,2016-01-05,New Saucerian,com.plexapp.agents.audnexus://B01A5Z2KZC_us?lang=en,6898,com.plexapp.agents.audnexus://B000APVW4I?lang=en
7631,7632,Empty Mansions,Empty Mansions,"Bill Dedman, Paul Clark Newell Jr.",Empty Mansions (2013),13 hrs 35 mins,815,2025-04-30T08:59:36,2013-09-10,Random House Audio,com.plexapp.agents.audnexus://B00EZ8AQO8_us?lang=en,7630,com.plexapp.agents.audnexus://B00CC0QF3C?lang=en
2781,2782,Rob Delaney,Rob Delaney,Rob Delaney,Rob Delaney (2013),4 hrs 9 mins,249,2023-03-29T18:53:59,2013-11-05,Random House Audio,com.plexapp.agents.audnexus://B00G044ENY_us?lang=en,2780,com.plexapp.agents.audnexus://B00E7NILAC?lang=en
1453,1454,Babel-17,Babel-17,Samuel R. Delany,Babel-17 (2015),6 hrs 19 mins,379,2023-04-14T22:24:12,2015-11-04,"Skyboat Media, Inc.",com.plexapp.agents.audnexus://B017J3RZGW_us?lang=en,1450,com.plexapp.agents.audnexus://B000APQ0D6?lang=en
1451,6770,Dhalgren,Dhalgren,Samuel R. Delany,Dhalgren (2016),1 day 7 hrs 9 mins,1869,2023-05-06T00:13:29,2016-01-19,Skyboat Media,com.plexapp.agents.audnexus://B019G07OR6_us?lang=en,1450,com.plexapp.agents.audnexus://B000APQ0D6?lang=en
7080,7081,Nova,Nova,Samuel R. Delany,Nova (2016),8 hrs 42 mins,522,2025-02-21T19:39:35,2016-02-23,Skyboat Media,com.plexapp.agents.audnexus://B01C3497OK_us?lang=en,1450,com.plexapp.agents.audnexus://B000APQ0D6?lang=en
1455,6773,Stars in My Pocket Like Grains of Sand,Stars in My Pocket Like Grains of Sand,Samuel R. Delany,Stars in My Pocket Like Grains of Sand (1984),15 hrs 3 mins,903,2023-03-28T14:49:14,2019-03-05,Skyboat Media,com.plexapp.agents.audnexus://1982648325_us?lang=en,1450,com.plexapp.agents.audnexus://B000APQ0D6?lang=en
7062,7063,Stars in My Pocket Like Grains of Sand,Stars in My Pocket Like Grains of Sand,Samuel R. Delany,Stars in My Pocket Like Grains of Sand (2019),15 hrs 33 mins,933,2025-02-21T19:31:08,2019-03-05,Skyboat Media,com.plexapp.agents.audnexus://1982648325_us?lang=en,1450,com.plexapp.agents.audnexus://B000APQ0D6?lang=en
7074,7075,The Einstein Intersection,The Einstein Intersection,Samuel R. Delany,The Einstein Intersection (2018),4 hrs 40 mins,280,2025-02-21T19:35:22,2018-04-17,Skyboat Media,com.plexapp.agents.audnexus://B07BY4QM6Z_us?lang=en,1450,com.plexapp.agents.audnexus://B000APQ0D6?lang=en
7628,7629,Libra,Libra,Don DeLillo,Libra (2016),18 hrs 28 mins,1108,2025-04-28T00:40:26,2016-04-19,Simon & Schuster Audio,com.plexapp.agents.audnexus://B01EARVC1E_us?lang=en,7627,com.plexapp.agents.audnexus://B000APRGIO?lang=en
512,513,Remember It!,Remember It!,"Nelson Dellis, Sanjay Gupta MD - foreword",Remember It! (2018),6 hrs 48 mins,408,2023-09-15T22:53:22,2018-09-25,Highbridge Audio,com.plexapp.agents.audnexus://1684414172_us?lang=en,511,com.plexapp.agents.audnexus://B07H4YLH8M?lang=en
5331,5332,Book Madness,Book Madness,Denise Gigante,Book Madness (2022),12 hrs 40 mins,760,2024-07-16T14:06:43,2022-11-01,Blackstone Publishing,com.plexapp.agents.audnexus://B0B32TZTWP_us?lang=en,5330,local://5330
3368,3369,The Luminaries,"Luminaries, Book 1 - The Luminaries",Susan Dennard,The Luminaries (2022) [Luminaries 1],9 hrs 46 mins,586,2023-03-28T14:49:31,2022-11-01,Macmillan Audio,com.plexapp.agents.audnexus://B09T5JNR91_us?lang=en,3367,com.plexapp.agents.audnexus://B005YEU2VY?lang=en
6678,6679,Rubicon,Rubicon,J. S. Dewes,Rubicon (2023),16 hrs 20 mins,980,2024-12-16T10:59:43,2023-03-28,Macmillan Audio,com.plexapp.agents.audnexus://B0B1JRTP2D_us?lang=en,3114,com.plexapp.agents.audnexus://B08CY4Z9JV?lang=en
3115,3116,The Last Watch,"The Divide Series, Book 1 - The Last Watch",J. S. Dewes,The Last Watch (2021) [The Divide Series 1],16 hrs 30 mins,990,2023-03-28T22:15:53,2021-04-20,Macmillan Audio,com.plexapp.agents.audnexus://1250790204_us?lang=en,3114,com.plexapp.agents.audnexus://B08CY4Z9JV?lang=en
5099,5100,Wren Martin Ruins It All,Wren Martin Ruins It All,Amanda DeWitt,Wren Martin Ruins It All (2023),9 hrs 37 mins,577,2024-06-17T18:49:12,2023-11-28,Recorded Books,com.plexapp.agents.audnexus://B0CNDYVGWK_us?lang=en,5098,com.plexapp.agents.audnexus://B09NMP35GJ?lang=en
9327,9328,Your Name Here,Your Name Here,"Helen DeWitt, Ilya Gridneff",Your Name Here (2025),14 hrs 58 mins,898,2026-04-09T16:30:43,2025-10-28,Brilliance Audio,com.plexapp.agents.audnexus://B0FHBS6FJQ_us?lang=en,9326,com.plexapp.agents.audnexus://B001KHERLK?lang=en
1869,1870,Trust,Trust,Hernan Diaz,Trust (2022),10 hrs 21 mins,621,2023-04-26T01:49:06,2024-06-28,Forbes Books,com.plexapp.agents.audnexus://B0D8BXNDC6_us?lang=en,1868,com.plexapp.agents.audnexus://B00U9P6ROO?lang=en
7078,7079,A Scanner Darkly,A Scanner Darkly,Philip K. Dick,A Scanner Darkly (2006),9 hrs 13 mins,553,2025-02-21T19:39:26,2006-02-07,Random House Audio,com.plexapp.agents.audnexus://B002V5D2KW_us?lang=en,98,com.plexapp.agents.audnexus://B00BRTKOEA?lang=en
7076,7077,Blade Runner,Blade Runner,Philip K. Dick,Blade Runner (2007),9 hrs 12 mins,552,2025-02-21T19:39:05,2007-11-27,Random House Audio,com.plexapp.agents.audnexus://B002V9ZFX0_us?lang=en,98,com.plexapp.agents.audnexus://B00BRTKOEA?lang=en
8697,8698,"Flow My Tears, the Policeman Said","Flow My Tears, the Policeman Said",Philip K. Dick,"Flow My Tears, the Policeman Said (2024)",8 hrs 39 mins,519,2025-11-10T12:26:40,2024-12-12,Recorded Books,com.plexapp.agents.audnexus://B0DLDJTWLW_us?lang=en,98,com.plexapp.agents.audnexus://B00BRTKOEA?lang=en
93,94,Martian Time-Slip,Martian Time-Slip,Philip K. Dick,Martian Time-Slip (1964),9 hrs 46 mins,586,2023-03-23T21:36:12,2015-12-27,Brilliance Audio,com.plexapp.agents.audnexus://B01EVPMGEM_us?lang=en,98,com.plexapp.agents.audnexus://B00BRTKOEA?lang=en
91,92,Radio Free Albemuth,Radio Free Albemuth,Philip K. Dick,Radio Free Albemuth (1985),9 hrs 9 mins,549,2023-03-23T21:36:28,2015-12-27,Brilliance Audio,com.plexapp.agents.audnexus://B01M300PVE_us?lang=en,98,com.plexapp.agents.audnexus://B00BRTKOEA?lang=en
99,101,The Exegesis of Philip K. Dick,The Exegesis of Philip K. Dick,Philip K. Dick,The Exegesis of Philip K. Dick (2011),2 days 4 hrs 7 mins,3127,2023-03-23T21:38:46,2011-12-03,Brilliance Audio ,com.plexapp.agents.audnexus://B006GUV0A2_us?lang=en,98,com.plexapp.agents.audnexus://B00BRTKOEA?lang=en
7068,7069,The Three Stigmata of Palmer Eldritch,The Three Stigmata of Palmer Eldritch,Philip K. Dick,The Three Stigmata of Palmer Eldritch (2015),7 hrs 43 mins,463,2025-02-21T19:32:18,2015-09-02,Brilliance Audio,com.plexapp.agents.audnexus://B013J9W4SY_us?lang=en,98,com.plexapp.agents.audnexus://B00BRTKOEA?lang=en
7066,7067,Time Out of Joint,Time Out of Joint,Philip K. Dick,Time Out of Joint (2025),7 hrs 28 mins,448,2025-02-21T19:31:50,2025-06-17,Recorded Books,com.plexapp.agents.audnexus://B0DVWLZBQY_us?lang=en,98,com.plexapp.agents.audnexus://B00BRTKOEA?lang=en
7064,7065,Ubik,Ubik,Philip K. Dick,Ubik (2015),7 hrs 56 mins,476,2025-02-21T19:31:22,2015-12-27,Brilliance Audio,com.plexapp.agents.audnexus://B01EVQT6HQ_us?lang=en,98,com.plexapp.agents.audnexus://B00BRTKOEA?lang=en
87,7070,Valis,"Valis, Book 1 - Valis",Philip K. Dick,Valis (2015) [Valis 1],8 hrs 59 mins,539,2024-03-07T10:05:11,2015-08-21,Brilliance Audio,com.plexapp.agents.audnexus://B0147LFW50_us?lang=en,98,com.plexapp.agents.audnexus://B00BRTKOEA?lang=en
85,7071,The Divine Invasion,"Valis, Book 2 - The Divine Invasion",Philip K. Dick,The Divine Invasion (2025) [Valis 2],9 hrs 17 mins,557,2024-03-07T10:21:53,2011-10-18,Brilliance Audio ,com.plexapp.agents.audnexus://B005STY34M_us?lang=en,98,com.plexapp.agents.audnexus://B00BRTKOEA?lang=en
89,7072,The Transmigration of Timothy Archer,"Valis, Book 3 - The Transmigration of Timothy Archer",Philip K. Dick,The Transmigration of Timothy Archer (2025) [Valis 3],8 hrs 26 mins,506,2024-03-07T10:05:18,2011-10-18,Brilliance Audio ,com.plexapp.agents.audnexus://B005T63GRE_us?lang=en,98,com.plexapp.agents.audnexus://B00BRTKOEA?lang=en
3485,3486,Bleak House,Bleak House,Charles Dickens,Bleak House (),1 day 8 hrs 58 mins,1978,2023-03-28T08:59:23,2000-12-27,"Blackstone Audio, Inc.",com.plexapp.agents.audnexus://B002V0A75U_us?lang=en,3484,com.plexapp.agents.audnexus://B00W1MLAPY?lang=en
138,139,Exordia,Exordia,Seth Dickinson,Exordia (2024),1 day 1 hr 36 mins,1536,2024-02-08T09:33:00,2024-01-23,Macmillan Audio,com.plexapp.agents.audnexus://B0BVKTXXQY_us?lang=en,137,com.plexapp.agents.audnexus://B00IYKOYNC?lang=en
144,145,The Traitor Baru Cormorant,"The Masquerade, Book 1 - The Traitor Baru Cormorant",Seth Dickinson,The Traitor Baru Cormorant (2015) [The Masquerade 1],14 hrs 1 min,841,2023-03-29T21:05:53,2015-09-15,Macmillan Audio,com.plexapp.agents.audnexus://B014JUKKYM_us?lang=en,137,com.plexapp.agents.audnexus://B00IYKOYNC?lang=en
142,143,The Monster Baru Cormorant,"The Masquerade, Book 2 - The Monster Baru Cormorant",Seth Dickinson,The Monster Baru Cormorant (2018-10-30) [The Masquerade 2],18 hrs 17 mins,1097,2024-02-08T09:31:43,2018-10-30,Macmillan Audio,com.plexapp.agents.audnexus://125031092X_us?lang=en,137,com.plexapp.agents.audnexus://B00IYKOYNC?lang=en
140,141,The Tyrant Baru Cormorant,"The Masquerade, Book 3 - The Tyrant Baru Cormorant",Seth Dickinson,The Tyrant Baru Cormorant (2020-08-11) [The Masquerade 3],1 day 2 hrs 5 mins,1565,2024-02-08T09:32:34,2020-08-11,Macmillan Audio,com.plexapp.agents.audnexus://1250264189_us?lang=en,137,com.plexapp.agents.audnexus://B00IYKOYNC?lang=en
8729,8730,The Onion Story,The Onion Story,Scott Dikkers,The Onion Story (2025),8 hrs 4 mins,484,2025-11-22T16:21:14,2025-10-28,Brilliance Audio,com.plexapp.agents.audnexus://B0FHBX8LW5_us?lang=en,8728,com.plexapp.agents.audnexus://B001IGFMTE?lang=en
2215,2216,The Writing Life,The Writing Life,Annie Dillard,The Writing Life (1989),2 hrs 37 mins,157,2023-04-18T22:55:07,2011-03-04,"Blackstone Audio, Inc.",com.plexapp.agents.audnexus://B004QJ1VMW_us?lang=en,2214,com.plexapp.agents.audnexus://B000APWASA?lang=en
252,253,Machinehood,Machinehood,S.B. Divya,Machinehood (2021-03-02),11 hrs 41 mins,701,2024-01-09T15:16:27,2021-03-02,Simon & Schuster Audio,com.plexapp.agents.audnexus://1797128647_us?lang=en,251,com.plexapp.agents.audnexus://B01BEQYZWC?lang=en
6271,6272,Loka,"The Alloy Era, Book 2 - Loka",S.B. Divya,Loka (2024) [The Alloy Era 2],13 hrs 37 mins,817,2024-10-08T09:44:38,2024-08-13,Brilliance Audio,com.plexapp.agents.audnexus://B0CT48QKNQ_us?lang=en,251,com.plexapp.agents.audnexus://B01BEQYZWC?lang=en
5644,5645,"The Food Book, New Edition","The Food Book, New Edition",DK,"The Food Book, New Edition (2024)",14 hrs 24 mins,864,2024-08-29T11:46:51,2024-08-27,DK,com.plexapp.agents.audnexus://B0D6SCHNS2_us?lang=en,3865,com.plexapp.agents.audnexus://B072JMLPDS?lang=en
3866,3867,The Shakespeare Book,The Shakespeare Book,DK,The Shakespeare Book (2015) [Big Ideas Simply Explained ],16 hrs 37 mins,997,2023-03-23T16:53:33,2019-12-03,DK,com.plexapp.agents.audnexus://0744023645_us?lang=en,3865,com.plexapp.agents.audnexus://B072JMLPDS?lang=en
5432,5433,The Bezzle,Bezzle,Cory Doctorow,The Bezzle (),8 hrs 5 mins,485,2024-07-24T18:04:08,,,local://5432,5425,com.plexapp.agents.audnexus://B001I9RSKC?lang=en
5426,5427,"Context - Further Selected Essays on Productivity, Creativity,Parenting, and Politics in the 21st Century","Context - Further Selected Essays on Productivity, Creativity,Parenting, and Politics in the 21st Century",Cory Doctorow,"Context - Further Selected Essays on Productivity, Creativity,Parenting, and Politics in the 21st Century ()",6 hrs 40 mins,400,2024-07-24T18:02:08,,,local://5426,5425,com.plexapp.agents.audnexus://B001I9RSKC?lang=en
8678,8679,Enshittification: Why Everything Suddenly Got Worse and What to Do About It,Enshittification: Why Everything Suddenly Got Worse and What to Do About It,Cory Doctorow,Enshittification Why Everything Suddenly Got Worse and What to Do About It (2025),10 hrs 18 mins,618,2025-10-08T22:53:47,2025-01-01,,local://8678,5425,com.plexapp.agents.audnexus://B001I9RSKC?lang=en
5430,5431,The Internet Con,Internet Con,Cory Doctorow,The Internet Con (),6 hrs 7 mins,367,2024-07-24T18:04:08,2021-04-06,,com.plexapp.agents.none://5430?lang=xn,5425,com.plexapp.agents.audnexus://B001I9RSKC?lang=en
5428,5429,Red Team Blues,"Red Team Blues - Martin Hench, Book 1",Cory Doctorow,Red Team Blues (),7 hrs 10 mins,430,2024-07-24T18:03:08,,,local://5428,5425,com.plexapp.agents.audnexus://B001I9RSKC?lang=en
5325,5326,The False Cause,The False Cause,Adam H. Domby,The False Cause (2022),8 hrs 59 mins,539,2024-07-15T23:21:02,2022-05-10,Blackstone Publishing,com.plexapp.agents.audnexus://B09S17QS2S_us?lang=en,5324,com.plexapp.agents.audnexus://B082MS9CK1?lang=en
4047,4048,The Metaphysical Poets [Naxos Edition],The Metaphysical Poets [Naxos Edition],"John Donne, Andrew Marvell, George Herbert, Thomas Carew, Henry Vaughan, Edmund Waller, Sir William Davenant",The Metaphysical Poets [Naxos Edition] (2012),1 hr 19 mins,79,2023-03-22T23:56:26,2012-08-07,Naxos AudioBooks,com.plexapp.agents.audnexus://B008ROT3OK_us?lang=en,4046,com.plexapp.agents.audnexus://B000APL58G?lang=en
3030,3031,Amberlough,"The Amberlough Dossier, Book 1 - Amberlough",Lara Elena Donnelly,Amberlough (2017) [The Amberlough Dossier 1],11 hrs 27 mins,687,2023-03-29T11:17:42,2017-03-28,Macmillan Audio,com.plexapp.agents.audnexus://B06XP18YTV_us?lang=en,3027,com.plexapp.agents.audnexus://B01N39LU4J?lang=en
3028,3029,Armistice,"The Amberlough Dossier, Book 2 - Armistice",Lara Elena Donnelly,Armistice (2018) [The Amberlough Dossier 2],12 hrs 8 mins,728,2023-03-29T11:20:42,2018-05-22,Macmillan Audio,com.plexapp.agents.audnexus://B07D4LQQYW_us?lang=en,3027,com.plexapp.agents.audnexus://B01N39LU4J?lang=en
2398,2399,Devils,Devils,Fyodor Dostoevsky,Devils (1992),1 day 4 hrs 4 mins,1684,2023-03-29T13:19:28,2013-03-20,Recorded Books,com.plexapp.agents.audnexus://B00BWUBFM4_us?lang=en,3108,com.plexapp.agents.audnexus://B00PENPTBS?lang=en
2396,2397,Letters of Fyodor Michailovitch Dostoyevsky to His Family and Friends,Letters of Fyodor Michailovitch Dostoyevsky to His Family and Friends,Fyodor Dostoevsky,Letters of Fyodor Michailovitch Dostoyevsky to His Family and Friends (Cop),12 hrs,720,2023-04-12T15:05:49,2021-01-28,Patristic Publishing,com.plexapp.agents.audnexus://B08V4TQBQ1_us?lang=en,3108,com.plexapp.agents.audnexus://B00PENPTBS?lang=en
2400,2401,Notes from Underground (Vintage Classics),Notes from Underground (Vintage Classics),Fyodor Dostoevsky,Notes from Underground (Vintage Classics) (1993),5 hrs 45 mins,345,2023-03-23T01:16:43,2020-06-03,"Echo Point Books & Media, LLC",com.plexapp.agents.audnexus://B089KN9J7P_us?lang=en,3108,com.plexapp.agents.audnexus://B00PENPTBS?lang=en
3109,3110,The Adolescent,The Adolescent,Fyodor Dostoevsky,The Adolescent (2013),1 day 4 hrs 26 mins,1706,2023-03-28T22:22:04,2019-01-17,Tantor Audio,com.plexapp.agents.audnexus://1977333613_us?lang=en,3108,com.plexapp.agents.audnexus://B00PENPTBS?lang=en
2689,2690,The Idiot,The Idiot,Fyodor Dostoevsky,The Idiot (2017),1 day 57 mins,1497,2023-03-30T01:00:11,2017-01-01,Naxos AudioBooks,com.plexapp.agents.audnexus://B01N5W7S18_us?lang=en,3108,com.plexapp.agents.audnexus://B00PENPTBS?lang=en
6370,6371,The Brothers Karamazov,The Brothers Karamazov,"Fyodor Dostoevsky, Richard Pevear - translator, Larissa Volokhonsky - translator",The Brothers Karamazov (2024),1 day 18 hrs 16 mins,2536,2024-10-19T21:50:39,2024-05-07,Macmillan Audio,com.plexapp.agents.audnexus://B0CKM7JKD1_us?lang=en,6369,com.plexapp.agents.audnexus://B000APYSC6?lang=en
515,516,Inner Worlds Outer Spaces,Inner Worlds Outer Spaces,Ceridwen Dovey,Inner Worlds Outer Spaces (2019),9 hrs 19 mins,559,2023-09-15T18:55:31,2019-12-03,Penguin Random House Australia Audio,com.plexapp.agents.audnexus://1760896365_us?lang=en,514,com.plexapp.agents.audnexus://B001JS8PYA?lang=en
6314,6315,Songs of the Dying Earth,Songs of the Dying Earth,"Gardner Dozois - editor, George R. R. Martin - editor/author",Songs of the Dying Earth (2009) [The Dying Earth ],1 day 4 hrs 58 mins,1738,2024-10-11T08:32:23,2009-11-24,Brilliance Audio,com.plexapp.agents.audnexus://B003U7N26Y_us?lang=en,6313,com.plexapp.agents.audnexus://B000AQ1NTQ?lang=en
3353,3354,Escaping Exodus,"Escaping Exodus, Book 1 - Escaping Exodus",Nicky Drayden,Escaping Exodus (2019) [Escaping Exodus 1],10 hrs 8 mins,608,2023-03-28T14:57:36,2019-10-15,HarperAudio,com.plexapp.agents.audnexus://0062932314_us?lang=en,3352,com.plexapp.agents.audnexus://B071HMF6YS?lang=en
5322,5323,The Prey of Gods,The Prey of Gods,Nicky Drayden,The Prey of Gods (2017),12 hrs 27 mins,747,2024-07-15T23:21:02,2017-12-12,HarperAudio,com.plexapp.agents.audnexus://B0773TG34V_us?lang=en,3352,com.plexapp.agents.audnexus://B071HMF6YS?lang=en
4708,4709,The Iron King,"The Accursed Kings, Book 1 - The Iron King",Maurice Druon,The Iron King (2013) [The Accursed Kings 1],11 hrs 3 mins,663,2024-05-23T15:03:51,2013-01-31,HarperCollins Publishers Limited,com.plexapp.agents.audnexus://B00B89HF5K_us?lang=en,4705,com.plexapp.agents.audnexus://B000APR81E?lang=en
4716,4717,The Strangled Queen,"The Accursed Kings, Book 2 - The Strangled Queen",Maurice Druon,The Strangled Queen (2013) [The Accursed Kings 2],8 hrs 28 mins,508,2024-05-23T15:05:49,2013-04-11,HarperCollins Publishers Limited,com.plexapp.agents.audnexus://B00C6CT326_us?lang=en,4705,com.plexapp.agents.audnexus://B000APR81E?lang=en
4706,4707,The Poisoned Crown,"The Accursed Kings, Book 3 - The Poisoned Crown",Maurice Druon,The Poisoned Crown (2013) [The Accursed Kings 3],8 hrs 23 mins,503,2024-05-23T15:03:49,2013-09-26,HarperCollins Publishers Limited,com.plexapp.agents.audnexus://B00EJRZ3NY_us?lang=en,4705,com.plexapp.agents.audnexus://B000APR81E?lang=en
4714,4715,The Royal Succession,"The Accursed Kings, Book 4 - The Royal Succession",Maurice Druon,The Royal Succession (2014) [The Accursed Kings 4],10 hrs,600,2024-05-23T15:04:54,2014-01-23,HarperCollins Publishers Limited,com.plexapp.agents.audnexus://B00HZNULJK_us?lang=en,4705,com.plexapp.agents.audnexus://B000APR81E?lang=en
4712,4713,The She Wolf,"The Accursed Kings, Book 5 - The She Wolf",Maurice Druon,The She Wolf (2014) [The Accursed Kings 5],13 hrs 6 mins,786,2024-05-23T15:04:51,2014-04-10,HarperCollins Publishers Limited,com.plexapp.agents.audnexus://B00J9OB2IC_us?lang=en,4705,com.plexapp.agents.audnexus://B000APR81E?lang=en
4710,4711,The Lily and the Lion,"The Accursed Kings, Book 6 - The Lily and the Lion",Maurice Druon,The Lily and the Lion (2014) [The Accursed Kings 6],11 hrs 47 mins,707,2024-05-23T15:04:49,2014-09-25,HarperCollins Publishers Limited,com.plexapp.agents.audnexus://B00NGVV88I_us?lang=en,4705,com.plexapp.agents.audnexus://B000APR81E?lang=en
4718,4719,"The King Without a Kingdom (The Accursed Kings, Book 7)","The Accursed Kings, Book 7 - The King Without a Kingdom (The Accursed Kings, Book 7)",Maurice Druon,"The King Without a Kingdom (The Accursed Kings, Book 7) (2015) [The Accursed Kings 7]",11 hrs 43 mins,703,2024-05-23T15:05:51,2015-01-01,HarperCollins Publishers Limited,com.plexapp.agents.audnexus://B00R59NIE4_us?lang=en,4705,com.plexapp.agents.audnexus://B000APR81E?lang=en
3036,3037,Advise and Consent,"Advise and Consent, Book 1 - Advise and Consent",Allen Drury,Advise and Consent (2015) [Advise and Consent 1],1 day 9 hrs 19 mins,1999,2023-03-29T11:13:06,2015-05-13,Lantern Audio,com.plexapp.agents.audnexus://B00XIM8R2U_us?lang=en,3035,com.plexapp.agents.audnexus://B000AQ8RMW?lang=en
4413,4414,Supercommunicators,Supercommunicators,Charles Duhigg,Supercommunicators (2024),7 hrs 29 mins,449,2024-04-18T10:00:48,2024-02-20,Random House Audio,com.plexapp.agents.audnexus://B0C6YM6Q41_us?lang=en,4412,com.plexapp.agents.audnexus://B006X0XPLM?lang=en
2427,2428,The Three Musketeers,"D'Artagnan: The Musketeers Cycle, Book 1 - The Three Musketeers",Alexandre Dumas,The Three Musketeers (2008) [D'Artagnan The Musketeers Cycle 1],23 hrs 33 mins,1413,2023-04-12T09:57:15,2009-03-03,Tantor Audio,com.plexapp.agents.audnexus://B002UZJF4U_us?lang=en,2426,com.plexapp.agents.audnexus://B00KAMUM9M?lang=en
9203,9204,The Count of Monte Cristo,"The Seaside Library, Book 1 - The Count of Monte Cristo",Alexandre Dumas,The Count of Monte Cristo (2011) [The Seaside Library 1],2 days 4 hrs 42 mins,3162,2026-03-20T10:13:20,2011-08-04,Naxos AudioBooks,com.plexapp.agents.audnexus://B005GFQ5WQ_us?lang=en,2426,com.plexapp.agents.audnexus://B00KAMUM9M?lang=en
2436,2437,In the Name of the Family,In the Name of the Family,Sarah Dunant,In the Name of the Family (2017),14 hrs 12 mins,852,2023-04-12T08:49:54,2017-03-07,Random House Audio,com.plexapp.agents.audnexus://B06WD5HGY5_us?lang=en,2435,com.plexapp.agents.audnexus://B000AP9LPU?lang=en
8081,8082,An Indigenous Peoples' History of the United States,An Indigenous Peoples' History of the United States,Roxanne Dunbar-Ortiz,An Indigenous Peoples' History of the United States (2014) [ReVisioning History ],9 hrs 49 mins,589,2025-05-23T00:12:26,2014-11-18,Tantor Audio,com.plexapp.agents.audnexus://B00P1RW1CC_us?lang=en,8080,com.plexapp.agents.audnexus://B001HQ28N8?lang=en
6967,6968,Vellum,Vellum,Hal Duncan,Vellum (2011),18 hrs 46 mins,1126,2025-01-31T02:34:18,2011-01-01,,local://6967,6966,com.plexapp.agents.audnexus://B001IQZI8O?lang=en
3863,3864,The Storm Before the Storm,The Storm Before the Storm,Mike Duncan,The Storm Before the Storm (2017),10 hrs 14 mins,614,2023-03-23T16:53:38,2017-10-24,PublicAffairs,com.plexapp.agents.audnexus://B0747WH1RK_us?lang=en,3862,com.plexapp.agents.audnexus://B001K7VU74?lang=en
2700,2701,The Game of Kings,"Legendary Lymond Chronicles, Book 1 - The Game of Kings",Dorothy Dunnett,The Game of Kings (2010) [Legendary Lymond Chronicles 1],1 day 49 mins,1489,2023-03-30T00:57:31,2019-05-14,Random House Audio,com.plexapp.agents.audnexus://1984844474_us?lang=en,2699,com.plexapp.agents.audnexus://B000APE786?lang=en
2702,2703,Niccolo Rising,"The House of Niccolo, Book 1 - Niccolo Rising",Dorothy Dunnett,Niccolo Rising (1986) [The House of Niccolo 1],22 hrs 21 mins,1341,2023-03-23T16:54:20,2019-09-05,Penguin Audio,com.plexapp.agents.audnexus://B07DJN8W5T_us?lang=en,2699,com.plexapp.agents.audnexus://B000APE786?lang=en
7357,7358,In the Land of Time,In the Land of Time,Lord Dunsany,In the Land of Time (2019),17 hrs 9 mins,1029,2025-03-17T00:35:09,2019-03-26,Tantor Audio,com.plexapp.agents.audnexus://1977346863_us?lang=en,75,com.plexapp.agents.audnexus://B001IQWJIQ?lang=en
76,77,The Charwoman's Shadow,The Charwoman's Shadow,Lord Dunsany,The Charwoman's Shadow (2022-02-08),7 hrs 31 mins,451,2024-03-07T10:43:43,2022-02-08,Spoken Realms,com.plexapp.agents.audnexus://B09RTQ5CKV_us?lang=en,75,com.plexapp.agents.audnexus://B001IQWJIQ?lang=en
3505,3506,Linesman,"Linesman, Book 1 - Linesman",S. K. Dunstall,Linesman (2015) [Linesman 1],12 hrs 42 mins,762,2023-03-28T00:04:39,2015-06-30,Recorded Books,com.plexapp.agents.audnexus://B00ZY8PGWK_us?lang=en,3502,com.plexapp.agents.audnexus://B00QRDSJY8?lang=en
3503,3504,Alliance,"Linesman, Book 2 - Alliance",S. K. Dunstall,Alliance (2016) [Linesman 2],13 hrs 17 mins,797,2023-03-28T00:09:26,2016-02-25,Recorded Books,com.plexapp.agents.audnexus://B01C633WQW_us?lang=en,3502,com.plexapp.agents.audnexus://B00QRDSJY8?lang=en
2970,2971,Caesar and Christ,"The Story of Civilization, Book 3 - Caesar and Christ",Will Durant,Caesar and Christ (2011) [The Story of Civilization 3],1 day 12 hrs 32 mins,2192,2023-03-29T12:00:02,2014-02-17,"Blackstone Audio, Inc.",com.plexapp.agents.audnexus://B00IFL2GS0_us?lang=en,2969,com.plexapp.agents.audnexus://B00N3MKTAI?lang=en
3922,3923,The Forgetting Moon,"The Five Warrior Angels, Book 1 - The Forgetting Moon",Brian Lee Durfee,The Forgetting Moon (2016) [The Five Warrior Angels 1],1 day 6 hrs 45 mins,1845,2023-03-23T01:17:38,2019-01-30,Recorded Books,com.plexapp.agents.audnexus://1980029768_us?lang=en,3921,com.plexapp.agents.audnexus://B01LFNNKHA?lang=en
7560,7561,Justine,"The Alexandria Quartet, Book 1 - Justine",Lawrence Durrell,Justine (2021) [The Alexandria Quartet 1],8 hrs 52 mins,532,2025-04-11T22:21:29,2021-07-03,Naxos AudioBooks,com.plexapp.agents.audnexus://1781983860_us?lang=en,7559,com.plexapp.agents.audnexus://B000AQ6KHG?lang=en
5274,5275,The Superluminal Universe,The Superluminal Universe,"Régis Dutheil, Brigitte Dutheil, Matt Raymond - translator",The Superluminal Universe (2024),5 hrs 17 mins,317,2024-07-11T00:11:04,2024-06-11,Tantor Audio,com.plexapp.agents.audnexus://B0D5DPHT6D_us?lang=en,5273,com.plexapp.agents.audnexus://B004N8RCHE?lang=en
843,844,Vita Nostra,"Vita Nostra, Book 1 - Vita Nostra","Sergey Dyachenko, Marina Dyachenko, Julia Meitov Hersey - translator",Vita Nostra (2013) [Vita Nostra 1],18 hrs 21 mins,1101,2023-07-22T12:55:22,2018-11-13,HarperAudio,com.plexapp.agents.audnexus://0062876341_us?lang=en,842,com.plexapp.agents.audnexus://B007DCCVTG?lang=en
3217,3218,The Councillor,The Councillor,E.J. Beaton,The Councillor (2021),19 hrs 3 mins,1143,2023-03-28T15:41:53,2020-01-01,,local://3217,3216,plex://artist/5d07bf69403c64029074efe7
1858,1859,How Rory Thorne Destroyed the Multiverse,"The Thorne Chronicles, Book 1 - How Rory Thorne Destroyed the Multiverse",K. Eason,How Rory Thorne Destroyed the Multiverse Arithmancy and Anarchy (2019) [The Thorne Chronicles 1],11 hrs 28 mins,688,2023-04-26T02:14:46,2019-10-08,Tantor Audio,com.plexapp.agents.audnexus://1977377122_us?lang=en,1855,com.plexapp.agents.audnexus://B019AB3B8C?lang=en
1856,1857,How the Multiverse Got Its Revenge,"The Thorne Chronicles, Book 2 - How the Multiverse Got Its Revenge",K. Eason,How the Multiverse Got Its Revenge (2020) [The Thorne Chronicles 2],12 hrs 48 mins,768,2023-04-26T02:15:05,2020-11-10,Tantor Media,com.plexapp.agents.audnexus://1977377130_us?lang=en,1855,com.plexapp.agents.audnexus://B019AB3B8C?lang=en
1860,1861,Nightwatch on the Hinterlands,"The Weep Series, Book 1 - Nightwatch on the Hinterlands",K. Eason,Nightwatch on the Hinterlands (2021) [The Weep Series 1],13 hrs 5 mins,785,2023-04-26T02:14:22,2022-03-08,Tantor Audio,com.plexapp.agents.audnexus://B09SVQDV2N_us?lang=en,1855,com.plexapp.agents.audnexus://B019AB3B8C?lang=en
1927,1928,Baudolino,Baudolino,Umberto Eco,Baudolino (2000),18 hrs 54 mins,1134,2023-04-04T22:03:28,2012-11-20,Recorded Books,com.plexapp.agents.audnexus://B00A9Z2CXE_us?lang=en,2570,com.plexapp.agents.audnexus://B000APW210?lang=en
1919,1920,Foucault's Pendulum,Foucault's Pendulum,Umberto Eco,Foucault's Pendulum (),21 hrs 24 mins,1284,2023-04-24T21:18:27,2000-02-03,Macmillan Audio,com.plexapp.agents.audnexus://B002UZMX6M_us?lang=en,2570,com.plexapp.agents.audnexus://B000APW210?lang=en
1923,1924,How to Write a Thesis,How to Write a Thesis,Umberto Eco,How to Write a Thesis (),8 hrs 15 mins,495,2023-04-04T22:13:35,2015-04-17,"Gildan Media, LLC",com.plexapp.agents.audnexus://B00W8138RQ_us?lang=en,2570,com.plexapp.agents.audnexus://B000APW210?lang=en
2571,2572,Numero Zero,Numero Zero,Umberto Eco,Numero Zero (2015),5 hrs 4 mins,304,2023-04-04T22:16:48,2015-11-03,Recorded Books,com.plexapp.agents.audnexus://B014I3RO9Y_us?lang=en,2570,com.plexapp.agents.audnexus://B000APW210?lang=en
1925,1926,The Mysterious Flame of Queen Loana,The Mysterious Flame of Queen Loana,Umberto Eco,The Mysterious Flame of Queen Loana (2004),14 hrs 49 mins,889,2023-04-04T22:05:23,2005-07-01,Recorded Books,com.plexapp.agents.audnexus://B002V8KX8I_us?lang=en,2570,com.plexapp.agents.audnexus://B000APW210?lang=en
2538,2539,The Name of the Rose,The Name of the Rose,Umberto Eco,The Name of the Rose (1980),19 hrs 47 mins,1187,2023-04-05T21:53:13,2013-12-17,Macmillan Audio,com.plexapp.agents.audnexus://B00HCQCGJ8_us?lang=en,2570,com.plexapp.agents.audnexus://B000APW210?lang=en
1921,1922,The Prague Cemetery,The Prague Cemetery,Umberto Eco,The Prague Cemetery (2011),14 hrs 25 mins,865,2023-04-04T22:30:39,2022-10-25,HarperAudio,com.plexapp.agents.audnexus://B0BF17VW4C_us?lang=en,2570,com.plexapp.agents.audnexus://B000APW210?lang=en
5313,5314,Late Bloomer,Late Bloomer,Mazey Eddings,Late Bloomer (2024),9 hrs 33 mins,573,2024-07-14T12:15:53,2024-04-16,Macmillan Audio,com.plexapp.agents.audnexus://B0C3NWV3DN_us?lang=en,5312,com.plexapp.agents.audnexus://B0938R4VQX?lang=en
7590,7591,The Worm Ouroboros,The Worm Ouroboros,E. R. Eddison,The Worm Ouroboros (2018),20 hrs 6 mins,1206,2025-04-22T15:02:48,2018-04-25,Spoken Realms,com.plexapp.agents.audnexus://B07CMCG4RL_us?lang=en,7589,com.plexapp.agents.audnexus://B000AP8LLU?lang=en
5417,5418,The Potlikker Papers,The Potlikker Papers,John T. Edge,The Potlikker Papers (2017),10 hrs 8 mins,608,2024-07-23T22:48:09,2017-05-16,Penguin Audio,com.plexapp.agents.audnexus://B06ZYHC6YT_us?lang=en,5416,com.plexapp.agents.audnexus://B001ITWZWS?lang=en
1099,1100,The Witch King,"The Witch King Duology, Book 1 - The Witch King",H.E. Edgmon,The Witch King (2021) [The Witch King Duology 1],12 hrs 2 mins,722,2023-06-19T12:01:44,2021-06-01,Harlequin Audio,com.plexapp.agents.audnexus://1488211248_us?lang=en,1098,com.plexapp.agents.audnexus://B08M2THVGG?lang=en
5070,5071,May Contain Lies,May Contain Lies,Alex Edmans,May Contain Lies (2024),8 hrs 33 mins,513,2024-06-11T10:51:43,2024-06-04,"HighBridge, a division of Recorded Books",com.plexapp.agents.audnexus://B0D4MV1F5S_us?lang=en,5069,com.plexapp.agents.audnexus://B085T8SKS5?lang=en
2697,2698,The Hanged Man,"The Tarot Sequence, Book 2 - The Hanged Man",K. D. Edwards,The Hanged Man (2020) [The Tarot Sequence 2],15 hrs 13 mins,913,2023-03-30T00:58:42,2019-12-19,Audible Studios,com.plexapp.agents.audnexus://B081TLXVZV_us?lang=en,2694,com.plexapp.agents.audnexus://B00BMVSKRQ?lang=en
2695,2696,The Hourglass Throne,"The Tarot Sequence, Book 3 - The Hourglass Throne",K. D. Edwards,The Hourglass Throne (2022) [The Tarot Sequence 3],14 hrs 19 mins,859,2023-04-04T13:43:10,2022-05-17,Audible Studios,com.plexapp.agents.audnexus://B09ZK5CCPW_us?lang=en,2694,com.plexapp.agents.audnexus://B00BMVSKRQ?lang=en
828,829,When Gravity Fails,"Marid Audran, Book 1 - When Gravity Fails",George Alec Effinger,When Gravity Fails (1987) [Marid Audran 1],11 hrs 51 mins,711,2023-07-23T11:10:21,2011-03-03,Audible Studios,com.plexapp.agents.audnexus://B004QDNOWS_us?lang=en,827,com.plexapp.agents.audnexus://B000AQ8RSG?lang=en
2594,2595,Diaspora,Diaspora,Greg Egan,Diaspora (2013),11 hrs 47 mins,707,2023-04-04T13:40:27,2013-11-25,Audible Studios,com.plexapp.agents.audnexus://B00GMPEKHG_us?lang=en,2587,com.plexapp.agents.audnexus://B000AQ3HJA?lang=en
2592,2593,Incandescence,Incandescence,Greg Egan,Incandescence (2013),11 hrs 24 mins,684,2023-04-04T22:07:49,2014-02-03,Audible Studios,com.plexapp.agents.audnexus://B00HWZG5PA_us?lang=en,2587,com.plexapp.agents.audnexus://B000AQ3HJA?lang=en
2590,2591,Permutation City,Permutation City,Greg Egan,Permutation City (2013),12 hrs 58 mins,778,2023-04-04T22:08:30,2013-11-25,Audible Studios,com.plexapp.agents.audnexus://B00GHUHVPO_us?lang=en,2587,com.plexapp.agents.audnexus://B000AQ3HJA?lang=en
2588,2589,Schild's Ladder,Schild's Ladder,Greg Egan,Schild's Ladder (2013),11 hrs 2 mins,662,2023-04-04T22:08:45,2013-12-30,Audible Studios,com.plexapp.agents.audnexus://B00HAGS6V2_us?lang=en,2587,com.plexapp.agents.audnexus://B000AQ3HJA?lang=en
8028,8029,A Fever in the Heartland,A Fever in the Heartland,Timothy Egan,A Fever in the Heartland (2023),10 hrs 30 mins,630,2025-05-19T09:19:48,2023-04-04,Penguin Audio,com.plexapp.agents.audnexus://B0B9PQB6NK_us?lang=en,8027,com.plexapp.agents.audnexus://B000APEFME?lang=en
8665,8666,The Big Burn,The Big Burn,Timothy Egan,The Big Burn (2020),9 hrs 59 mins,599,2025-10-08T11:18:34,2020-08-28,Mariner Books,com.plexapp.agents.audnexus://0358418046_us?lang=en,8027,com.plexapp.agents.audnexus://B000APEFME?lang=en
2674,2675,Year of Meteors,Year of Meteors,Douglas R. Egerton,Year of Meteors (2010),13 hrs 24 mins,804,2023-03-30T01:02:27,2013-01-29,Audible Studios for Bloomsbury,com.plexapp.agents.audnexus://B00B2AL36W_us?lang=en,2673,com.plexapp.agents.audnexus://B001IYVGX2?lang=en
566,567,The Rigor of Angels,The Rigor of Angels,William Egginton,The Rigor of Angels (2023),10 hrs 14 mins,614,2023-09-05T21:28:03,2023-08-29,Random House Audio,com.plexapp.agents.audnexus://B0BPF3FVWV_us?lang=en,565,com.plexapp.agents.audnexus://B001JP2EMM?lang=en
2626,2627,The Informant,The Informant,Kurt Eichenwald,The Informant (2000),1 day 2 mins,1442,2023-04-04T13:43:32,2005-12-27,Random House Audio,com.plexapp.agents.audnexus://B002V8KJMS_us?lang=en,2625,com.plexapp.agents.audnexus://B000AP9W4A?lang=en
509,510,Time of the Magicians,Time of the Magicians,"Wolfram Eilenberger, Shaun Whiteside",Time of the Magicians (2020),13 hrs,780,2023-09-15T22:56:18,2020-08-18,Penguin Audio,com.plexapp.agents.audnexus://0593211316_us?lang=en,508,com.plexapp.agents.audnexus://B00459ZUT8?lang=en
4121,4122,This Is How You Lose The Time War,This Is How You Lose The Time War,"Amal El-Mohtar, Max Gladstone",This Is How You Lose the Time War (2019),4 hrs 16 mins,256,2023-03-22T17:02:20,2019-07-16,Simon & Schuster Audio,com.plexapp.agents.audnexus://1508287058_us?lang=en,4120,com.plexapp.agents.audnexus://B004LSTMT2?lang=en
1583,1584,Daniel Deronda,Daniel Deronda,George Eliot,Daniel Deronda (2015),1 day 12 hrs 5 mins,2165,2023-05-02T11:23:52,2006-09-25,"Blackstone Audio, Inc.",com.plexapp.agents.audnexus://B002V5J12A_us?lang=en,1582,com.plexapp.agents.audnexus://B00KEZJQU6?lang=en
2820,2821,The Poems of T. S. Eliot,The Poems of T. S. Eliot,T. S. Eliot,The Poems of T. S. Eliot (2015),3 hrs 42 mins,222,2023-03-29T18:49:51,2018-04-05,Faber & Faber,com.plexapp.agents.audnexus://B079ZBZCRZ_us?lang=en,2819,com.plexapp.agents.audnexus://B000AQ1X0U?lang=en
5170,5171,Museum Worthy,Museum Worthy,Elizabeth Campbell,Museum Worthy (2024),12 hrs 3 mins,723,2024-06-29T09:53:54,2024-05-14,Tantor Audio,com.plexapp.agents.audnexus://B0D2M5TBQ2_us?lang=en,5169,local://5169
4891,4892,The Death Shift,The Death Shift,Peter Elkind,The Death Shift (2021),15 hrs 28 mins,928,2024-06-02T23:39:14,2021-11-18,Elkind Media LLC,com.plexapp.agents.audnexus://B09M65KCL9_us?lang=en,4890,com.plexapp.agents.audnexus://B001K8C85G?lang=en
8141,8142,Places of the Heart,Places of the Heart,Colin Ellard,Places of the Heart (2018),8 hrs 32 mins,512,2025-05-30T17:13:53,2018-12-27,Colin Ellard,com.plexapp.agents.audnexus://B07M62CX68_us?lang=en,8130,com.plexapp.agents.audnexus://B002BRBDUQ?lang=en
5570,5571,The Keeper's Six,The Keeper's Six,Kate Elliott,The Keeper's Six (2023),11 hrs 26 mins,686,2024-08-14T09:26:28,2023-04-11,Podium Audio,com.plexapp.agents.audnexus://B0BS1W4DZF_us?lang=en,3481,com.plexapp.agents.audnexus://B000APHA5I?lang=en
3482,3483,Cold Magic,"The Spiritwalker Trilogy, Book 1 - Cold Magic",Kate Elliott,Cold Magic (2010) [The Spiritwalker Trilogy 1],17 hrs 46 mins,1066,2023-03-28T09:01:05,2013-08-13,Recorded Books,com.plexapp.agents.audnexus://B00EHIDEUO_us?lang=en,3481,com.plexapp.agents.audnexus://B000APHA5I?lang=en
4149,4150,Axiom's End,"Noumena, Book 1 - Axiom's End",Lindsay Ellis,Axiom's End (2020) [Noumena 1],16 hrs 3 mins,963,2023-03-22T16:50:20,2020-07-21,Macmillan Audio,com.plexapp.agents.audnexus://1250753023_us?lang=en,4148,com.plexapp.agents.audnexus://B0821NTMNS?lang=en
4151,4152,Truth of the Divine,"Noumena, Book 2 - Truth of the Divine",Lindsay Ellis,Truth of the Divine (2021) [Noumena 2],17 hrs 19 mins,1039,2023-03-22T16:49:33,2021-10-19,Macmillan Audio,com.plexapp.agents.audnexus://1250819032_us?lang=en,4148,com.plexapp.agents.audnexus://B0821NTMNS?lang=en
6269,6270,The Last Dangerous Visions,The Last Dangerous Visions,Harlan Ellison,The Last Dangerous Visions (2024) [The Dangerous Visions Series ],14 hrs 32 mins,872,2024-10-07T21:52:24,2024-10-01,Blackstone Publishing,com.plexapp.agents.audnexus://B0CXC14YRQ_us?lang=en,6268,com.plexapp.agents.audnexus://B000APZU8C?lang=en
335,336,Untangled,Untangled,Koshin Paley Ellison,Untangled (2022-11-08),8 hrs 45 mins,525,2023-12-14T21:03:52,2022-11-08,Balance,com.plexapp.agents.audnexus://B0B2C9R7R7_us?lang=en,334,com.plexapp.agents.audnexus://B019HTQZVM?lang=en
2162,2163,Invisible Man,Invisible Man,Ralph Ellison,Invisible Man (1952),18 hrs 36 mins,1116,2023-04-19T21:48:54,2010-12-21,Random House Audio,com.plexapp.agents.audnexus://B004GAN8H2_us?lang=en,2161,com.plexapp.agents.audnexus://B000AP7ZM6?lang=en
2156,2157,May the Best Man Win,"Best Men, Book 1 - May the Best Man Win",ZR Ellor,May the Best Man Win (2021),11 hrs 7 mins,667,2023-04-19T21:55:13,2016-12-20,"Blackstone Audio, Inc.",com.plexapp.agents.audnexus://B01N7EZPKG_us?lang=en,2155,com.plexapp.agents.audnexus://B08NTY2XFP?lang=en
2762,2763,Perfidia,Perfidia,James Ellroy,Perfidia (2014),1 day 4 hrs 8 mins,1688,2023-03-29T21:08:55,2014-09-09,Random House Audio,com.plexapp.agents.audnexus://B00MRAF1FA_us?lang=en,2761,com.plexapp.agents.audnexus://B000AQ50RC?lang=en
6062,6063,Book and Dagger,Book and Dagger,Elyse Graham,Book and Dagger (2024),10 hrs 55 mins,655,2024-10-01T01:25:36,2024-09-24,HarperAudio,com.plexapp.agents.audnexus://B0CQYYB8Q4_us?lang=en,6061,local://6061
5219,5220,Winter Tide,"The Innsmouth Legacy, Book 1 - Winter Tide",Ruthanna Emrys,Winter Tide (2017) [The Innsmouth Legacy 1],12 hrs 29 mins,749,2024-07-02T14:23:59,2017-04-04,Macmillan Audio,com.plexapp.agents.audnexus://B06XGDG8YR_us?lang=en,5218,com.plexapp.agents.audnexus://B01GJ0RVKG?lang=en
1986,1987,The Book of Ivy,"The Book of Ivy, Book 1 - The Book of Ivy",Amy Engel,The Book of Ivy (2014) [The Book of Ivy 1],8 hrs 49 mins,529,2023-04-23T23:27:30,2014-11-11,Listening Library,com.plexapp.agents.audnexus://B00OYFUTAS_us?lang=en,1985,com.plexapp.agents.audnexus://B00QNT4H9C?lang=en
8979,8980,The Works of Vermin,The Works of Vermin,Hiron Ennes,The Works of Vermin (2025),19 hrs 34 mins,1174,2026-02-09T20:12:12,2025-10-14,Macmillan Audio,com.plexapp.agents.audnexus://B0DX33FJYJ_us?lang=en,8978,com.plexapp.agents.audnexus://B09HSPHT96?lang=en
3359,3360,Servants of the Damned,Servants of the Damned,David Enrich,Servants of the Damned (2022),10 hrs 45 mins,645,2023-03-28T14:56:51,2022-09-13,HarperAudio,com.plexapp.agents.audnexus://B09TWZM65H_us?lang=en,3358,com.plexapp.agents.audnexus://B01KM2RBEI?lang=en
3356,3357,Heartburn,Heartburn,Nora Ephron,Heartburn (2011),5 hrs 30 mins,330,2023-03-28T14:57:03,2013-07-09,Random House Audio,com.plexapp.agents.audnexus://B009S8FXS4_us?lang=en,3355,com.plexapp.agents.audnexus://B000APEBNW?lang=en
7331,7332,Extreme Punishment,Extreme Punishment,Steven B. Epstein,Extreme Punishment (2022),23 hrs 32 mins,1412,2025-03-15T21:25:17,2022-12-12,Black Lyon Publishing,com.plexapp.agents.audnexus://B0BPR8L4SY_us?lang=en,7330,com.plexapp.agents.audnexus://B07SVM2K2B?lang=en
2923,2924,Forge of Darkness,"Kharkanas Trilogy, Book 1, Parts 1-2 - Forge of Darkness",Steven Erikson,Forge of Darkness (2012) [Kharkanas Trilogy 1],1 day 7 hrs 56 mins,1916,2023-03-29T13:21:19,2012-11-06,Brilliance Audio,com.plexapp.agents.audnexus://B00A27BOFQ_us?lang=en,2922,com.plexapp.agents.audnexus://B000APIXTU?lang=en
2925,2926,Fall of Light,"Kharkanas Trilogy, Book 2 - Fall of Light",Steven Erikson,Fall of Light (2016) [Kharkanas Trilogy 2],1 day 20 hrs 42 mins,2682,2023-03-29T12:58:24,2016-04-26,Brilliance Audio,com.plexapp.agents.audnexus://B01EM5MO7U_us?lang=en,2922,com.plexapp.agents.audnexus://B000APIXTU?lang=en
2947,2948,Gardens of the Moon,"Malazan Book of the Fallen Series, Book 1 - Gardens of the Moon",Steven Erikson,Gardens of the Moon (1999) [Malazan Book of the Fallen 1],1 day 2 hrs 3 mins,1563,2023-03-22T22:59:56,2012-10-02,Brilliance Audio,com.plexapp.agents.audnexus://B009KSQJ3U_us?lang=en,2922,com.plexapp.agents.audnexus://B000APIXTU?lang=en
2945,2946,Deadhouse Gates,"Malazan Book of the Fallen Series, Book 2 - Deadhouse Gates",Steven Erikson,Deadhouse Gates (2006) [Malazan Book of the Fallen 2],1 day 10 hrs 6 mins,2046,2023-03-22T23:00:54,2013-02-22,Brilliance Audio,com.plexapp.agents.audnexus://B00BJ5YWLS_us?lang=en,2922,com.plexapp.agents.audnexus://B000APIXTU?lang=en
2943,2944,Memories of Ice,"Malazan Book of the Fallen Series, Book 3 - Memories of Ice",Steven Erikson,Memories of Ice (2006) [Malazan Book of the Fallen 3],1 day 19 hrs 55 mins,2635,2023-03-22T23:01:47,2013-03-28,Brilliance Audio ,com.plexapp.agents.audnexus://B00C295FWK_us?lang=en,2922,com.plexapp.agents.audnexus://B000APIXTU?lang=en
2939,2940,House of Chains,"Malazan Book of the Fallen Series, Book 4 - House of Chains",Steven Erikson,House of Chains (2002) [Malazan Book of the Fallen 4],1 day 11 hrs 5 mins,2105,2023-03-22T23:03:39,2013-11-26,Brilliance Audio,com.plexapp.agents.audnexus://B00GUTGVEE_us?lang=en,2922,com.plexapp.agents.audnexus://B000APIXTU?lang=en
2941,2942,Midnight Tides,"Malazan Book of the Fallen Series, Book 5 - Midnight Tides",Steven Erikson,Midnight Tides (2004) [Malazan Book of the Fallen 5],1 day 7 hrs 5 mins,1865,2023-03-22T23:03:36,2014-01-31,Brilliance Audio,com.plexapp.agents.audnexus://B00I2Y5NIK_us?lang=en,2922,com.plexapp.agents.audnexus://B000APIXTU?lang=en
2937,2938,The Bonehunters,"Malazan Book of the Fallen Series, Book 6 - The Bonehunters",Steven Erikson,The Bonehunters (2006) [Malazan Book of the Fallen 6],1 day 18 hrs 2 mins,2522,2023-03-22T23:04:41,2014-03-27,Brilliance Audio,com.plexapp.agents.audnexus://B00J7XLAUK_us?lang=en,2922,com.plexapp.agents.audnexus://B000APIXTU?lang=en
2929,2930,Reaper's Gale,"Malazan Book of the Fallen Series, Book 7 - Reaper's Gale",Steven Erikson,Reaper's Gale (2007) [Malazan Book of the Fallen 7],1 day 19 hrs 58 mins,2638,2023-03-22T23:08:36,2014-07-30,Brilliance Audio,com.plexapp.agents.audnexus://B00M4LRBY6_us?lang=en,2922,com.plexapp.agents.audnexus://B000APIXTU?lang=en
2931,2932,Toll the Hounds,"Malazan Book of the Fallen Series, Book 8 - Toll the Hounds",Steven Erikson,Toll the Hounds (2008) [Malazan Book of the Fallen 8],1 day 20 hrs 2 mins,2642,2023-03-22T23:07:36,2015-03-16,Brilliance Audio,com.plexapp.agents.audnexus://B00UO410TW_us?lang=en,2922,com.plexapp.agents.audnexus://B000APIXTU?lang=en
2933,2934,Dust of Dreams,"Malazan Book of the Fallen Series, Book 9 - Dust of Dreams",Steven Erikson,Dust of Dreams (2009) [Malazan Book of the Fallen 9],1 day 19 hrs 14 mins,2594,2023-03-22T23:06:44,2015-03-02,Brilliance Audio,com.plexapp.agents.audnexus://B00U0IPOSK_us?lang=en,2922,com.plexapp.agents.audnexus://B000APIXTU?lang=en
2935,2936,The Crippled God,"Malazan Book of the Fallen Series, Book 10 - The Crippled God",Steven Erikson,The Crippled God (2011) [Malazan Book of the Fallen 10],1 day 21 hrs 22 mins,2722,2023-03-22T23:05:46,2015-07-09,Brilliance Audio,com.plexapp.agents.audnexus://B0118MSZCI_us?lang=en,2922,com.plexapp.agents.audnexus://B000APIXTU?lang=en
7223,7224,"Rejoice, a Knife to the Heart","Rejoice, a Knife to the Heart",Steven Erikson,"Rejoice, a Knife to the Heart (2018)",15 hrs 59 mins,959,2025-03-05T15:13:28,2018-10-16,Brilliance Audio,com.plexapp.agents.audnexus://B07HRYVH57_us?lang=en,2922,com.plexapp.agents.audnexus://B000APIXTU?lang=en
5840,5841,The First Collected Tales of Bauchelain and Korbal Broach,The First Collected Tales of Bauchelain and Korbal Broach,Steven Erikson,The First Collected Tales of Bauchelain and Korbal Broach (2023) [Malazan Book of the Fallen Series ],8 hrs 52 mins,532,2024-09-08T23:26:35,2023-11-28,Brilliance Audio,com.plexapp.agents.audnexus://B0CKZJ22P7_us?lang=en,2922,com.plexapp.agents.audnexus://B000APIXTU?lang=en
5838,5839,The Second Collected Tales of Bauchelain and Korbal Broach,The Second Collected Tales of Bauchelain and Korbal Broach,Steven Erikson,The Second Collected Tales of Bauchelain and Korbal Broach (2023) [Malazan Book of the Fallen Series ],14 hrs 50 mins,890,2024-09-08T23:26:35,2023-11-28,Brilliance Audio,com.plexapp.agents.audnexus://B0CKZKLM8B_us?lang=en,2922,com.plexapp.agents.audnexus://B000APIXTU?lang=en
7221,7222,Willful Child,"Willful Child, Book 1 - Willful Child",Steven Erikson,Willful Child (2014) [Willful Child 1],9 hrs 46 mins,586,2025-03-05T15:12:17,2014-11-04,Brilliance Audio,com.plexapp.agents.audnexus://B00OU0CV9Y_us?lang=en,2922,com.plexapp.agents.audnexus://B000APIXTU?lang=en
2927,2928,The God Is Not Willing,"Witness, Book 1 - The God Is Not Willing",Steven Erikson,The God Is Not Willing (2021) [Witness 1],23 hrs 13 mins,1393,2023-03-23T01:23:55,2022-01-04,Brilliance Audio,com.plexapp.agents.audnexus://B09NCKT8V4_us?lang=en,2922,com.plexapp.agents.audnexus://B000APIXTU?lang=en
8685,8686,No Life Forsaken,"Witness, Book 2 - No Life Forsaken",Steven Erikson,No Life Forsaken (2025) [Witness 2],20 hrs 22 mins,1222,2025-10-28T10:48:09,2025-10-28,Brilliance Audio,com.plexapp.agents.audnexus://B0DW9KYCBP_us?lang=en,2922,com.plexapp.agents.audnexus://B000APIXTU?lang=en
261,262,The Measure,The Measure,Nikki Erlick,The Measure (2022-06-28),10 hrs 57 mins,657,2024-01-09T15:16:15,2022-06-28,William Morrow,com.plexapp.agents.audnexus://B09DQ84LCS_us?lang=en,260,com.plexapp.agents.audnexus://B09F5CH8HS?lang=en
3344,3345,Night of Knives,"A Novel of the Malazan Empire, Book 1 - Night of Knives",Ian C Esslemont,Night of Knives (2005) [A Novel of the Malazan Empire 1],9 hrs 58 mins,598,2023-03-28T14:58:12,2016-04-12,Brilliance Audio,com.plexapp.agents.audnexus://B01E4G744U_us?lang=en,3335,com.plexapp.agents.audnexus://B001QV1XBC?lang=en
3336,3337,Return of the Crimson Guard,"A Novel of the Malazan Empire, Book 2 - Return of the Crimson Guard",Ian C Esslemont,Return of the Crimson Guard (2015) [A Novel of the Malazan Empire 2],1 day 8 hrs 8 mins,1928,2023-10-16T21:50:47,2015-12-27,Brilliance Audio,com.plexapp.agents.audnexus://B01G16JFG6_us?lang=en,3335,com.plexapp.agents.audnexus://B001QV1XBC?lang=en
3338,3339,Stonewielder,"A Novel of the Malazan Empire, Book 3 - Stonewielder",Ian C Esslemont,Stonewielder (2015) [A Novel of the Malazan Empire 3],1 day 2 hrs 44 mins,1604,2023-10-16T21:48:54,2015-12-27,Brilliance Audio,com.plexapp.agents.audnexus://B01J903PTO_us?lang=en,3335,com.plexapp.agents.audnexus://B001QV1XBC?lang=en
3340,3341,Blood and Bone,"A Novel of the Malazan Empire, Book 5 - Blood and Bone",Ian C Esslemont,Blood and Bone (2012) [A Novel of the Malazan Empire 5],1 day 2 hrs 35 mins,1595,2023-04-14T11:22:42,2015-12-27,Brilliance Audio,com.plexapp.agents.audnexus://B01N66SSVF_us?lang=en,3335,com.plexapp.agents.audnexus://B001QV1XBC?lang=en
3342,3343,Assail,"A Novel of the Malazan Empire, Book 6 - Assail",Ian C Esslemont,Assail (2014) [A Novel of the Malazan Empire 6],22 hrs 46 mins,1366,2023-04-14T11:22:12,2016-12-29,Brilliance Audio,com.plexapp.agents.audnexus://B01MZ4BXT2_us?lang=en,3335,com.plexapp.agents.audnexus://B001QV1XBC?lang=en
3350,3351,Dancer's Lament,"Malazan Empire: Path to Ascendancy, Book 1 - Dancer's Lament",Ian C Esslemont,Dancer's Lament (2016) [Malazan Empire Path to Ascendancy 1],16 hrs 50 mins,1010,2023-03-28T14:57:56,2016-05-31,Brilliance Audio,com.plexapp.agents.audnexus://B01EXJDTQU_us?lang=en,3335,com.plexapp.agents.audnexus://B001QV1XBC?lang=en
3346,3347,Deadhouse Landing,"Malazan Empire: Path to Ascendancy, Book 2 - Deadhouse Landing",Ian C Esslemont,Deadhouse Landing (2017) [Malazan Empire Path to Ascendancy 2],15 hrs 39 mins,939,2023-08-07T08:34:42,2017-11-14,Brilliance Audio,com.plexapp.agents.audnexus://B0779J4255_us?lang=en,3335,com.plexapp.agents.audnexus://B001QV1XBC?lang=en
3348,3349,Kellanved's Reach,"Malazan Empire: Path to Ascendancy, Book 3 - Kellanved's Reach",Ian C Esslemont,Kellanved's Reach (2019) [Malazan Empire Path to Ascendancy 3],13 hrs 7 mins,787,2023-04-13T23:18:49,2019-04-02,Brilliance Audio,com.plexapp.agents.audnexus://1511377259_us?lang=en,3335,com.plexapp.agents.audnexus://B001QV1XBC?lang=en
2344,2345,Forge of the High Mage,"Malazan Empire: Path to Ascendancy, Book 4 - Forge of the High Mage",Ian C Esslemont,Forge of the High Mage (2023) [Malazan Empire Path to Ascendancy 4],17 hrs 39 mins,1059,2023-04-13T23:19:24,2024-04-09,Brilliance Audio,com.plexapp.agents.audnexus://B0C7LV2MKF_us?lang=en,3335,com.plexapp.agents.audnexus://B001QV1XBC?lang=en
5310,5311,Some People Need Killing,Some People Need Killing,Patricia Evangelista,Some People Need Killing (2024),11 hrs 26 mins,686,2024-07-14T09:18:51,2024-03-26,Random House Audio,com.plexapp.agents.audnexus://B0CVS9W5CP_us?lang=en,5309,com.plexapp.agents.audnexus://B0CKWK9FTN?lang=en
5158,5159,Ethical Hacking,Ethical Hacking,Lester Evans,Ethical Hacking (2019),3 hrs 36 mins,216,2024-06-25T10:25:13,2019-02-05,Lester Evans,com.plexapp.agents.audnexus://B07NDRWNJX_us?lang=en,5157,com.plexapp.agents.audnexus://B001IO9NOG?lang=en
3947,3948,The Coming of the Third Reich,The Coming of the Third Reich,Richard J. Evans,The Coming of the Third Reich (2005),21 hrs 11 mins,1271,2023-03-23T00:58:54,2010-02-11,"Gildan Media, LLC",com.plexapp.agents.audnexus://B00382WC08_us?lang=en,3946,com.plexapp.agents.audnexus://B000APZ9EM?lang=en
258,259,Dr. No,Dr. No,Percival Everett,Dr. No (2022-11-29),6 hrs 23 mins,383,2024-01-09T15:16:20,2022-11-29,Tantor Media,com.plexapp.agents.audnexus://B0BN4QD62Y_us?lang=en,257,com.plexapp.agents.audnexus://B004MU70XE?lang=en
4431,4432,Erasure,Erasure,Percival Everett,Erasure (2023),8 hrs 17 mins,497,2024-04-18T12:49:49,2023-12-26,Tantor Media,com.plexapp.agents.audnexus://B0CQ3G89G2_us?lang=en,257,com.plexapp.agents.audnexus://B004MU70XE?lang=en
4423,4424,James,James,Percival Everett,James (2024),7 hrs 50 mins,470,2024-04-18T12:49:38,2024-03-19,Random House Audio,com.plexapp.agents.audnexus://B0CBCY41WF_us?lang=en,257,com.plexapp.agents.audnexus://B004MU70XE?lang=en
7219,7220,The Wretched of the Earth,The Wretched of the Earth,Frantz Fanon,The Wretched of the Earth (2024),9 hrs 19 mins,559,2025-03-05T15:11:32,2024-09-23,"Echo Point Books & Media, LLC",com.plexapp.agents.audnexus://B0DHT1V9T3_us?lang=en,7218,com.plexapp.agents.audnexus://B001HPZVZ6?lang=en
5067,5068,Underground Empire,Underground Empire,"Henry Farrell, Abraham Newman",Underground Empire (2023),7 hrs 57 mins,477,2024-06-11T10:50:09,2023-09-12,Macmillan Audio,com.plexapp.agents.audnexus://B0BVKRN5FK_us?lang=en,5066,com.plexapp.agents.audnexus://B0034PERV6?lang=en
7975,7976,Catch and Kill,Catch and Kill,Ronan Farrow,Catch and Kill (2019),10 hrs 44 mins,644,2025-05-16T11:27:04,2019-10-15,"Little, Brown & Company",com.plexapp.agents.audnexus://1549170848_us?lang=en,7974,com.plexapp.agents.audnexus://B07CKK1PBJ?lang=en
8051,8052,War on Peace,War on Peace,Ronan Farrow,War on Peace (2018),10 hrs 53 mins,653,2025-05-20T17:48:05,2018-04-24,Audible Studios,com.plexapp.agents.audnexus://B07BGHPXZY_us?lang=en,7974,com.plexapp.agents.audnexus://B07CKK1PBJ?lang=en
5524,5525,The Sound and the Fury,The Sound and the Fury,William Faulkner,The Sound and the Fury (2005),8 hrs 55 mins,535,2024-08-04T21:31:20,2005-07-08,Random House Audio,com.plexapp.agents.audnexus://B002V1LL8Q_us?lang=en,5523,com.plexapp.agents.audnexus://B000APYUP6?lang=en
506,507,Number Go Up,Number Go Up,Zeke Faux,Number Go Up (2023),9 hrs 12 mins,552,2023-09-15T22:57:01,2023-09-12,Random House Audio,com.plexapp.agents.audnexus://B0BZT8S7RZ_us?lang=en,505,com.plexapp.agents.audnexus://B0C5FLJZDG?lang=en
7436,7437,Emily Wilde's Encyclopaedia of Faeries,"Emily Wilde Series, Book 1 - Emily Wilde's Encyclopaedia of Faeries",Heather Fawcett,Emily Wilde's Encyclopaedia of Faeries (2023) [Emily Wilde Series 1],12 hrs 6 mins,726,2025-03-26T14:05:07,2023-01-10,Random House Audio,com.plexapp.agents.audnexus://B09W4VHLH8_us?lang=en,7435,com.plexapp.agents.audnexus://B075ZRRQMX?lang=en
1524,1525,Jane Steele,Jane Steele,Lyndsay Faye,Jane Steele (2016),12 hrs 15 mins,735,2023-03-22T12:57:51,2016-03-22,Penguin Audio,com.plexapp.agents.audnexus://B01D0MAE00_us?lang=en,1521,com.plexapp.agents.audnexus://B002BMHNHS?lang=en
1522,1523,The King of Infinite Space,The King of Infinite Space,Lyndsay Faye,The King of Infinite Space (2021),13 hrs 29 mins,809,2023-05-03T14:41:40,2021-08-10,Penguin Audio,com.plexapp.agents.audnexus://1984833774_us?lang=en,1521,com.plexapp.agents.audnexus://B002BMHNHS?lang=en
5137,5138,How I Rob Banks,How I Rob Banks,FC,How I Rob Banks (2023),7 hrs 6 mins,426,2024-06-23T09:40:41,2023-06-27,Ascent Audio,com.plexapp.agents.audnexus://B0C8VZLPM9_us?lang=en,5136,local://5136
4245,4246,It's Not TV,It's Not TV,"Felix Gillette, John Koblin",It's Not TV (2022),14 hrs 34 mins,874,2023-03-22T12:58:17,2022-11-01,Penguin Audio,com.plexapp.agents.audnexus://B09RTNQ55H_us?lang=en,4244,local://4244
2784,2785,Predator Nation,Predator Nation,Charles H. Ferguson,Predator Nation (2012),13 hrs 30 mins,810,2023-03-29T18:53:51,2012-05-22,Random House Audio,com.plexapp.agents.audnexus://B00846MMFI_us?lang=en,2783,com.plexapp.agents.audnexus://B000APFMMQ?lang=en
1255,1256,The Book of Roads and Kingdoms,The Book of Roads and Kingdoms,Richard Fidler,The Book of Roads and Kingdoms (2022),12 hrs 53 mins,773,2023-06-07T09:44:04,2022-10-19,Bolinda Publishing Pty Ltd,com.plexapp.agents.audnexus://B0BB815Z7M_us?lang=en,1254,com.plexapp.agents.audnexus://B077925TTK?lang=en
5106,5107,Stasis,"Ennek Trilogy, Book 1 - Stasis",Kim Fielding,Stasis (2024) [Ennek Trilogy 1],6 hrs 27 mins,387,2024-06-17T18:49:13,2024-02-09,Kim Fielding,com.plexapp.agents.audnexus://B0CV95W25W_us?lang=en,5101,com.plexapp.agents.audnexus://B006FN2T78?lang=en
5104,5105,Flux,"Ennek Trilogy, Book 2 - Flux",Kim Fielding,Flux (2017) [Ennek Trilogy 2],7 hrs 16 mins,436,2024-06-17T18:49:12,2017-04-20,Kim Fielding,com.plexapp.agents.audnexus://B072NS4V2P_us?lang=en,5101,com.plexapp.agents.audnexus://B006FN2T78?lang=en
5102,5103,Equipoise,"Ennek Trilogy, Book 3 - Equipoise",Kim Fielding,Equipoise (2017) [Ennek Trilogy 3],7 hrs 41 mins,461,2024-06-17T18:49:12,2017-09-29,Kim Fielding,com.plexapp.agents.audnexus://B075Z5F1NX_us?lang=en,5101,com.plexapp.agents.audnexus://B006FN2T78?lang=en
717,718,A Triumph of Genius,A Triumph of Genius,Ronald K. Fierstein,A Triumph of Genius (2015),1 day 16 mins,1456,2023-08-09T00:00:56,2015-02-17,Tantor Audio,com.plexapp.agents.audnexus://B00TA7KIVA_us?lang=en,716,com.plexapp.agents.audnexus://B00OJQEYJY?lang=en
7598,7599,The Art Thief,The Art Thief,Michael Finkel,The Art Thief (2023),5 hrs 40 mins,340,2025-04-26T13:54:02,2023-06-27,Random House Audio,com.plexapp.agents.audnexus://B0BJ4W7LB6_us?lang=en,7597,com.plexapp.agents.audnexus://B004MKZKYA?lang=en
7748,7749,The Man Who Invented Motion Pictures,The Man Who Invented Motion Pictures,Paul Fischer,The Man Who Invented Motion Pictures (2022),12 hrs,720,2025-05-11T11:20:29,2022-04-19,Simon & Schuster Audio,com.plexapp.agents.audnexus://B09FFTDM16_us?lang=en,7747,com.plexapp.agents.audnexus://B00U9OYE1I?lang=en
4268,4269,Ghosts of My Life,Ghosts of My Life,Mark Fisher,Ghosts of My Life (2015),8 hrs 43 mins,523,2023-03-22T12:33:36,2020-12-22,Watkins Media,com.plexapp.agents.audnexus://B08R68G8CK_us?lang=en,4267,com.plexapp.agents.audnexus://B001ILMCRO?lang=en
4270,4271,K-Punk: Music,K-Punk: Music,Mark Fisher,K-Punk (2020),9 hrs 24 mins,564,2023-03-22T12:08:18,2023-07-21,Watkins Publishing,com.plexapp.agents.audnexus://B0CCK1QHM9_us?lang=en,4267,com.plexapp.agents.audnexus://B001ILMCRO?lang=en
4272,4273,Postcapitalist Desire,Postcapitalist Desire,Mark Fisher,Postcapitalist Desire (2021),7 hrs 31 mins,451,2023-03-22T12:07:55,2021-04-21,Repeater Books,com.plexapp.agents.audnexus://B092SV49HZ_us?lang=en,4267,com.plexapp.agents.audnexus://B001ILMCRO?lang=en
534,535,Tender Is the Night,Tender Is the Night,F. Scott Fitzgerald,Tender Is the Night (1933),12 hrs 36 mins,756,2023-07-12T21:07:42,2014-04-22,Audible Studios,com.plexapp.agents.audnexus://B00J5RDXUS_us?lang=en,529,com.plexapp.agents.audnexus://B0897RXXN9?lang=en
530,531,The Beautiful and Damned,The Beautiful and Damned,F. Scott Fitzgerald,The Beautiful and Damned (2002),13 hrs 2 mins,782,2023-09-12T23:18:28,2002-06-21,"Blackstone Audio, Inc.",com.plexapp.agents.audnexus://B002UUMT3E_us?lang=en,529,com.plexapp.agents.audnexus://B0897RXXN9?lang=en
532,533,This Side of Paradise (AmazonClassics Edition),This Side of Paradise (AmazonClassics Edition),F. Scott Fitzgerald,This Side of Paradise (AmazonClassics Edition) (2017),9 hrs 7 mins,547,2023-07-23T11:26:02,2017-10-31,Brilliance Audio,com.plexapp.agents.audnexus://B076T8QBWP_us?lang=en,529,com.plexapp.agents.audnexus://B0897RXXN9?lang=en
8043,8044,The Butchering Art,The Butchering Art,Lindsey Fitzharris,The Butchering Art (2017),7 hrs 30 mins,450,2025-05-20T12:14:37,2017-10-31,Audible Studios,com.plexapp.agents.audnexus://B075Y1KNTZ_us?lang=en,8042,com.plexapp.agents.audnexus://B06VWMDL4M?lang=en
8121,8122,The Road Out of Hell,The Road Out of Hell,"Anthony Flacco, Jerry Clark",The Road Out of Hell (2014),9 hrs 17 mins,557,2025-05-27T20:09:22,2014-05-27,Audible Studios,com.plexapp.agents.audnexus://B00K8BWAAY_us?lang=en,8120,com.plexapp.agents.audnexus://B001HCXM0A?lang=en
1597,1598,Madame Bovary,Madame Bovary,Gustave Flaubert,Madame Bovary (Cop),14 hrs 15 mins,855,2023-05-02T09:06:32,1999-07-07,Recorded Books,com.plexapp.agents.audnexus://B002V085JK_us?lang=en,1596,com.plexapp.agents.audnexus://B00TVHD2LW?lang=en
6336,6337,Murder Among Friends,Murder Among Friends,Candace Fleming,Murder Among Friends (2022),7 hrs 23 mins,443,2024-10-15T13:32:21,2022-03-29,Listening Library,com.plexapp.agents.audnexus://059350657X_us?lang=en,6335,com.plexapp.agents.audnexus://B001H6MH6G?lang=en
7349,7350,Smoke and Stone,"City of Sacrifice, Book 1 - Smoke and Stone",Michael R. Fletcher,Smoke and Stone (2019) [City of Sacrifice 1],10 hrs 24 mins,624,2025-03-16T02:55:04,2019-12-20,Michael R. Fletcher,com.plexapp.agents.audnexus://B082X6WVCY_us?lang=en,2579,com.plexapp.agents.audnexus://B0115P5QT8?lang=en
7421,7422,Ash and Bones,"City of Sacrifice, Book 2 - Ash and Bones",Michael R. Fletcher,Ash and Bones (2020) [City of Sacrifice 2],17 hrs 41 mins,1061,2025-03-23T13:57:34,2020-12-17,Michael R. Fletcher,com.plexapp.agents.audnexus://B08QV4Y17H_us?lang=en,2579,com.plexapp.agents.audnexus://B0115P5QT8?lang=en
2580,2581,Beyond Redemption,"Manifest Delusions, Book 1 - Beyond Redemption",Michael R. Fletcher,Beyond Redemption (2015) [Manifest Delusions 1],15 hrs 22 mins,922,2023-04-04T22:12:30,2021-04-06,Podium Audio,com.plexapp.agents.audnexus://1774248662_us?lang=en,2579,com.plexapp.agents.audnexus://B0115P5QT8?lang=en
7393,7394,Norylska Groans,Norylska Groans,Michael R. Fletcher,Norylska Groans (2022),11 hrs 51 mins,711,2025-03-20T22:32:51,2022-09-06,Tantor Audio,com.plexapp.agents.audnexus://B0BBPDR3PD_us?lang=en,2579,com.plexapp.agents.audnexus://B0115P5QT8?lang=en
2582,2583,Black Stone Heart,"The Obsidian Path, Book 1 - Black Stone Heart",Michael R. Fletcher,Black Stone Heart (2020) [The Obsidian Path 1],13 hrs 7 mins,787,2023-03-28T15:00:09,2020-06-03,Michael R. Fletcher,com.plexapp.agents.audnexus://B089KNP8JY_us?lang=en,2579,com.plexapp.agents.audnexus://B0115P5QT8?lang=en
9655,9656,Outgunned,Outgunned,Denny Flowers,Outgunned (2022),10 hrs 1 min,601,2026-04-17T00:46:59,2022-08-20,Black Library,com.plexapp.agents.audnexus://B0B7SLN78Y_us?lang=en,9654,com.plexapp.agents.audnexus://B07Z2NDVDW?lang=en
6691,6692,The Order,The Order,Kevin Flynn,The Order (2024),20 hrs 26 mins,1226,2024-12-16T11:51:26,2024-12-10,Simon & Schuster Audio,com.plexapp.agents.audnexus://B0DDV41D9C_us?lang=en,6690,com.plexapp.agents.audnexus://B0039BT1X4?lang=en
3869,3870,Eifelheim,Eifelheim,Michael Flynn,Eifelheim (2006),18 hrs 46 mins,1126,2023-03-23T16:51:34,2007-07-19,"Blackstone Audio, Inc.",com.plexapp.agents.audnexus://B002UZJSRY_us?lang=en,3868,com.plexapp.agents.audnexus://B000APBAJA?lang=en
2387,2388,The Hunting Party,The Hunting Party,Lucy Foley,The Hunting Party (2019),10 hrs 4 mins,604,2023-04-12T22:09:51,2019-02-12,William Morrow,com.plexapp.agents.audnexus://B07ML4TMLS_us?lang=en,2386,com.plexapp.agents.audnexus://B00LMBVZNC?lang=en
5118,5119,The Midnight Feast,The Midnight Feast,Lucy Foley,The Midnight Feast (2024),10 hrs 21 mins,621,2024-06-19T13:36:02,2024-06-18,William Morrow,com.plexapp.agents.audnexus://B0CLLL93VV_us?lang=en,2386,com.plexapp.agents.audnexus://B00LMBVZNC?lang=en
6468,6469,Box Office Poison,Box Office Poison,Tim Robey,Box Office Poison (2024),8 hrs 57 mins,537,2024-11-06T02:51:02,2024-11-05,Harlequin Audio,com.plexapp.agents.audnexus://B0CZYXGTNY_us?lang=en,6467,com.plexapp.agents.audnexus://B07FBZBQ3Q?lang=en
5581,5582,Ordination,"The Paladin Trilogy, Book 1 - Ordination",Daniel M Ford,Ordination (2017) [The Paladin Trilogy 1],18 hrs 42 mins,1122,2024-08-14T15:50:10,2017-05-23,Podium Audio,com.plexapp.agents.audnexus://B071L725Y6_us?lang=en,5575,com.plexapp.agents.audnexus://B01FT2MKCO?lang=en
5579,5580,Stillbright,"The Paladin Trilogy, Book 2 - Stillbright",Daniel M Ford,Stillbright (2017) [The Paladin Trilogy 2],21 hrs 10 mins,1270,2024-08-14T15:50:10,2017-10-17,Podium Audio,com.plexapp.agents.audnexus://B0765DRW89_us?lang=en,5575,com.plexapp.agents.audnexus://B01FT2MKCO?lang=en
5576,5577,Crusade,"The Paladin Trilogy, Book 3 - Crusade",Daniel M Ford,Crusade (2018) [The Paladin Trilogy 3],1 day 5 hrs 23 mins,1763,2024-08-14T15:48:51,2018-09-04,Podium Audio,com.plexapp.agents.audnexus://1772306967_us?lang=en,5575,com.plexapp.agents.audnexus://B01FT2MKCO?lang=en
5584,5585,The Warden,"Warden, Book 1 - The Warden",Daniel M Ford,The Warden (2024) [The Warden Series 1],13 hrs 34 mins,814,2024-08-16T07:44:37,2024-07-30,Dreamscape Lore,com.plexapp.agents.audnexus://B0D7MX5YRY_us?lang=en,5575,com.plexapp.agents.audnexus://B01FT2MKCO?lang=en
6348,6349,Parade's End - Part 1: Some Do Not ...,"Parade's End Tetralogy, Book 1 - Parade's End - Part 1: Some Do Not ...",Ford Madox Ford,Parade's End - Part 1 Some Do Not ... (2012) [Parade's End Tetralogy 1],12 hrs 15 mins,735,2024-10-18T12:50:20,2012-08-09,Audible Studios,com.plexapp.agents.audnexus://B008UWVDOW_us?lang=en,6345,com.plexapp.agents.audnexus://B00IDVLX72?lang=en
6346,6347,Parade's End - Part 2: No More Parades,"Parade's End Tetralogy, Book 2 - Parade's End - Part 2: No More Parades",Ford Madox Ford,Parade's End - Part 2 No More Parades (2012) [Parade's End Tetralogy 2],8 hrs 54 mins,534,2024-10-18T12:50:20,2012-08-09,Audible Studios,com.plexapp.agents.audnexus://B008UWVKSQ_us?lang=en,6345,com.plexapp.agents.audnexus://B00IDVLX72?lang=en
6350,6351,Parade's End - Part 3: A Man Could Stand Up,"Parade's End Tetralogy, Book 3 - Parade's End - Part 3: A Man Could Stand Up",Ford Madox Ford,Parade's End - Part 3 A Man Could Stand Up (2012) [Parade's End Tetralogy 3],7 hrs 51 mins,471,2024-10-18T12:50:41,2012-08-09,Audible Studios,com.plexapp.agents.audnexus://B008UWV23E_us?lang=en,6345,com.plexapp.agents.audnexus://B00IDVLX72?lang=en
6352,6353,Parade's End - Part 4: The Last Post,"Parade's End Tetralogy, Book 4 - Parade's End - Part 4: The Last Post",Ford Madox Ford,Parade's End - Part 4 The Last Post (2012) [Parade's End Tetralogy 4],7 hrs 29 mins,449,2024-10-18T12:51:22,2012-08-09,Audible Studios,com.plexapp.agents.audnexus://B008UWV4BE_us?lang=en,6345,com.plexapp.agents.audnexus://B00IDVLX72?lang=en
1243,1244,The Physiognomy,"The Well-Built City Trilogy, Book 1 - The Physiognomy",Jeffrey Ford,The Physiognomy (2010) [The Well-Built City Trilogy 1],7 hrs 54 mins,474,2023-06-07T19:33:13,2010-12-07,Audible Studios,com.plexapp.agents.audnexus://B004EUJ1NE_us?lang=en,1242,com.plexapp.agents.audnexus://B001HMPCN0?lang=en
3014,3015,Aspects,Aspects,John M. Ford,Aspects (2022),16 hrs 38 mins,998,2023-03-29T11:23:03,2022-04-05,Recorded Books,com.plexapp.agents.audnexus://B09K4PN2FX_us?lang=en,3013,com.plexapp.agents.audnexus://B000AQ4W30?lang=en
2861,2862,The Dragon Waiting,The Dragon Waiting,John M. Ford,The Dragon Waiting (1983),13 hrs 59 mins,839,2023-03-29T14:20:03,2020-12-07,Audible Studios,com.plexapp.agents.audnexus://B08PG2P3TQ_us?lang=en,3013,com.plexapp.agents.audnexus://B000AQ4W30?lang=en
2190,2191,Maurice,Maurice,E. M. Forster,Maurice (2010),6 hrs 21 mins,381,2023-04-19T12:07:12,2010-07-02,Audible Studios,com.plexapp.agents.audnexus://B003UHZOVK_us?lang=en,2189,com.plexapp.agents.audnexus://B00BQB97OM?lang=en
575,576,The PARA Method,The PARA Method,Tiago Forte,The PARA Method (2023),1 hr 55 mins,115,2023-09-05T21:25:57,2023-08-15,Simon & Schuster Audio,com.plexapp.agents.audnexus://B0C2ZQ3FCL_us?lang=en,574,com.plexapp.agents.audnexus://B076PVMTQQ?lang=en
6437,6438,The Damned Trilogy,The Damned Trilogy,Alan Dean Foster,The Damned Trilogy (2019),1 day 12 hrs 29 mins,2189,2024-10-27T18:03:28,2019-07-30,Brilliance Audio,com.plexapp.agents.audnexus://1978658133_us?lang=en,6436,com.plexapp.agents.audnexus://B000AQ39HU?lang=en
4257,4258,How to Read Literature Like a Professor,How to Read Literature Like a Professor,Thomas C. Foster,How to Read Literature Like a Professor (),9 hrs 34 mins,574,2023-03-22T12:43:15,2012-12-11,HarperAudio,com.plexapp.agents.audnexus://B00AFG3D9Y_us?lang=en,4256,com.plexapp.agents.audnexus://B001H6PR3Q?lang=en
778,779,The Book of Forgotten Authors,The Book of Forgotten Authors,Christopher Fowler,The Book of Forgotten Authors (2017),8 hrs 39 mins,519,2023-07-26T21:48:14,2017-10-05,riverrun,com.plexapp.agents.audnexus://B0744NSGBG_us?lang=en,777,com.plexapp.agents.audnexus://B001HCXY9E?lang=en
8256,8257,The Magus,The Magus,John Fowles,The Magus (2012),1 day 2 hrs 27 mins,1587,2025-07-24T12:02:50,2012-09-07,Naxos AudioBooks,com.plexapp.agents.audnexus://B0096RDI16_us?lang=en,8255,com.plexapp.agents.audnexus://B000APWID2?lang=en
5228,5229,The Talented Mrs. Mandelbaum,The Talented Mrs. Mandelbaum,Margalit Fox,The Talented Mrs. Mandelbaum (2024),6 hrs 18 mins,378,2024-07-04T01:38:03,2024-07-02,Random House Audio,com.plexapp.agents.audnexus://B0CMKCD4HB_us?lang=en,5227,com.plexapp.agents.audnexus://B001H6ES6I?lang=en
3679,3680,The Traitor's Mercy,"Starian Cycle, Book 1 - The Traitor's Mercy",Iris Foxglove,The Traitor's Mercy (2021) [Starian Cycle 1],8 hrs 52 mins,532,2023-03-23T23:29:31,2021-04-28,Iris Foxglove,com.plexapp.agents.audnexus://B093N34YCB_us?lang=en,3670,com.plexapp.agents.audnexus://B08XC6FQ6Y?lang=en
3677,3678,The Duke's Demon,"Starian Cycle, Book 2 - The Duke's Demon",Iris Foxglove,The Duke's Demon (2021) [Starian Cycle 2],7 hrs 30 mins,450,2023-03-23T23:29:52,2021-08-16,Iris Foxglove,com.plexapp.agents.audnexus://B09CLL6HGZ_us?lang=en,3670,com.plexapp.agents.audnexus://B08XC6FQ6Y?lang=en
3675,3676,The Prince's Vow,"Starian Cycle, Book 3 - The Prince's Vow",Iris Foxglove,The Prince's Vow (2021) [Starian Cycle 3],6 hrs 48 mins,408,2023-03-23T23:30:22,2021-09-22,Iris Foxglove,com.plexapp.agents.audnexus://B09GJBT9FS_us?lang=en,3670,com.plexapp.agents.audnexus://B08XC6FQ6Y?lang=en
3673,3674,The Exile's Gift,"Starian Cycle, Book 4 - The Exile's Gift",Iris Foxglove,The Exile's Gift (2021) [Starian Cycle 4],8 hrs 42 mins,522,2023-03-23T23:30:39,2021-11-19,Iris Foxglove,com.plexapp.agents.audnexus://B09M94BCNM_us?lang=en,3670,com.plexapp.agents.audnexus://B08XC6FQ6Y?lang=en
3671,3672,The King's Mage,"Starian Cycle, Book 5 - The King's Mage",Iris Foxglove,The King's Mage (2021) [Starian Cycle 5],8 hrs 5 mins,485,2023-03-23T23:31:57,2022-01-04,Iris Foxglove,com.plexapp.agents.audnexus://B09PMTNY46_us?lang=en,3670,com.plexapp.agents.audnexus://B08XC6FQ6Y?lang=en
6934,6935,The House of My Mother,The House of My Mother,Shari Franke,The House of My Mother (2025),7 hrs 9 mins,429,2025-01-20T19:53:19,2025-01-07,Simon & Schuster Audio,com.plexapp.agents.audnexus://B0DJ3GTZ3T_us?lang=en,6933,com.plexapp.agents.audnexus://B0DKSQGJVV?lang=en
2526,2527,Shooting Midnight Cowboy,Shooting Midnight Cowboy,Glenn Frankel,Shooting Midnight Cowboy (2021),13 hrs 53 mins,833,2023-04-06T20:13:15,2021-03-16,Blackstone Publishing,com.plexapp.agents.audnexus://1799970523_us?lang=en,2525,com.plexapp.agents.audnexus://B001H6W900?lang=en
8247,8248,Murderland,Murderland,Caroline Fraser,Murderland (2025),16 hrs 12 mins,972,2025-07-15T17:37:50,2025-06-10,Penguin Audio,com.plexapp.agents.audnexus://B0DG132LM4_us?lang=en,8246,com.plexapp.agents.audnexus://B001KHOHO2?lang=en
2236,2237,Beethoven in the Bunker,Beethoven in the Bunker,Fred Brouwers,Beethoven in the Bunker (2019),6 hrs 12 mins,372,2023-04-17T08:55:49,2023-01-01,,local://2236,2235,plex://artist/5d07bceb403c64029056dfd4
2099,2100,American Cuisine,American Cuisine,Paul Freedman,American Cuisine (2019),14 hrs 9 mins,849,2023-04-19T22:03:17,2019-10-15,"HighBridge, a division of Recorded Books",com.plexapp.agents.audnexus://1684574846_us?lang=en,2098,com.plexapp.agents.audnexus://B081CRQRKZ?lang=en
2101,2102,Ten Restaurants That Changed America,Ten Restaurants That Changed America,Paul Freedman,Ten Restaurants That Changed America (2016),13 hrs 7 mins,787,2023-04-14T22:22:01,2016-09-22,"Blackstone Audio, Inc.",com.plexapp.agents.audnexus://B01LX9VK8G_us?lang=en,2098,com.plexapp.agents.audnexus://B081CRQRKZ?lang=en
3330,3331,Pedagogy of the Oppressed,Pedagogy of the Oppressed: 50th Anniversary Edition,"Paulo Freire, Myra Bergman Ramos - translator, Donaldo Macedo - foreword, Ira Shor - afterword",Pedagogy of the Oppressed (1993),7 hrs 42 mins,462,2023-03-28T15:00:33,1993-01-01,,local://3330,3329,com.plexapp.agents.audnexus://B000AP9COK?lang=en
8607,8608,The Interpretation of Dreams,The Interpretation of Dreams,Sigmund Freud,The Interpretation of Dreams (2017),1 day 1 hr 50 mins,1550,2025-09-01T10:20:15,2011-03-23,Tantor Audio,com.plexapp.agents.audnexus://B004TC0U3C_us?lang=en,8606,com.plexapp.agents.audnexus://B000AQ8VV4?lang=en
4211,4212,Dominion,"Coldfire, Book 0 - Dominion",C. S. Friedman,Dominion (2012) [Coldfire ],2 hrs 6 mins,126,2023-03-22T14:55:14,2012-05-08,Audible Studios,com.plexapp.agents.audnexus://B007SY8QKM_us?lang=en,4204,com.plexapp.agents.audnexus://B000AQ1TUO?lang=en
4209,4210,Black Sun Rising,"Coldfire, Book 1 - Black Sun Rising",C. S. Friedman,Black Sun Rising (1991) [Coldfire 1],23 hrs 48 mins,1428,2023-03-22T14:55:42,2012-05-15,Audible Studios,com.plexapp.agents.audnexus://B00815RHBQ_us?lang=en,4204,com.plexapp.agents.audnexus://B000AQ1TUO?lang=en
4207,4208,When True Night Falls,"Coldfire, Book 2 - When True Night Falls",C. S. Friedman,When True Night Falls (1993) [Coldfire 2],1 day 2 hrs 1 min,1561,2023-03-22T15:52:51,2012-05-15,Audible Studios,com.plexapp.agents.audnexus://B007ZEB35K_us?lang=en,4204,com.plexapp.agents.audnexus://B000AQ1TUO?lang=en
4205,4206,Crown of Shadows,"Coldfire, Book 3 - Crown of Shadows",C. S. Friedman,Crown of Shadows (1995) [Coldfire 3],19 hrs 5 mins,1145,2023-03-28T00:32:10,2012-05-15,Audible Studios,com.plexapp.agents.audnexus://B007ZEALSK_us?lang=en,4204,com.plexapp.agents.audnexus://B000AQ1TUO?lang=en
916,917,City of Nets,City of Nets,"Otto Friedrich, Glen David Gold - foreword",City of Nets (1986),1 day 1 hr 57 mins,1557,2023-07-05T13:40:49,2021-12-31,Tantor Audio,com.plexapp.agents.audnexus://B09P21RLCX_us?lang=en,915,com.plexapp.agents.audnexus://B000APXWMS?lang=en
6829,6830,The Bookshop,The Bookshop,Evan Friss,The Bookshop (2024),10 hrs 16 mins,616,2025-01-09T23:50:52,2024-08-06,Penguin Audio,com.plexapp.agents.audnexus://B0CPTM27X4_us?lang=en,6828,com.plexapp.agents.audnexus://B015QDXTEE?lang=en
7711,7712,Escape from Freedom,Escape from Freedom,Erich Fromm,Escape from Freedom,8 hrs 19 mins,499,2025-05-09T00:43:12,2013-12-18,Audible Studios,com.plexapp.agents.audnexus://B00HCNWEUW_us?lang=en,7710,com.plexapp.agents.audnexus://B000APK2LW?lang=en
7601,7602,The Secret History of Twin Peaks,"Twin Peaks, Book 1 - The Secret History of Twin Peaks",Mark Frost,The Secret History of Twin Peaks (2016) [Twin Peaks 1],9 hrs 33 mins,573,2025-04-26T14:00:56,2016-10-18,Macmillan Audio,com.plexapp.agents.audnexus://B01K5R02RS_us?lang=en,7600,com.plexapp.agents.audnexus://B000AQ72PA?lang=en
7603,7604,Twin Peaks: The Final Dossier,"Twin Peaks, Book 2 - Twin Peaks: The Final Dossier",Mark Frost,Twin Peaks The Final Dossier (2017) [Twin Peaks 2],2 hrs 58 mins,178,2025-04-26T14:00:56,2017-10-31,Macmillan Audio,com.plexapp.agents.audnexus://B076KVQNC9_us?lang=en,7600,com.plexapp.agents.audnexus://B000AQ72PA?lang=en
1292,1293,The Four Thoughts That F*ck You Up ... and How to Fix Them,The Four Thoughts That F*ck You Up ... and How to Fix Them,Daniel Fryer,The Four Thoughts That Fck You Up ... and How to Fix Them (2019),7 hrs 31 mins,451,2023-06-01T05:59:53,2019-12-12,Penguin Audio,com.plexapp.agents.audnexus://1473576628_us?lang=en,1291,com.plexapp.agents.audnexus://B07Y7M3WJQ?lang=en
2656,2657,The Origins of Political Order,Political Order 1 - The Origins of Political Order,Francis Fukuyama,The Origins of Political Order (2011) [Political Order 1],22 hrs 35 mins,1355,2023-03-30T01:06:14,2011-01-01,,local://2656,2653,com.plexapp.agents.audnexus://B000AQ4WPS?lang=en
2654,2655,Political Order and Political Decay,"Political Order, Book 2 - Political Order and Political Decay",Francis Fukuyama,Political Order and Political Decay (2014) [Political Order 2],1 day 2 mins,1442,2023-03-30T01:12:46,2014-09-30,Audible Studios,com.plexapp.agents.audnexus://B00LU41FP4_us?lang=en,2653,com.plexapp.agents.audnexus://B000AQ4WPS?lang=en
2864,2865,JR,JR,William Gaddis,JR (1975),1 day 13 hrs 41 mins,2261,2023-03-29T14:18:03,2010-05-28,Audible Studios,com.plexapp.agents.audnexus://B003O9K6AS_us?lang=en,2863,com.plexapp.agents.audnexus://B000APSVTW?lang=en
7551,7552,The Recognitions,The Recognitions,William Gaddis,The Recognitions (2010),1 day 23 hrs 56 mins,2876,2025-04-11T09:51:28,2010-07-13,Audible Studios,com.plexapp.agents.audnexus://B003VKVIAW_us?lang=en,2863,com.plexapp.agents.audnexus://B000APSVTW?lang=en
3516,3520,Dragon Age: Asunder,"Dragon Age, Book 3 - Dragon Age: Asunder",David Gaider,Dragon Age (2011) [Dragon Age 3],14 hrs 37 mins,877,2023-03-27T21:25:15,2016-04-19,Tantor Audio,com.plexapp.agents.audnexus://B01E06QCDI_us?lang=en,3515,com.plexapp.agents.audnexus://B001QV4BSO?lang=en
3518,3519,Dragon Age: Asunder,"Dragon Age, Book 3 - Dragon Age: Asunder",David Gaider,Dragon Age (2009) [Dragon Age 1],13 hrs 14 mins,794,2023-03-28T14:47:03,2016-04-19,Tantor Audio,com.plexapp.agents.audnexus://B01E06QCDI_us?lang=en,3515,com.plexapp.agents.audnexus://B001QV4BSO?lang=en
8691,8692,Heartwood (A Read with Jenna Pick),Heartwood (A Read with Jenna Pick),Amity Gaige,Heartwood (A Read with Jenna Pick) (2025),8 hrs 45 mins,525,2025-11-06T13:13:57,2025-04-01,Simon & Schuster Audio,com.plexapp.agents.audnexus://B0DJWKWY77_us?lang=en,8690,com.plexapp.agents.audnexus://B00KPQT2TY?lang=en
1411,1412,Magic for Liars,Magic for Liars,Sarah Gailey,Magic for Liars (2019),9 hrs 8 mins,548,2023-05-08T23:26:43,2019-06-04,Macmillan Audio,com.plexapp.agents.audnexus://1250227860_us?lang=en,1410,com.plexapp.agents.audnexus://B01N5VLLWB?lang=en
7956,7957,The Great Crash 1929,The Great Crash 1929,John Kenneth Galbraith,The Great Crash 1929 (2022),5 hrs 57 mins,357,2025-05-15T19:57:29,2022-02-15,Harper Business,com.plexapp.agents.audnexus://B09SK9XPT6_us?lang=en,7955,com.plexapp.agents.audnexus://B000APM3S2?lang=en
8037,8038,Open Veins of Latin America,Open Veins of Latin America,"Eduardo Galeano, Isabel Allende - Foreward",Open Veins of Latin America (2009),14 hrs 30 mins,870,2025-05-20T12:09:54,2009-10-06,Audible Studios,com.plexapp.agents.audnexus://B002V9ZDF0_us?lang=en,8036,com.plexapp.agents.audnexus://B000AP701M?lang=en
6869,6870,Chasing Graves,"The Chasing Graves Trilogy, Book 1 - Chasing Graves",Ben Galley,Chasing Graves (2019) [The Chasing Graves Trilogy 1],11 hrs 58 mins,718,2025-01-12T09:55:22,2019-04-10,Recorded Books,com.plexapp.agents.audnexus://198004256X_us?lang=en,6868,com.plexapp.agents.audnexus://B0067LPVAU?lang=en
7365,7366,Grim Solace,"The Chasing Graves Trilogy, Book 2 - Grim Solace",Ben Galley,Grim Solace (2019) [The Chasing Graves Trilogy 2],14 hrs 6 mins,846,2025-03-17T00:36:55,2019-06-04,Recorded Books,com.plexapp.agents.audnexus://1980042551_us?lang=en,6868,com.plexapp.agents.audnexus://B0067LPVAU?lang=en
3662,3663,"The Forsyte Chronicles, Vol. 1","The Forsyte Chronicles  - The Forsyte Chronicles, Vol. 1",John Galsworthy,"The Forsyte Chronicles, Vol. 1 (2020) [The Forsyte Chronicles ]",1 day 14 hrs 8 mins,2288,2023-03-23T23:38:42,2020-01-01,,local://3662,3659,com.plexapp.agents.audnexus://B001IZ1JR4?lang=en
3660,3661,The Forsyte Saga,The Forsyte Saga,John Galsworthy,The Forsyte Saga (2005) [The Forsyte Chronicles ],1 day 18 hrs 36 mins,2556,2023-04-14T23:18:21,2005-06-06,"Blackstone Audio, Inc.",com.plexapp.agents.audnexus://B002V1CG6M_us?lang=en,3659,com.plexapp.agents.audnexus://B001IZ1JR4?lang=en
3214,3215,The Great Polar Fraud,The Great Polar Fraud,Anthony Galvin,The Great Polar Fraud (2014),12 hrs 19 mins,739,2023-03-28T15:42:12,2014-11-18,Audible Studios,com.plexapp.agents.audnexus://B00P1OX3G8_us?lang=en,3213,com.plexapp.agents.audnexus://B0034PC23Q?lang=en
5360,5361,The Damascus Events,The Damascus Events,Eugene Rogan,The Damascus Events (2024),9 hrs 8 mins,548,2024-07-17T07:56:01,2024-05-07,Basic Books,com.plexapp.agents.audnexus://B0CV2WH7PG_us?lang=en,5359,com.plexapp.agents.audnexus://B004GEG2QW?lang=en
5175,5176,When the Clock Broke,When the Clock Broke,John Ganz,When the Clock Broke (2024),15 hrs 18 mins,918,2024-06-29T10:36:40,2024-06-18,Macmillan Audio,com.plexapp.agents.audnexus://B0CKM5L2W5_us?lang=en,5174,com.plexapp.agents.audnexus://B0D7HH4WFN?lang=en
6330,6331,Opus,Opus,Gareth Gore,Opus (2024),13 hrs 55 mins,835,2024-10-15T13:31:43,2024-10-01,Simon & Schuster Audio,com.plexapp.agents.audnexus://B0CZMRX1YQ_us?lang=en,6329,local://6329
5251,5252,The Other Olympians,The Other Olympians,Michael Waters,The Other Olympians (2024),9 hrs 32 mins,572,2024-07-07T12:43:26,2024-06-04,Macmillan Audio,com.plexapp.agents.audnexus://B0CKM3NJTN_us?lang=en,5250,com.plexapp.agents.audnexus://B001HOIXWK?lang=en
1910,1911,Waylander II,Drenai [publication order] 5 - Waylander II,David Gemmell,Waylander II (2017) [Drenai [publication order] 5],12 hrs 55 mins,775,2023-04-24T22:51:46,2017-01-01,,local://1910,1907,com.plexapp.agents.audnexus://B000AQ70T8?lang=en
1916,1917,Legend,"Drenai [publication order], Book 1 - Legend",David Gemmell,Legend (2011) [Drenai [publication order] 1],13 hrs 13 mins,793,2023-04-24T22:49:58,2017-06-22,"Little, Brown Book Group",com.plexapp.agents.audnexus://B01NC3FHTK_us?lang=en,1907,com.plexapp.agents.audnexus://B000AQ70T8?lang=en
1914,1915,The King Beyond the Gate,"Drenai [publication order], Book 2 - The King Beyond the Gate",David Gemmell,The King Beyond the Gate (2011) [Drenai [publication order] 2],12 hrs 34 mins,754,2023-04-24T22:50:35,2017-06-22,"Little, Brown Audio",com.plexapp.agents.audnexus://B01N2B2OPN_us?lang=en,1907,com.plexapp.agents.audnexus://B000AQ70T8?lang=en
1912,1913,Waylander,"Drenai [publication order], Book 3 - Waylander",David Gemmell,Waylander (2017) [Drenai [publication order] 3],11 hrs 25 mins,685,2023-04-24T22:51:07,2017-07-27,"Little, Brown Audio",com.plexapp.agents.audnexus://B072MQJ5BX_us?lang=en,1907,com.plexapp.agents.audnexus://B000AQ70T8?lang=en
1908,1909,Quest for Lost Heroes,"Drenai [publication order], Book 4 - Quest for Lost Heroes",David Gemmell,Quest for Lost Heroes (2011) [Drenai [chronological order] 9],11 hrs 27 mins,687,2023-04-24T22:52:13,2017-06-22,"Little, Brown Audio",com.plexapp.agents.audnexus://B01MUWZ4FO_us?lang=en,1907,com.plexapp.agents.audnexus://B000AQ70T8?lang=en
5334,5335,Carrie Carolyn Coco,Carrie Carolyn Coco,Sarah Gerard,Carrie Carolyn Coco (2024),10 hrs 40 mins,640,2024-07-16T21:51:43,2024-07-09,Zando,com.plexapp.agents.audnexus://B0D46M3Q6R_us?lang=en,5333,com.plexapp.agents.audnexus://B00MC749V0?lang=en
8025,8026,The Vanquished,The Vanquished,Robert Gerwarth,The Vanquished (2016),10 hrs 49 mins,649,2025-05-18T16:35:56,2016-11-15,Tantor Audio,com.plexapp.agents.audnexus://B01MQCK9WZ_us?lang=en,8024,com.plexapp.agents.audnexus://B001HPKO0I?lang=en
8078,8079,Black Wave,Black Wave,Kim Ghattas,Black Wave (2020),16 hrs 33 mins,993,2025-05-22T20:49:43,2020-01-28,"HighBridge, a division of Recorded Books",com.plexapp.agents.audnexus://1684578620_us?lang=en,8077,com.plexapp.agents.audnexus://B00DW7XBLS?lang=en
4823,4824,Smoke and Ashes,Smoke and Ashes,Amitav Ghosh,Smoke and Ashes (2024),12 hrs 36 mins,756,2024-05-25T23:32:08,2024-02-14,Recorded Books,com.plexapp.agents.audnexus://B0CMZLB38L_us?lang=en,4822,com.plexapp.agents.audnexus://B00MI3ASCC?lang=en
2708,2709,"The Decline and Fall of the Roman Empire, Volume I","The Decline and Fall of the Roman Empire, Book 1 - The Decline and Fall of the Roman Empire, Volume I",Edward Gibbon,"The Decline and Fall of the Roman Empire, Volume I (2013) [The Decline and Fall of the Roman Empire 1]",22 hrs 39 mins,1359,2023-03-30T00:54:44,2013-12-09,Naxos AudioBooks,com.plexapp.agents.audnexus://B00H58WV6Q_us?lang=en,2707,com.plexapp.agents.audnexus://B000APB6N0?lang=en
2093,2094,"""Transparency Rights""","""Transparency Rights"": Chapter 13 of Chokepoint Capitalism A Kindle/Audible Exclusive","Rebecca Giblin, Cory Doctorow",Transparency Rights (2022),11 hrs 58 mins,718,2023-04-19T22:05:53,2022-01-01,,local://2093,2092,com.plexapp.agents.audnexus://B0068AOFPM?lang=en
3543,3544,Sous Chef,Sous Chef,Michael Gibney,Sous Chef (2014),2 hrs 16 mins,136,2023-03-24T01:06:44,2014-03-25,Random House Audio,com.plexapp.agents.audnexus://B00IN5WV9M_us?lang=en,3542,com.plexapp.agents.audnexus://B00I32K6YC?lang=en
4442,4443,An Education in Malice,An Education in Malice,S. T. Gibson,An Education in Malice (2024),8 hrs 23 mins,503,2024-04-18T12:50:05,2024-02-13,Redhook,com.plexapp.agents.audnexus://B0C7HLPHWD_us?lang=en,4441,com.plexapp.agents.audnexus://B07G2QNL7F?lang=en
5373,5374,Evocation,"The Summoner's Circle, Book 1 - Evocation",S. T. Gibson,Evocation (2024) [The Summoner's Circle 1],10 hrs 24 mins,624,2024-07-19T22:58:17,2024-05-28,Tantor Audio,com.plexapp.agents.audnexus://B0CZBWRRNY_us?lang=en,4441,com.plexapp.agents.audnexus://B07G2QNL7F?lang=en
7524,7525,Pattern Recognition,"Blue Ant, Book 1 - Pattern Recognition",William Gibson,Pattern Recognition (2017) [Blue Ant 1],10 hrs 24 mins,624,2025-04-06T22:57:43,2017-10-31,Audible Studios,com.plexapp.agents.audnexus://B076MJR5K5_us?lang=en,7523,com.plexapp.agents.audnexus://B000AP5DM0?lang=en
2817,2818,The Rise of Ransom City,"The Half-Made World, Book 2 - The Rise of Ransom City",Felix Gilman,The Rise of Ransom City (2012) [The Half-Made World 2],14 hrs 55 mins,895,2023-03-29T18:51:10,2012-11-27,Audible Studios,com.plexapp.agents.audnexus://B00AEB2YAY_us?lang=en,2816,com.plexapp.agents.audnexus://B001ITWUK0?lang=en
3327,3328,The Nether World,The Nether World,George Gissing,The Nether World (2022),16 hrs 37 mins,997,2023-03-28T15:01:43,2022-09-12,Naxos AudioBooks,com.plexapp.agents.audnexus://B0BDTGQHKQ_us?lang=en,3326,com.plexapp.agents.audnexus://B000APKSIE?lang=en
2307,2308,Three Parts Dead,"Craft Sequence Series, Book 1 - Three Parts Dead",Max Gladstone,Three Parts Dead (2012) [Craft Sequence Series 1],13 hrs 8 mins,788,2023-04-14T22:24:01,2012-10-09,"Blackstone Audio, Inc.",com.plexapp.agents.audnexus://B009NNP0AK_us?lang=en,2306,com.plexapp.agents.audnexus://B009FG2FY4?lang=en
5177,5178,Full Fathom Five,"Craft Sequence Series, Book 3 - Full Fathom Five",Max Gladstone,Full Fathom Five (2019) [Craft Sequence Series 3],13 hrs 17 mins,797,2024-06-29T10:37:18,2019-02-19,Tantor Audio,com.plexapp.agents.audnexus://1977344046_us?lang=en,2306,com.plexapp.agents.audnexus://B009FG2FY4?lang=en
5179,5180,Last First Snow,"Craft Sequence Series, Book 4 - Last First Snow",Max Gladstone,Last First Snow (2019) [Craft Sequence Series 4],12 hrs 45 mins,765,2024-06-29T10:37:34,2019-03-26,Tantor Audio,com.plexapp.agents.audnexus://1977344054_us?lang=en,2306,com.plexapp.agents.audnexus://B009FG2FY4?lang=en
2309,2310,Empress of Forever,Empress of Forever,Max Gladstone,Empress of Forever (2019),19 hrs 39 mins,1179,2023-03-24T01:17:58,2019-06-18,"Dreamscape Media, LLC",com.plexapp.agents.audnexus://1974949451_us?lang=en,2306,com.plexapp.agents.audnexus://B009FG2FY4?lang=en
8374,8375,Cries in the Desert,Cries in the Desert,John Glatt,Cries in the Desert (2020),7 hrs 31 mins,451,2025-08-19T15:32:00,2020-01-21,Tantor Audio,com.plexapp.agents.audnexus://1977365825_us?lang=en,5398,com.plexapp.agents.audnexus://B001ILIAAW?lang=en
5401,5402,The Doomsday Mother,The Doomsday Mother,John Glatt,The Doomsday Mother (2022),8 hrs 38 mins,518,2024-07-21T14:37:55,2022-01-18,Tantor Audio,com.plexapp.agents.audnexus://B09MZVP6KV_us?lang=en,5398,com.plexapp.agents.audnexus://B001ILIAAW?lang=en
5399,5400,The Family Next Door,The Family Next Door,John Glatt,The Family Next Door (2019),8 hrs 2 mins,482,2024-07-21T14:35:09,2019-08-06,Tantor Audio,com.plexapp.agents.audnexus://197734626X_us?lang=en,5398,com.plexapp.agents.audnexus://B001ILIAAW?lang=en
3925,3926,Master of Crows,Master of Crows,Grace Draven,Master of Crows (2005),12 hrs 37 mins,757,2023-03-23T01:16:55,2016-09-01,Grace Draven,com.plexapp.agents.audnexus://B01L7WQF1C_us?lang=en,3924,com.plexapp.agents.audnexus://B005E9VYRK?lang=en
6701,6702,Sea of Ruin,"Sea of Ruin, Book 1 - Sea of Ruin",Pam Godwin,Sea of Ruin (2020) [Sea of Ruin 1],15 hrs 28 mins,928,2024-12-18T15:08:07,2020-07-21,Podium Audio,com.plexapp.agents.audnexus://1774245868_us?lang=en,6700,com.plexapp.agents.audnexus://B00A3AF2LY?lang=en
4747,4748,Bad Pharma,Bad Pharma,Ben Goldacre,Bad Pharma (2013),12 hrs 48 mins,768,2024-05-24T09:56:09,2013-02-05,Tantor Audio,com.plexapp.agents.audnexus://B00B788J3Y_us?lang=en,4746,com.plexapp.agents.audnexus://B002C1VRBQ?lang=en
941,942,Writing Down the Bones,Writing Down the Bones,Natalie Goldberg,Writing Down the Bones (1998),8 hrs 51 mins,531,2023-07-04T23:54:25,2008-03-11,Sounds True,com.plexapp.agents.audnexus://B002V1J5AC_us?lang=en,940,com.plexapp.agents.audnexus://B000AP7I9G?lang=en
8164,8165,The House of Last Resort,The House of Last Resort,Christopher Golden,The House of Last Resort (2024),8 hrs 42 mins,522,2025-06-01T17:09:33,2024-04-12,Spotify Audiobooks,com.plexapp.agents.audnexus://B0D1KWVG28_us?lang=en,8163,com.plexapp.agents.audnexus://B000APAU2I?lang=en
822,823,Immortal Longings,Immortal Longings,Chloe Gong,Immortal Longings (2022),11 hrs 58 mins,718,2023-07-23T11:18:40,2023-07-18,Simon & Schuster Audio,com.plexapp.agents.audnexus://B0BJSFWPDS_us?lang=en,821,com.plexapp.agents.audnexus://B084KQTQMZ?lang=en
9184,9185,The Benevolent Society of Ill-Mannered Ladies,"The Ill-Mannered Ladies, Book 1 - The Benevolent Society of Ill-Mannered Ladies",Alison Goodman,The Benevolent Society of Ill-Mannered Ladies (2023) [The Ill-Mannered Ladies 1],15 hrs 33 mins,933,2026-03-16T11:58:10,2023-05-30,Penguin Audio,com.plexapp.agents.audnexus://B0BCX4YSFF_us?lang=en,9116,com.plexapp.agents.audnexus://B004MWTY5O?lang=en
9117,9118,The Ladies Road Guide to Utter Ruin,"The Ill-Mannered Ladies, Book 2 - The Ladies Road Guide to Utter Ruin",Alison Goodman,The Ladies Road Guide to Utter Ruin (2025) [The Ill-Mannered Ladies 2],12 hrs 2 mins,722,2026-03-05T12:43:05,2025-05-06,Penguin Audio,com.plexapp.agents.audnexus://B0DG3S4Q2Y_us?lang=en,9116,com.plexapp.agents.audnexus://B004MWTY5O?lang=en
2496,2497,The Sun and the Moon,The Sun and the Moon,Matthew Goodman,The Sun and the Moon (2008),12 hrs 23 mins,743,2023-04-06T23:45:35,2008-12-05,"Blackstone Audio, Inc.",com.plexapp.agents.audnexus://B002V19ZIY_us?lang=en,2495,com.plexapp.agents.audnexus://B001IZ1JT2?lang=en
2543,2544,No Ordinary Time Franklin and Eleanor Roosevelt,No Ordinary Time Franklin and Eleanor Roosevelt: The Home Front in World War II,Doris Kearns Goodwin,No Ordinary Time Franklin and Eleanor Roosevelt (1995),1 day 15 hrs 14 mins,2354,2023-03-29T18:43:02,1995-01-01,,local://2543,2540,com.plexapp.agents.audnexus://B000APE4B6?lang=en
2541,2542,The Bully Pulpit,The Bully Pulpit,Doris Kearns Goodwin,The Bully Pulpit (2013),1 day 12 hrs 42 mins,2202,2023-04-05T21:46:58,2013-11-05,Simon & Schuster Audio,com.plexapp.agents.audnexus://B00DEKZOKE_us?lang=en,2540,com.plexapp.agents.audnexus://B000APE4B6?lang=en
3065,3066,“You Just Need to Lose Weight”,“You Just Need to Lose Weight”,Aubrey Gordon,"""You Just Need to Lose Weight"": And 19 Other Myths About Fat People",7 hrs 11 mins,431,2023-03-29T11:04:11,2023-01-10,Beacon Press,com.plexapp.agents.audnexus://B0BFJTMJ71_us?lang=en,3064,com.plexapp.agents.audnexus://B088HBQC3W?lang=en
810,811,The Second Coming of the KKK,The Second Coming of the KKK,Linda Gordon,The Second Coming of the KKK (2017),7 hrs 44 mins,464,2023-07-23T11:24:36,2017-10-24,Tantor Audio,com.plexapp.agents.audnexus://B076H71MWM_us?lang=en,809,com.plexapp.agents.audnexus://B000APNN18?lang=en
4867,4868,The Physician,"The Cole Trilogy (Gordon), Book 1 - The Physician",Noah Gordon,The Physician (1986) [The Cole Trilogy (Gordon) 1],1 day 42 mins,1482,2024-05-27T15:25:29,2017-10-25,Audible Studios,com.plexapp.agents.audnexus://B076HWPRNW_us?lang=en,4866,com.plexapp.agents.audnexus://B000APAMOO?lang=en
2665,2666,The Rise and Fall of American Growth,The Rise and Fall of American Growth,Robert J. Gordon,The Rise and Fall of American Growth (2016),1 day 6 hrs 15 mins,1815,2023-03-30T01:05:12,2016-07-26,Audible Studios,com.plexapp.agents.audnexus://B01ITPUZ0W_us?lang=en,2664,com.plexapp.agents.audnexus://B001H6IL4I?lang=en
5452,5453,The American Adventuress,The American Adventuress,C. W. Gortner,The American Adventuress (2022),13 hrs,780,2024-07-25T09:17:36,2022-09-20,HarperAudio,com.plexapp.agents.audnexus://B09DTF7ZDF_us?lang=en,5451,com.plexapp.agents.audnexus://B001JRX4WO?lang=en
8885,8886,Snoop,Snoop,Sam Gosling,Snoop (2008),8 hrs 3 mins,483,2025-12-02T16:20:03,2008-06-26,"Blackstone Audio, Inc.",com.plexapp.agents.audnexus://B002V1BP96_us?lang=en,8884,com.plexapp.agents.audnexus://B001IGFIQ6?lang=en
636,637,Paved Paradise,Paved Paradise,Henry Grabar,Paved Paradise (2023),10 hrs 53 mins,653,2023-09-02T23:03:43,2023-05-09,Penguin Audio,com.plexapp.agents.audnexus://B0BBX4SYYR_us?lang=en,635,com.plexapp.agents.audnexus://B0C45SZ569?lang=en
2972,2973,Bullshit Jobs,Bullshit Jobs,"David Graeber, David Wengrow",Bullshit Jobs (2018),12 hrs 40 mins,760,2023-03-29T11:39:55,2018-05-15,Simon & Schuster Audio,com.plexapp.agents.audnexus://B079YY41HL_us?lang=en,2710,com.plexapp.agents.audnexus://B001IQXM5K?lang=en
2976,2977,Debt - Updated and Expanded,Debt - Updated and Expanded,"David Graeber, David Wengrow",Debt - Updated and Expanded (2014),17 hrs 27 mins,1047,2023-03-28T15:01:53,2015-09-15,"Gildan Media, LLC",com.plexapp.agents.audnexus://B015CYJGXA_us?lang=en,2710,com.plexapp.agents.audnexus://B001IQXM5K?lang=en
2974,2975,"Pirate Enlightenment, or the Real Libertalia","Pirate Enlightenment, or the Real Libertalia","David Graeber, David Wengrow","Pirate Enlightenment, or the Real Libertalia (2023)",5 hrs 10 mins,310,2023-03-28T15:02:07,2023-01-24,Macmillan Audio,com.plexapp.agents.audnexus://B09YFW555J_us?lang=en,2710,com.plexapp.agents.audnexus://B001IQXM5K?lang=en
2711,2712,The Dawn of Everything,The Dawn of Everything,"David Graeber, David Wengrow",The Dawn of Everything (2021),1 day 14 mins,1454,2023-03-30T00:54:22,2021-11-09,Macmillan Audio,com.plexapp.agents.audnexus://1250818664_us?lang=en,2710,com.plexapp.agents.audnexus://B001IQXM5K?lang=en
6615,6616,The Ultimate Hidden Truth of the World . . .,The Ultimate Hidden Truth of the World . . .,"David Graeber, David Wengrow",The Ultimate Hidden Truth of the World . . . (2024),13 hrs 55 mins,835,2024-12-03T13:31:50,2024-11-12,Macmillan Audio,com.plexapp.agents.audnexus://B0CWBPGMXX_us?lang=en,2710,com.plexapp.agents.audnexus://B001IQXM5K?lang=en
2978,2979,The Utopia of Rules,The Utopia of Rules,"David Graeber, David Wengrow",The Utopia of Rules (2015),8 hrs,480,2023-03-24T01:17:52,2018-10-23,Tantor Media,com.plexapp.agents.audnexus://1977331777_us?lang=en,2710,com.plexapp.agents.audnexus://B001IQXM5K?lang=en
7571,7572,Claire DeWitt and the City of the Dead,"Claire DeWitt Mysteries, Book 1 - Claire DeWitt and the City of the Dead",Sara Gran,Claire DeWitt and the City of the Dead (2011) [Claire DeWitt Mysteries 1],8 hrs 41 mins,521,2025-04-13T08:37:24,2011-06-02,"HighBridge, a division of Recorded Books",com.plexapp.agents.audnexus://B004XCNS3M_us?lang=en,7570,com.plexapp.agents.audnexus://B001HMU6EU?lang=en
2046,2047,The Wager,The Wager,David Grann,The Wager (2023),8 hrs 29 mins,509,2023-04-22T14:36:25,2023-04-18,Random House Audio,com.plexapp.agents.audnexus://B0B9T9GJ5H_us?lang=en,2045,com.plexapp.agents.audnexus://B001YDEZJO?lang=en
1355,1356,The Court of Miracles,"The Court of Miracles, Book 1 - The Court of Miracles",Kester Grant,The Court of Miracles (2020) [The Court of Miracles 1],10 hrs 5 mins,605,2023-05-11T16:16:19,2020-06-02,Listening Library,com.plexapp.agents.audnexus://0525636420_us?lang=en,1354,com.plexapp.agents.audnexus://B07ZNMD26H?lang=en
4177,4178,Prince of Air and Darkness,"The Darkest Court Series, Book 1 - Prince of Air and Darkness",M.A. Grant,Prince of Air and Darkness (2019) [The Darkest Court Series 1],12 hrs 31 mins,751,2023-03-22T16:45:47,2019-06-28,Tantor Audio,com.plexapp.agents.audnexus://1515940306_us?lang=en,4176,com.plexapp.agents.audnexus://B00DOEZHSE?lang=en
3522,3523,Seven Days in New Crete,Seven Days in New Crete,Robert Graves,Seven Days in New Crete (1949),9 hrs 14 mins,554,2023-03-27T03:04:02,1949-01-01,,local://3522,3521,com.plexapp.agents.audnexus://B01E8L1UAU?lang=en
9929,9930,Lanark,Lanark,Alasdair Gray,Lanark (2026),22 hrs 33 mins,1353,2026-05-12T09:26:40,2026-02-25,Canongate Books,com.plexapp.agents.audnexus://B0GLZ2JNVK_us?lang=en,9928,com.plexapp.agents.audnexus://B000AQ3OI4?lang=en
3291,3292,Unscripted,"Unscripted Series, Book 1 - Unscripted",J.R. Gray,Unscripted (2019) [Unscripted Series 1],8 hrs 39 mins,519,2023-03-28T15:05:02,2020-12-22,Tantor Audio,com.plexapp.agents.audnexus://1705264247_us?lang=en,3290,com.plexapp.agents.audnexus://B00J8JEDHK?lang=en
8703,8704,The Man Nobody Killed,The Man Nobody Killed,Elon Green,The Man Nobody Killed (2025),7 hrs 58 mins,478,2025-11-13T00:15:14,2025-03-11,Macmillan Audio,com.plexapp.agents.audnexus://B0D3643QV8_us?lang=en,8702,com.plexapp.agents.audnexus://B08BXB5HGK?lang=en
2914,2915,Devil's Bargain,"Cass Leary Legal Thriller Series, Book 3 - Devil's Bargain",Joshua Green,Devil's Bargain (2017),8 hrs 33 mins,513,2023-03-29T13:19:42,2019-11-16,Robin James,com.plexapp.agents.audnexus://B081KRSVG5_us?lang=en,2913,com.plexapp.agents.audnexus://B01I2OCRUQ?lang=en
2894,2895,Half Bad,"The Half Bad Trilogy, Book 1 - Half Bad",Sally Green,Half Bad (2014) [The Half Bad Trilogy 1],8 hrs 34 mins,514,2023-03-29T13:28:53,2014-03-04,Listening Library,com.plexapp.agents.audnexus://B00IMOACZY_us?lang=en,2893,com.plexapp.agents.audnexus://B001KJ66AS?lang=en
1224,1225,Tracers in the Dark,Tracers in the Dark,Andy Greenberg,Tracers in the Dark (2022),10 hrs 47 mins,647,2023-06-12T22:20:30,2022-11-15,Random House Audio,com.plexapp.agents.audnexus://B09VLK4VRG_us?lang=en,1223,com.plexapp.agents.audnexus://B00823SMUM?lang=en
2768,2769,The Swerve,The Swerve,Stephen Greenblatt,The Swerve (2011),9 hrs 42 mins,582,2023-03-29T21:06:48,2011-09-29,Recorded Books ,com.plexapp.agents.audnexus://B005QPB3X2_us?lang=en,2767,com.plexapp.agents.audnexus://B000APGKPY?lang=en
2858,2859,The Elegant Universe,The Elegant Universe,Brian Greene,The Elegant Universe (2003),15 hrs 37 mins,937,2023-03-29T14:20:58,2008-12-23,Random House Audio,com.plexapp.agents.audnexus://B002V0TEUO_us?lang=en,2857,com.plexapp.agents.audnexus://B001H6INP0?lang=en
126,127,A Witch's Sin,"Neon Ghosts, Book 1 - A Witch's Sin",Daniel B. Greene,A Witch's Sin (2023-07-04) [Neon Ghosts 1],16 hrs 28 mins,988,2024-02-24T12:18:13,2023-07-04,Podium Audio,com.plexapp.agents.audnexus://B0C11DG2FW_us?lang=en,125,com.plexapp.agents.audnexus://B091BX92ND?lang=en
3324,3325,A Burnt-out Case,A Burnt-out Case,Graham Greene,A Burnt-Out Case (1960),7 hrs 14 mins,434,2023-03-22T11:59:40,2025-04-24,Penguin Audio,com.plexapp.agents.audnexus://B0DZ2YGHZK_us?lang=en,3293,com.plexapp.agents.audnexus://B000APVBKI?lang=en
3322,3323,Brighton Rock,Brighton Rock,Graham Greene,Brighton Rock (1938),9 hrs 11 mins,551,2023-03-22T13:01:53,2011-03-15,"Blackstone Audio, Inc.",com.plexapp.agents.audnexus://B004S32OA4_us?lang=en,3293,com.plexapp.agents.audnexus://B000APVBKI?lang=en
3320,3321,Monsignor Quixote,Monsignor Quixote,Graham Greene,Monsignor Quixote (1990),6 hrs 52 mins,412,2023-03-28T15:02:15,2011-12-12,Audible Studios,com.plexapp.agents.audnexus://B006K2QXO4_us?lang=en,3293,com.plexapp.agents.audnexus://B000APVBKI?lang=en
3318,3319,Our Man in Havana,Our Man in Havana,Graham Greene,Our Man in Havana (1962),7 hrs 7 mins,427,2023-03-28T15:02:24,2024-03-26,Tantor Media,com.plexapp.agents.audnexus://B0CXR1N687_us?lang=en,3293,com.plexapp.agents.audnexus://B000APVBKI?lang=en
3316,3317,Stamboul Train,Stamboul Train,Graham Greene,Stamboul Train (1992),7 hrs 21 mins,441,2023-03-28T15:02:31,2009-03-24,Audible Studios,com.plexapp.agents.audnexus://B002V8KRWK_us?lang=en,3293,com.plexapp.agents.audnexus://B000APVBKI?lang=en
3314,3315,The Captain and the Enemy,The Captain and the Enemy,Graham Greene,The Captain and the Enemy (2014),3 hrs 58 mins,238,2023-03-28T15:02:37,2009-03-12,Audible Studios,com.plexapp.agents.audnexus://B002V0K8GI_us?lang=en,3293,com.plexapp.agents.audnexus://B000APVBKI?lang=en
3312,3313,The Comedians,The Comedians,Graham Greene,The Comedians (1965),11 hrs 53 mins,713,2023-03-28T15:02:45,2017-04-11,Audible Studios,com.plexapp.agents.audnexus://B06XTWCW39_us?lang=en,3293,com.plexapp.agents.audnexus://B000APVBKI?lang=en
3310,3311,The Confidential Agent,The Confidential Agent,Graham Greene,The Confidential Agent (1941),7 hrs 30 mins,450,2023-03-28T15:03:10,2008-03-07,Recorded Books,com.plexapp.agents.audnexus://B002V5GUE2_us?lang=en,3293,com.plexapp.agents.audnexus://B000APVBKI?lang=en
3306,3307,The End of the Affair,The End of the Affair,Graham Greene,The End of the Affair (1951),6 hrs 34 mins,394,2023-03-28T15:03:31,2012-05-07,Audible Studios,com.plexapp.agents.audnexus://B007ZEAI3I_us?lang=en,3293,com.plexapp.agents.audnexus://B000APVBKI?lang=en
3308,3309,The Heart of the Matter,The Heart of the Matter,Graham Greene,The Heart of the Matter (1971),10 hrs 5 mins,605,2023-03-28T15:03:29,2009-05-22,Audible Studios,com.plexapp.agents.audnexus://B002V8H4QC_us?lang=en,3293,com.plexapp.agents.audnexus://B000APVBKI?lang=en
3304,3305,The Honorary Consul,The Honorary Consul,Graham Greene,The Honorary Consul (1973),10 hrs 24 mins,624,2023-03-28T15:03:38,2009-12-01,Audible Studios,com.plexapp.agents.audnexus://B0036JT58A_us?lang=en,3293,com.plexapp.agents.audnexus://B000APVBKI?lang=en
3302,3303,The Human Factor,The Human Factor,Graham Greene,The Human Factor (1978),9 hrs 41 mins,581,2023-03-28T15:03:45,2009-03-19,Audible Studios,com.plexapp.agents.audnexus://B002V1AFOM_us?lang=en,3293,com.plexapp.agents.audnexus://B000APVBKI?lang=en
3300,3301,The Man Within,The Man Within,Graham Greene,The Man Within (1929),7 hrs 31 mins,451,2023-03-28T15:03:53,2023-11-14,Tantor Audio,com.plexapp.agents.audnexus://B0CLVV5XL2_us?lang=en,3293,com.plexapp.agents.audnexus://B000APVBKI?lang=en
3298,3299,The Power and the Glory,The Power and the Glory,Graham Greene,The Power and the Glory (1940),9 hrs 11 mins,551,2023-03-28T15:04:03,2011-02-04,"Blackstone Audio, Inc.",com.plexapp.agents.audnexus://B004LZ2L9S_us?lang=en,3293,com.plexapp.agents.audnexus://B000APVBKI?lang=en
3296,3297,The Quiet American,The Quiet American,Graham Greene,The Quiet American (1983),6 hrs 47 mins,407,2023-03-28T15:04:12,2009-04-03,"Blackstone Audio, Inc.",com.plexapp.agents.audnexus://B002V1LXM0_us?lang=en,3293,com.plexapp.agents.audnexus://B000APVBKI?lang=en
3294,3295,Travels with My Aunt,Travels with My Aunt,Graham Greene,Travels with My Aunt (1969),9 hrs 28 mins,568,2023-03-28T15:04:43,2011-06-06,Audible Studios,com.plexapp.agents.audnexus://B00546FTTC_us?lang=en,3293,com.plexapp.agents.audnexus://B000APVBKI?lang=en
3062,3063,48 Laws of Power,48 Laws of Power,Robert Greene,48 Laws of Power (2000),23 hrs 7 mins,1387,2023-03-29T11:07:10,2015-05-01,"HighBridge, a Division of Recorded Books",com.plexapp.agents.audnexus://B00WYDJ2YQ_us?lang=en,3061,com.plexapp.agents.audnexus://B001IGV3IS?lang=en
288,289,The Explosive Child,The Explosive Child,Dr. Ross W. Greene,The Explosive Child (2012-04-30),2 hrs 39 mins,159,2024-01-09T15:13:35,2012-04-30,"CPS Initiative, Inc.",com.plexapp.agents.audnexus://B007Z31CLQ_us?lang=en,287,com.plexapp.agents.audnexus://B001I9OL3O?lang=en
8006,8007,Playing Dead,Playing Dead,"Elizabeth Greenwood, Elizabeth Greenwood - introduction",Playing Dead (2016),7 hrs 59 mins,479,2025-05-17T10:46:47,2016-08-09,Simon & Schuster Audio,com.plexapp.agents.audnexus://B01IU1ICEQ_us?lang=en,8005,com.plexapp.agents.audnexus://B0034QC2LM?lang=en
6942,6943,Some Strange Music Draws Me In,Some Strange Music Draws Me In,Griffin Hansbury,Some Strange Music Draws Me In (2024),10 hrs 15 mins,615,2025-01-21T11:39:15,2024-03-12,Audible Studios,com.plexapp.agents.audnexus://B0CXJQY5R8_us?lang=en,6941,local://6941
5404,5405,The Bright Sword,The Bright Sword,Lev Grossman,The Bright Sword (2024),23 hrs 10 mins,1390,2024-07-22T15:12:16,2024-07-16,Penguin Audio,com.plexapp.agents.audnexus://B0CMVCG8C8_us?lang=en,5403,com.plexapp.agents.audnexus://B001HD42SA?lang=en
6667,6668,The Magicians,"The Magicians, Book 1 - The Magicians",Lev Grossman,The Magicians (2009) [The Magicians 1],17 hrs 25 mins,1045,2024-12-15T08:50:46,2009-08-11,Penguin Audio,com.plexapp.agents.audnexus://B002UZJIF6_us?lang=en,5403,com.plexapp.agents.audnexus://B001HD42SA?lang=en
6663,6664,The Magician King,"The Magicians, Book 2 - The Magician King",Lev Grossman,The Magician King (2011) [The Magicians 2],15 hrs 49 mins,949,2024-12-15T08:49:39,2011-08-09,Penguin Audio,com.plexapp.agents.audnexus://B005F0O484_us?lang=en,5403,com.plexapp.agents.audnexus://B001HD42SA?lang=en
6665,6666,The Magician's Land,"The Magicians, Book 3 - The Magician's Land",Lev Grossman,The Magician's Land (2014) [The Magicians 3],16 hrs 27 mins,987,2024-12-15T08:50:08,2014-08-05,Penguin Audio,com.plexapp.agents.audnexus://B00K8F87C0_us?lang=en,5403,com.plexapp.agents.audnexus://B001HD42SA?lang=en
7304,7305,The Diary of a Nobody,The Diary of a Nobody,"George Grossmith, Weedon Grossmith",The Diary of a Nobody (2009),4 hrs 32 mins,272,2025-03-10T21:04:27,2006-01-01,Naxos AudioBooks,com.plexapp.agents.audnexus://B002V1OB1K_us?lang=en,7303,com.plexapp.agents.audnexus://B00ISWERJW?lang=en
6922,6923,"Point Made, Second Edition","Point Made, Second Edition",Ross Guberman,"Point Made, Second Edition (2018)",8 hrs 20 mins,500,2025-01-17T11:23:07,2018-09-25,Tantor Media,com.plexapp.agents.audnexus://197733170X_us?lang=en,6921,com.plexapp.agents.audnexus://B00409PPXY?lang=en
156,157,On the Clock,On the Clock,Emily Guendelsberger,On the Clock (2019-07-16),12 hrs 6 mins,726,2024-02-08T09:32:20,2019-07-16,"Little, Brown & Company",com.plexapp.agents.audnexus://1478975571_us?lang=en,155,com.plexapp.agents.audnexus://B07VB5299F?lang=en
1700,1701,City of Illusions,City of Illusions,Ursula Le Guin,City of Illusions (1967) [The Hainish Cycle ],7 hrs 22 mins,442,2023-04-29T23:22:35,2025-03-27,Gateway,com.plexapp.agents.audnexus://B0DT4QPM4V_us?lang=en,1697,com.plexapp.agents.audnexus://B000AQ2M2S?lang=en
1706,1707,Lao Tzu: Tao Te Ching,Lao Tzu: Tao Te Ching,Ursula Le Guin,Lao Tzu (1997),1 hr 23 mins,83,2023-04-28T10:24:23,2020-09-07,Shambhala Publications,com.plexapp.agents.audnexus://1645470393_us?lang=en,1697,com.plexapp.agents.audnexus://B000AQ2M2S?lang=en
1695,1696,Rocannon's World,"The Hainish Cycle, Book 1 - Rocannon's World",Ursula Le Guin,Rocannon's World (1966),5 hrs 12 mins,312,2023-04-29T23:20:26,2024-04-30,Gateway,com.plexapp.agents.audnexus://B0CTCX2PM8_us?lang=en,1697,com.plexapp.agents.audnexus://B000AQ2M2S?lang=en
6530,6531,Worlds of Exile and Illusion,"The Hainish Cycle, Book 1-3 - Worlds of Exile and Illusion",Ursula Le Guin,Worlds of Exile and Illusion (2024) [The Hainish Cycle 1-3],16 hrs 38 mins,998,2024-11-10T22:51:35,2024-11-05,Recorded Books,com.plexapp.agents.audnexus://B0CNL3FN9D_us?lang=en,1697,com.plexapp.agents.audnexus://B000AQ2M2S?lang=en
9008,9009,The Left Hand of Darkness,"The Hainish Cycle, Book 4 - The Left Hand of Darkness",Ursula Le Guin,The Left Hand of Darkness (2024) [The Hainish Cycle 4],10 hrs 8 mins,608,2026-02-12T11:25:52,2024-06-18,Recorded Books,com.plexapp.agents.audnexus://B0CQQ275CT_us?lang=en,1697,com.plexapp.agents.audnexus://B000AQ2M2S?lang=en
1704,1705,The Dispossessed,"The Hainish Cycle, Book 5 - The Dispossessed",Ursula Le Guin,The Dispossessed (1974) [The Hainish Cycle ],13 hrs 25 mins,805,2023-03-30T00:58:18,2010-09-14,Harper,com.plexapp.agents.audnexus://B0041PD25K_us?lang=en,1697,com.plexapp.agents.audnexus://B000AQ2M2S?lang=en
1698,1699,The Word for World Is Forest,"The Hainish Cycle, Book 6 - The Word for World Is Forest",Ursula Le Guin,The Word for World Is Forest (1976) [The Hainish Cycle ],3 hrs 6 mins,186,2023-04-29T23:23:37,2024-02-27,Recorded Books,com.plexapp.agents.audnexus://B0CMZ17B99_us?lang=en,1697,com.plexapp.agents.audnexus://B000AQ2M2S?lang=en
1702,1703,The Telling,"The Hainish Cycle, Book 8 - The Telling",Ursula Le Guin,The Telling (2003) [The Hainish Cycle ],6 hrs 57 mins,417,2023-04-28T10:25:57,2024-03-05,Recorded Books,com.plexapp.agents.audnexus://B0CQQ7QHS7_us?lang=en,1697,com.plexapp.agents.audnexus://B000AQ2M2S?lang=en
2291,2292,Eight Mindful Steps to Happiness,Eight Mindful Steps to Happiness,Bhante Henepola Gunarantana,Eight Mindful Steps to Happiness (2001),9 hrs 42 mins,582,2023-04-14T22:26:58,2016-04-14,Audible Studios,com.plexapp.agents.audnexus://B01E7SN1FG_us?lang=en,2290,com.plexapp.agents.audnexus://B002LADY6O?lang=en
2841,2842,Mindfulness in Plain English,"Mindfulness in Plain English, Book 1 - Mindfulness in Plain English",Bhante Henepola Gunarantana,Mindfulness in Plain English (2011) [Mindfulness in Plain English 1],6 hrs 13 mins,373,2023-03-29T14:23:51,2016-05-24,Audible Studios,com.plexapp.agents.audnexus://B01EYXZN6Y_us?lang=en,2290,com.plexapp.agents.audnexus://B002LADY6O?lang=en
919,920,Malice,"The Faithful and the Fallen, Book 1 - Malice",John Gwynne,Malice (2015) [The Faithful and the Fallen 1],1 day 1 hr 52 mins,1552,2023-07-05T13:36:18,2019-08-13,Orbit,com.plexapp.agents.audnexus://1549102133_us?lang=en,918,com.plexapp.agents.audnexus://B00A7RL2X0?lang=en
2536,2537,The Library of the Unwritten,"A Novel from Hell's Library, Book 1 - The Library of the Unwritten",A. J. Hackwith,The Library of the Unwritten (2019) [A Novel from Hell's Library 1],13 hrs 58 mins,838,2023-04-05T22:16:03,2019-10-01,Penguin Audio,com.plexapp.agents.audnexus://0593151534_us?lang=en,2533,com.plexapp.agents.audnexus://B07DP5GMZR?lang=en
2534,2535,The God of Lost Words,"A Novel from Hell's Library, Book 3 - The God of Lost Words",A. J. Hackwith,The God of Lost Words (2021) [A Novel from Hell's Library 3],13 hrs 19 mins,799,2023-04-23T01:16:35,2021-11-02,Penguin Audio,com.plexapp.agents.audnexus://0593456947_us?lang=en,2533,com.plexapp.agents.audnexus://B07DP5GMZR?lang=en
8320,8321,Reforged,"The World of Reforged, Book 1 - Reforged",Seth Haddon,Reforged (2023) [The World of Reforged 1],12 hrs 15 mins,735,2025-08-12T14:11:49,2023-05-09,Tantor Audio,com.plexapp.agents.audnexus://B0C31MGTX8_us?lang=en,8319,com.plexapp.agents.audnexus://B0BDGLDR38?lang=en
8322,8323,Reborn,"The World of Reforged, Book 2 - Reborn",Seth Haddon,Reborn (2024) [The World of Reforged 2],10 hrs 27 mins,627,2025-08-12T14:11:49,2024-04-16,Tantor Audio,com.plexapp.agents.audnexus://B0CYN3NPX3_us?lang=en,8319,com.plexapp.agents.audnexus://B0BDGLDR38?lang=en
8324,8325,Reclaimed,"The World of Reforged, Book 3 - Reclaimed",Seth Haddon,Reclaimed (2025) [The World of Reforged 3],13 hrs 34 mins,814,2025-08-12T14:11:49,2025-06-10,Tantor Media,com.plexapp.agents.audnexus://B0FB16GLJQ_us?lang=en,8319,com.plexapp.agents.audnexus://B0BDGLDR38?lang=en
5988,5989,Illiberal America,Illiberal America,Steven Hahn,Illiberal America (2024),17 hrs 12 mins,1032,2024-09-20T19:35:46,2024-03-19,"HighBridge, a division of Recorded Books",com.plexapp.agents.audnexus://B0CXYWNMM1_us?lang=en,5987,com.plexapp.agents.audnexus://B001IZPKR4?lang=en
804,805,The Midnight Library,The Midnight Library,Matt Haig,The Midnight Library (2020),8 hrs 51 mins,531,2023-07-23T22:44:26,2020-09-29,Penguin Audio,com.plexapp.agents.audnexus://059334023X_us?lang=en,803,com.plexapp.agents.audnexus://B001IO8C1Q?lang=en
1713,1714,Lord of the White Hell: Book One,"The Cadeleonian Series, Book 1 - Lord of the White Hell: Book One",Ginn Hale,Lord of the White Hell (2010) [The Cadeleonian Series 1],12 hrs 58 mins,778,2023-04-28T10:27:07,2019-10-29,Tantor Audio,com.plexapp.agents.audnexus://1515946460_us?lang=en,1708,com.plexapp.agents.audnexus://B001JS41G6?lang=en
1711,1712,The Counterfeit Viscount,The Counterfeit Viscount,Ginn Hale,The Counterfeit Viscount (2020),4 hrs 5 mins,245,2023-04-28T10:28:12,2020-09-22,Blind Eye Books,com.plexapp.agents.audnexus://B08JN7Q2Z6_us?lang=en,1708,com.plexapp.agents.audnexus://B001JS41G6?lang=en
1709,1710,Wicked Gentlemen,Wicked Gentlemen,Ginn Hale,Wicked Gentlemen (2007),7 hrs 17 mins,437,2023-04-28T10:32:53,2019-09-24,Tantor Media,com.plexapp.agents.audnexus://1515946452_us?lang=en,1708,com.plexapp.agents.audnexus://B001JS41G6?lang=en
5441,5442,Captive Paradise,Captive Paradise,James L. Haley,Captive Paradise (2014),13 hrs 33 mins,813,2024-07-25T09:03:23,2014-12-16,"Blackstone Audio, Inc.",com.plexapp.agents.audnexus://B00QZQQTZS_us?lang=en,5440,com.plexapp.agents.audnexus://B001ITYO0O?lang=en
972,973,A Lady for a Duke,A Lady for a Duke,Alexis Hall,A Lady for a Duke (2022),15 hrs 27 mins,927,2023-03-29T11:11:00,2022-05-24,Forever,com.plexapp.agents.audnexus://B09YJ28VC6_us?lang=en,957,com.plexapp.agents.audnexus://B00ESZWVQE?lang=en
980,981,How to Bang a Billionaire,"Arden St. Ives, Book 1 - How to Bang a Billionaire",Alexis Hall,How to Bang a Billionaire (2017) [Arden St. Ives 1],11 hrs 1 min,661,2023-03-22T12:42:10,2018-01-16,Hachette Audio,com.plexapp.agents.audnexus://B078WYGKQY_us?lang=en,957,com.plexapp.agents.audnexus://B00ESZWVQE?lang=en
978,979,How to Blow It with a Billionaire,"Arden St. Ives, Book 2 - How to Blow It with a Billionaire",Alexis Hall,How to Blow It with a Billionaire (2017) [Arden St. Ives 2],11 hrs 38 mins,698,2023-03-22T12:42:49,2018-02-13,Hachette Audio,com.plexapp.agents.audnexus://B079DYJ6XF_us?lang=en,957,com.plexapp.agents.audnexus://B00ESZWVQE?lang=en
976,977,How to Belong with a Billionaire,"Arden St. Ives, Book 3 - How to Belong with a Billionaire",Alexis Hall,How to Belong with a Billionaire (2019) [Arden St. Ives 3],13 hrs 53 mins,833,2023-03-22T17:01:51,2019-09-03,Hachette Audio,com.plexapp.agents.audnexus://1549115359_us?lang=en,957,com.plexapp.agents.audnexus://B00ESZWVQE?lang=en
984,985,Boyfriend Material,"London Calling, Book 1 - Boyfriend Material",Alexis Hall,Boyfriend Material (2020) [London Calling 1],13 hrs 12 mins,792,2023-03-22T13:03:35,2020-07-07,"Dreamscape Media, LLC",com.plexapp.agents.audnexus://1662016719_us?lang=en,957,com.plexapp.agents.audnexus://B00ESZWVQE?lang=en
960,961,Prosperity,Prosperity,Alexis Hall,Prosperity (2016),6 hrs 6 mins,366,2023-04-18T22:14:15,2008-06-02,Made for Success,com.plexapp.agents.audnexus://B002VA3JAU_us?lang=en,957,com.plexapp.agents.audnexus://B00ESZWVQE?lang=en
982,983,Something Fabulous,"Something Fabulous, Book 1 - Something Fabulous",Alexis Hall,Something Fabulous (2022) [Something Fabulous 1],10 hrs 53 mins,653,2023-03-22T17:01:08,2022-01-25,Brilliance Audio,com.plexapp.agents.audnexus://1713638134_us?lang=en,957,com.plexapp.agents.audnexus://B00ESZWVQE?lang=en
968,969,For Real,"Spires Universe, Book 3 - For Real",Alexis Hall,For Real (2015) [Spires Universe 3],12 hrs 56 mins,776,2023-03-22T12:30:53,2015-11-30,Audible Studios,com.plexapp.agents.audnexus://B018IJ8L3W_us?lang=en,957,com.plexapp.agents.audnexus://B00ESZWVQE?lang=en
966,967,Pansies,"Spires Universe, Book 4 - Pansies",Alexis Hall,Pansies (2018) [Spires Universe 4],11 hrs 54 mins,714,2023-03-22T17:00:46,2020-02-04,Tantor Audio,com.plexapp.agents.audnexus://154143627X_us?lang=en,957,com.plexapp.agents.audnexus://B00ESZWVQE?lang=en
964,965,Glitterland,"Spires, Book 1 - Glitterland",Alexis Hall,Glitterland (2013) [Spires Universe 1],6 hrs 43 mins,403,2023-03-29T13:24:54,2024-01-16,Dreamscape Media,com.plexapp.agents.audnexus://B0CP6LNF9N_us?lang=en,957,com.plexapp.agents.audnexus://B00ESZWVQE?lang=en
962,963,Waiting for the Flood,"Spires, Book 2 - Waiting for the Flood",Alexis Hall,Waiting for the Flood (2015) [Spires Universe 2],2 hrs 50 mins,170,2023-03-29T21:04:43,2024-02-20,Dreamscape Media,com.plexapp.agents.audnexus://B0CPTM8XT6_us?lang=en,957,com.plexapp.agents.audnexus://B00ESZWVQE?lang=en
970,971,The Affair of the Mysterious Letter,The Affair of the Mysterious Letter,Alexis Hall,The Affair of the Mysterious Letter (2019),10 hrs 36 mins,636,2023-03-29T12:08:34,2019-06-18,Penguin Audio,com.plexapp.agents.audnexus://198489062X_us?lang=en,957,com.plexapp.agents.audnexus://B00ESZWVQE?lang=en
958,959,Mortal Follies,"The Mortal Follies series, Book 1 - Mortal Follies",Alexis Hall,Mortal Follies (2023) [The Mortal Follies series 1],11 hrs 51 mins,711,2023-07-03T13:59:34,2023-06-06,Random House Audio,com.plexapp.agents.audnexus://B0BL9NQR9T_us?lang=en,957,com.plexapp.agents.audnexus://B00ESZWVQE?lang=en
7592,7593,Confounding Oaths,"The Mortal Follies series, Book 2 - Confounding Oaths",Alexis Hall,Confounding Oaths (2024) [The Mortal Follies series 2],12 hrs 18 mins,738,2025-04-25T13:11:20,2024-10-08,Random House Audio,com.plexapp.agents.audnexus://B0CL12HGXN_us?lang=en,957,com.plexapp.agents.audnexus://B00ESZWVQE?lang=en
974,975,Paris Daillencourt Is About to Crumble,"Winner Bakes All, Book 2 - Paris Daillencourt Is About to Crumble",Alexis Hall,Paris Daillencourt Is About to Crumble (2022) [Winner Bakes All 2],13 hrs 5 mins,785,2023-03-28T15:05:13,2022-11-01,Forever,com.plexapp.agents.audnexus://B0B25RFRY8_us?lang=en,957,com.plexapp.agents.audnexus://B00ESZWVQE?lang=en
8261,8262,Asunder,Asunder,Kerstin Hall,Asunder (2024),19 hrs 35 mins,1175,2025-07-30T08:15:03,2024-09-17,Recorded Books,com.plexapp.agents.audnexus://B0CSZR1K2S_us?lang=en,8260,com.plexapp.agents.audnexus://B07RZ2VQCY?lang=en
4914,4915,The Secret Teachings of All Ages,The Secret Teachings of All Ages,Manly Hall,The Secret Teachings of All Ages (2021),1 day 4 hrs 31 mins,1711,2024-06-06T23:29:44,2021-01-08,MuseumAudiobooks.com,com.plexapp.agents.audnexus://B08SGQT5GB_us?lang=en,4913,com.plexapp.agents.audnexus://B001JRWQVE?lang=en
6919,6920,Asymmetry,Asymmetry,Lisa Halliday,Asymmetry (2018),8 hrs 3 mins,483,2025-01-17T11:13:58,2018-02-06,Simon & Schuster Audio,com.plexapp.agents.audnexus://B0787MH3VN_us?lang=en,6918,com.plexapp.agents.audnexus://B079WTH1D5?lang=en
9911,9912,The Fall Before Flight,"Before & After, Book 1 - The Fall Before Flight",L.M. Halloran,"The Fall Before Flight: A Doctor/Patient Forbidden Romance (Before & After, Book 1)",7 hrs 33 mins,453,2026-05-07T08:54:38,2025-10-23,L.M. Halloran,com.plexapp.agents.audnexus://B0FRGQ1FZJ_us?lang=en,9910,com.plexapp.agents.audnexus://B01C0T980G?lang=en
9913,9914,The Dark Before Light,The Dark Before Light,L.M. Halloran,The Dark Before Light,9 hrs 51 mins,591,2026-05-07T08:54:42,2024-12-20,L.M. Halloran,com.plexapp.agents.audnexus://B0DR37V9KW_us?lang=en,9910,com.plexapp.agents.audnexus://B01C0T980G?lang=en
3654,3655,Synchronicity,Synchronicity,Paul Halpern,Synchronicity (2020),10 hrs 34 mins,634,2023-03-23T23:39:54,2020-08-18,Basic Books,com.plexapp.agents.audnexus://154911798X_us?lang=en,3653,com.plexapp.agents.audnexus://B001IGFMLM?lang=en
3288,3289,The Rainbow Abyss,The Rainbow Abyss,Barbara Hambly,The Rainbow Abyss (1991),9 hrs 38 mins,578,2023-03-28T15:05:30,2013-02-08,Audible Studios,com.plexapp.agents.audnexus://B00BBJHHK0_us?lang=en,3287,com.plexapp.agents.audnexus://B000AQ3ZOM?lang=en
3374,3375,Meetings with Remarkable Manuscripts,Meetings with Remarkable Manuscripts,Christopher de Hamel,Meetings with Remarkable Manuscripts (2016),17 hrs 42 mins,1062,2023-03-28T14:48:24,2017-10-30,Penguin Audio,com.plexapp.agents.audnexus://B076X3VG6M_us?lang=en,3373,com.plexapp.agents.audnexus://B000AP7F7G?lang=en
4217,4218,"Blood, Bones & Butter","Blood, Bones & Butter",Gabrielle Hamilton,"Blood, Bones & Butter (2011)",10 hrs 5 mins,605,2023-03-22T13:05:55,2011-03-01,Random House Audio,com.plexapp.agents.audnexus://B004N13B58_us?lang=en,4216,com.plexapp.agents.audnexus://B004N6V45M?lang=en
2258,2259,Red Harvest,"The Continental Op, Book 1 - Red Harvest",Dashiell Hammett,Red Harvest (1929) [The Continental Op Novels 1],6 hrs 27 mins,387,2023-04-14T23:20:20,2011-07-12,"Blackstone Audio, Inc.",com.plexapp.agents.audnexus://B005CB1SMG_us?lang=en,2253,com.plexapp.agents.audnexus://B000AP9KEC?lang=en
2256,2257,The Maltese Falcon,"The Maltese Falcon, Book 1 - The Maltese Falcon",Dashiell Hammett,The Maltese Falcon (2018) [The Maltese Falcon 1],7 hrs 52 mins,472,2023-04-14T23:23:15,2004-02-19,"Blackstone Audio, Inc.",com.plexapp.agents.audnexus://B002V8NAWE_us?lang=en,2253,com.plexapp.agents.audnexus://B000AP9KEC?lang=en
2254,2255,The Thin Man,"The Thin Man, Book 1 - The Thin Man",Dashiell Hammett,The Thin Man (1934) [The Thin Man 1],5 hrs 55 mins,355,2023-04-14T23:23:53,2008-11-11,"Blackstone Audio, Inc.",com.plexapp.agents.audnexus://B002VA8N3I_us?lang=en,2253,com.plexapp.agents.audnexus://B000AP9KEC?lang=en
8653,8654,Portraits at the Palace of Creativity and Wrecking,Portraits at the Palace of Creativity and Wrecking,Han Smith 	 					 Narrated by:,Portraits at the Palace of Creativity and Wrecking (2024),7 hrs,420,2025-09-10T00:20:41,2024-01-01,,local://8653,8652,local://8652
8285,8286,Psychopolitics,Psychopolitics,"Byung-Chul Han, Erik Butler(Translated by)",Psychopolitics (2024) [Byung-Chul Han The Collected Audio Works ],2 hrs 50 mins,170,2025-08-02T13:04:52,2024-10-02,"Echo Point Books & Media, LLC",com.plexapp.agents.audnexus://B0DJ3BF6X5_us?lang=en,8284,com.plexapp.agents.audnexus://B001JONWGA?lang=en
2218,2219,The Stench of Honolulu,The Stench of Honolulu,Jack Handey,The Stench of Honolulu (2013),3 hrs 12 mins,192,2023-04-18T22:21:10,2013-07-16,Grand Central Publishing,com.plexapp.agents.audnexus://B00DHQOGLI_us?lang=en,2217,com.plexapp.agents.audnexus://B001K8QML2?lang=en
7023,7024,And Then? And Then? What Else?,And Then? And Then? What Else?,Daniel Handler,And Then And Then What Else (2024),6 hrs 8 mins,368,2025-02-07T13:25:40,2024-05-21,Recorded Books,com.plexapp.agents.audnexus://B0CWQ7KZTT_us?lang=en,7022,com.plexapp.agents.audnexus://B001IQZEV0?lang=en
7025,7026,The Basic Eight,The Basic Eight,Daniel Handler,The Basic Eight (2023),11 hrs 51 mins,711,2025-02-07T13:26:44,2023-11-21,"HighBridge, a division of Recorded Books",com.plexapp.agents.audnexus://B0CNQCMRHG_us?lang=en,7022,com.plexapp.agents.audnexus://B001IQZEV0?lang=en
5393,5394,Cosmosapiens,Cosmosapiens,John Hands,Cosmosapiens (2016),1 day 7 hrs 11 mins,1871,2024-07-21T08:43:17,2016-02-16,"Blackstone Audio, Inc.",com.plexapp.agents.audnexus://B01BKYNDQM_us?lang=en,5392,com.plexapp.agents.audnexus://B001KCGX12?lang=en
1662,1663,Rainbow History Class,Rainbow History Class,Hannah McElhinney,Rainbow History Class (2023),5 hrs 12 mins,312,2023-04-30T21:27:04,2023-03-08,Audible Studios,com.plexapp.agents.audnexus://B0BTR1X2NR_us?lang=en,1661,local://1661
4326,4327,"Rule, Nostalgia","Rule, Nostalgia",Hannah Rose Woods,"Rule, Nostalgia (2022)",10 hrs 53 mins,653,2023-03-22T12:07:43,2022-01-01,,local://4326,4325,plex://artist/65c6960a56dc3cf57c17e755
176,177,The Sword Defiant,"Lands of the Firstborn, Book 1 - The Sword Defiant",Gareth Hanrahan,The Sword Defiant (2023-05-02) [Lands of the Firstborn 1],19 hrs 18 mins,1158,2024-01-20T11:08:53,2023-05-02,Orbit,com.plexapp.agents.audnexus://B0BJ58XK2B_us?lang=en,175,com.plexapp.agents.audnexus://B00420E5NM?lang=en
4656,4657,The Sword Unbound,"Lands of the Firstborn, Book 2 - The Sword Unbound",Gareth Hanrahan,The Sword Unbound (2024) [Lands of the Firstborn 2],20 hrs 25 mins,1225,2024-05-14T20:43:25,2024-05-07,Orbit,com.plexapp.agents.audnexus://B0CJFW9648_us?lang=en,175,com.plexapp.agents.audnexus://B00420E5NM?lang=en
178,179,The Gutter Prayer,"The Black Iron Legacy, Book 1 - The Gutter Prayer",Gareth Hanrahan,The Gutter Prayer (2019) [The Black Iron Legacy 1],16 hrs 58 mins,1018,2023-03-28T09:05:39,2019-03-07,Orbit,com.plexapp.agents.audnexus://1549125249_us?lang=en,175,com.plexapp.agents.audnexus://B00420E5NM?lang=en
3905,3906,Nophek Gloss,"The Graven, Book 1 - Nophek Gloss",Essa Hansen,Nophek Gloss (2021) [The Graven 1],15 hrs 52 mins,952,2023-03-23T01:25:17,2021-03-23,Orbit,com.plexapp.agents.audnexus://1549186442_us?lang=en,3904,com.plexapp.agents.audnexus://B087G9ZZNW?lang=en
1980,1981,Metropolis,Metropolis,Thea Von Harbou,Metropolis (2023),8 hrs 38 mins,518,2023-04-23T23:28:54,2021-04-12,Paperback Classics,com.plexapp.agents.audnexus://1645553957_us?lang=en,1979,com.plexapp.agents.audnexus://B00JQPH5PS?lang=en
22,23,Jude The Obscure,Jude The Obscure,Thomas Hardy,Jude the Obscure (2011),14 hrs 37 mins,877,2024-04-06T11:36:52,2009-02-19,Audible Studios,com.plexapp.agents.audnexus://B002V02SVQ_us?lang=en,21,com.plexapp.agents.audnexus://B001KHQP8I?lang=en
24,25,The Woodlanders,The Woodlanders,Thomas Hardy,The Woodlanders (),14 hrs 15 mins,855,2023-03-28T09:05:54,2007-08-14,Audible Studios,com.plexapp.agents.audnexus://B002V5B9MA_us?lang=en,21,com.plexapp.agents.audnexus://B001KHQP8I?lang=en
1227,1228,Gnomon,Gnomon,Nick Harkaway,Gnomon (2018),1 day 5 hrs 4 mins,1744,2023-06-12T22:20:08,2018-12-04,Random House Audio,com.plexapp.agents.audnexus://1984833758_us?lang=en,1226,com.plexapp.agents.audnexus://B0045B4MG8?lang=en
1229,1230,The Gone-Away World,The Gone-Away World,Nick Harkaway,The Gone-Away World (2008),22 hrs 8 mins,1328,2023-03-28T22:26:19,2008-09-16,Random House Audio,com.plexapp.agents.audnexus://B002V0M4ZG_us?lang=en,1226,com.plexapp.agents.audnexus://B0045B4MG8?lang=en
6590,6591,Tell Me an Ending,Tell Me an Ending,Jo Harkin,Tell Me an Ending (2022),16 hrs 22 mins,982,2024-11-24T15:10:07,2022-03-01,Simon & Schuster Audio,com.plexapp.agents.audnexus://1797135570_us?lang=en,6589,com.plexapp.agents.audnexus://B098P8BNV5?lang=en
8087,8088,A People’s History of the World,A People’s History of the World,Chris Harman,A People’s History of the World (2017),1 day 5 hrs 44 mins,1784,2025-05-23T09:09:56,2017-08-29,Tantor Audio,com.plexapp.agents.audnexus://B074X4VR5H_us?lang=en,8086,com.plexapp.agents.audnexus://B001I7O9MY?lang=en
3476,3477,Murder by the Book,"Beyond the Page Bookstore Mystery, Book 1 - Murder by the Book",Claire Harman,Murder by the Book (2019),7 hrs 45 mins,465,2023-03-28T09:06:01,2018-10-30,Tantor Audio,com.plexapp.agents.audnexus://1977385214_us?lang=en,3475,com.plexapp.agents.audnexus://B000APQJP0?lang=en
8358,8359,The Fort Bragg Cartel,The Fort Bragg Cartel,Seth Harp,The Fort Bragg Cartel (2025),10 hrs 46 mins,646,2025-08-18T08:59:55,2025-08-12,Penguin Audio,com.plexapp.agents.audnexus://B0DNGQV7VC_us?lang=en,8357,com.plexapp.agents.audnexus://B0F4MDC1D2?lang=en
7579,7580,No More Tears,No More Tears,Gardiner Harris,No More Tears (2025),14 hrs 24 mins,864,2025-04-13T23:03:46,2025-04-08,Random House Audio,com.plexapp.agents.audnexus://B0DCHFM2CX_us?lang=en,7578,com.plexapp.agents.audnexus://B002RI1IKY?lang=en
4275,4276,Gentlemen and Players,"Malbry, Book 2 - Gentlemen and Players",Joanne Harris,Gentlemen and Players (2006) [Malbry 2],13 hrs 24 mins,804,2023-03-22T12:33:12,2006-02-17,HarperAudio,com.plexapp.agents.audnexus://B002V8N434_us?lang=en,4274,com.plexapp.agents.audnexus://B000APFVNQ?lang=en
4174,4175,Kids These Days,Kids These Days,Malcolm Harris,Kids These Days (2017),7 hrs 29 mins,449,2023-03-22T13:00:13,2017-11-07,Hachette Audio,com.plexapp.agents.audnexus://B076VVD3NW_us?lang=en,4171,com.plexapp.agents.audnexus://B0034O3Q00?lang=en
4172,4173,Palo Alto,Palo Alto,Malcolm Harris,Palo Alto (2023),1 day 4 hrs 20 mins,1700,2023-03-22T16:46:17,2023-02-14,"Little, Brown & Company",com.plexapp.agents.audnexus://B0BF16WTB5_us?lang=en,4171,com.plexapp.agents.audnexus://B0034O3Q00?lang=en
8943,8944,What's Left,What's Left,Malcolm Harris,What's Left (2025),10 hrs 17 mins,617,2026-01-07T10:51:48,2025-04-15,"Little, Brown & Company",com.plexapp.agents.audnexus://B0DD8D1N1S_us?lang=en,4171,com.plexapp.agents.audnexus://B0034O3Q00?lang=en
2555,2556,Pictures at a Revolution,Pictures at a Revolution,Mark Harris,Pictures at a Revolution (2008),17 hrs 20 mins,1040,2023-04-05T21:45:35,2008-03-19,Tantor Audio,com.plexapp.agents.audnexus://B002V1O2B4_us?lang=en,2554,com.plexapp.agents.audnexus://B000APBLQC?lang=en
8096,8097,Fatherland,Fatherland,Robert Harris,Fatherland (2017),11 hrs 21 mins,681,2025-05-23T09:24:41,2017-08-23,Random House Audio,com.plexapp.agents.audnexus://B0752WW32F_us?lang=en,8095,com.plexapp.agents.audnexus://B000APBPA4?lang=en
1064,1065,Light,"Kefahuchi Tract, Book 1 - Light",M. John Harrison,Light (2004) [Kefahuchi Tract 1],10 hrs 23 mins,623,2023-06-19T20:52:59,2021-08-24,Random House Audio,com.plexapp.agents.audnexus://0593554353_us?lang=en,1061,com.plexapp.agents.audnexus://B001H9TV6W?lang=en
1062,1063,Nova Swing,"Kefahuchi Tract, Book 2 - Nova Swing",M. John Harrison,Nova Swing (2007) [Kefahuchi Tract 2],9 hrs 26 mins,566,2023-06-20T15:37:34,2008-10-24,Recorded Books,com.plexapp.agents.audnexus://B002V0TPBC_us?lang=en,1061,com.plexapp.agents.audnexus://B001H9TV6W?lang=en
8969,8970,Empty Space: A Haunting,"Kefahuchi Tract, Book 3 - Empty Space: A Haunting",M. John Harrison,Empty Space A Haunting (2013) [Kefahuchi Tract 3],10 hrs 4 mins,604,2026-01-13T10:05:58,2013-03-05,Audible Studios,com.plexapp.agents.audnexus://B00BB0NFOQ_us?lang=en,1061,com.plexapp.agents.audnexus://B001H9TV6W?lang=en
1066,1067,Viriconium,Viriconium,M. John Harrison,Viriconium (2007),19 hrs 50 mins,1190,2023-04-23T01:18:16,2021-08-24,Random House Audio,com.plexapp.agents.audnexus://0593554337_us?lang=en,1061,com.plexapp.agents.audnexus://B001H9TV6W?lang=en
8693,8694,The Everlasting,The Everlasting,Alix E. Harrow,The Everlasting (2025),13 hrs 41 mins,821,2025-11-10T12:20:01,2025-10-28,Macmillan Audio,com.plexapp.agents.audnexus://B0F1DPWVHS_us?lang=en,1447,com.plexapp.agents.audnexus://B07N1SL37M?lang=en
5307,5308,The Once and Future Witches,The Once and Future Witches,Alix E. Harrow,The Once and Future Witches (2020),16 hrs 4 mins,964,2024-07-13T08:55:37,2020-10-14,Redhook,com.plexapp.agents.audnexus://1549186426_us?lang=en,1447,com.plexapp.agents.audnexus://B07N1SL37M?lang=en
1448,1449,The Ten Thousand Doors of January,The Ten Thousand Doors of January,Alix E. Harrow,The Ten Thousand Doors of January (2019),12 hrs 21 mins,741,2023-05-06T00:29:29,2019-09-10,Redhook,com.plexapp.agents.audnexus://1549124056_us?lang=en,1447,com.plexapp.agents.audnexus://B07N1SL37M?lang=en
3479,3480,Crossroads,"Haven River Ranch, Book 1 - Crossroads",Riley Hart,Crossroads (2015) [Crossroads (Hart) 1],7 hrs 24 mins,444,2023-03-28T09:01:16,2024-06-04,Brilliance Audio,com.plexapp.agents.audnexus://B0CQRP7R19_us?lang=en,3478,com.plexapp.agents.audnexus://B00HCMIRQ8?lang=en
8289,8290,"Marx, Capital, and the Madness of Economic Reason","Marx, Capital, and the Madness of Economic Reason",David Harvey,"Marx, Capital, and the Madness of Economic Reason (2019)",7 hrs 52 mins,472,2025-08-04T01:35:23,2019-06-18,Tantor Media,com.plexapp.agents.audnexus://1977319866_us?lang=en,4328,com.plexapp.agents.audnexus://B001I9U0JI?lang=en
4329,4330,Seventeen Contradictions and the End of Capitalism,Seventeen Contradictions and the End of Capitalism,David Harvey,Seventeen Contradictions and the End of Capitalism (2014),13 hrs 45 mins,825,2023-03-22T12:07:12,2020-09-08,Tantor Audio,com.plexapp.agents.audnexus://1705242200_us?lang=en,4328,com.plexapp.agents.audnexus://B001I9U0JI?lang=en
6826,6827,Orbital,Orbital,Samantha Harvey,Orbital (2023),5 hrs 7 mins,307,2025-01-09T23:26:52,2023-11-02,Vintage Digital,com.plexapp.agents.audnexus://B0CKC5641P_us?lang=en,6825,com.plexapp.agents.audnexus://B01A2MQ9DM?lang=en
5081,5082,Blind Tiger,"Pride, Book 1 - Blind Tiger",Jordan L. Hawk,Blind Tiger (2021),6 hrs 41 mins,401,2024-06-11T11:12:07,2021-04-21,Widdershins Press LLC,com.plexapp.agents.audnexus://B092W91JQ6_us?lang=en,3268,com.plexapp.agents.audnexus://B00A2336YC?lang=en
3281,3282,Seeker of Truth,"SPECTR Series 3, Book 3 - Seeker of Truth",Jordan L. Hawk,SPECTR (2014) [The SPECTR Universe ],1 day 53 mins,1493,2023-03-28T15:06:39,2020-06-12,Widdershins Press LLC,com.plexapp.agents.audnexus://B089ZZXDL5_us?lang=en,3268,com.plexapp.agents.audnexus://B00A2336YC?lang=en
3283,3284,Restless Spirits (Volume 1),"Spirits, Book 1 - Restless Spirits (Volume 1)",Jordan L. Hawk,Restless Spirits (Volume 1) (2015) [Spirits 1],7 hrs 12 mins,432,2023-03-28T09:47:42,2018-07-27,Widdershins Press LLC,com.plexapp.agents.audnexus://B07FXZMVBR_us?lang=en,3268,com.plexapp.agents.audnexus://B00A2336YC?lang=en
3473,3474,Dangerous Spirits (Volume 2),"Spirits, Book 2 - Dangerous Spirits (Volume 2)",Jordan L. Hawk,Dangerous Spirits (Volume 2) (2015) [Spirits 2],6 hrs 29 mins,389,2023-03-28T09:06:16,2018-08-17,Widdershins Press LLC,com.plexapp.agents.audnexus://B07GJZKHXX_us?lang=en,3268,com.plexapp.agents.audnexus://B00A2336YC?lang=en
3285,3286,Guardian Spirits (Volume 3),"Spirits, Book 3 - Guardian Spirits (Volume 3)",Jordan L. Hawk,Guardian Spirits (Volume 3) (2018) [Spirits 3],6 hrs 30 mins,390,2023-03-28T09:06:44,2018-09-12,Widdershins Press LLC,com.plexapp.agents.audnexus://B07H8PZXR2_us?lang=en,3268,com.plexapp.agents.audnexus://B00A2336YC?lang=en
3269,3270,Widdershins,"Whyborne & Griffin, Book 1 - Widdershins",Jordan L. Hawk,Widdershins (2012) [Whyborne & Griffin 1],9 hrs 16 mins,556,2023-03-28T15:08:18,2013-05-24,Jordan L. Hawk,com.plexapp.agents.audnexus://B00CYRDVS0_us?lang=en,3268,com.plexapp.agents.audnexus://B00A2336YC?lang=en
3277,3278,Eidolon,"Whyborne & Griffin, Book 1.5 - Eidolon",Jordan L. Hawk,Eidolon (2014) [Whyborne & Griffin 1.5],1 hr 7 mins,67,2023-03-28T09:06:34,2014-06-20,Widdershins Press LLC,com.plexapp.agents.audnexus://B00L3HL76K_us?lang=en,3268,com.plexapp.agents.audnexus://B00A2336YC?lang=en
3271,3272,Threshold,"Whyborne & Griffin, Book 2 - Threshold",Jordan L. Hawk,Threshold (2013) [Whyborne & Griffin 2],7 hrs 20 mins,440,2023-03-28T15:07:01,2013-11-27,Jordan L. Hawk,com.plexapp.agents.audnexus://B00GWTNVDG_us?lang=en,3268,com.plexapp.agents.audnexus://B00A2336YC?lang=en
3273,3274,Stormhaven,"Whyborne & Griffin, Book 3 - Stormhaven",Jordan L. Hawk,Stormhaven (2013) [Whyborne & Griffin 3],7 hrs 34 mins,454,2023-03-28T15:06:52,2014-03-05,Widdershins Press LLC,com.plexapp.agents.audnexus://B00IRKZDDO_us?lang=en,3268,com.plexapp.agents.audnexus://B00A2336YC?lang=en
3275,3276,Necropolis,"Whyborne & Griffin, Book 4 - Necropolis",Jordan L. Hawk,Necropolis (2014) [Whyborne & Griffin 4],7 hrs 59 mins,479,2023-03-28T09:06:55,2014-06-19,Widdershins Press LLC,com.plexapp.agents.audnexus://B00L3W62JC_us?lang=en,3268,com.plexapp.agents.audnexus://B00A2336YC?lang=en
3279,3280,Bloodline,"Whyborne & Griffin, Book 5 - Bloodline",Jordan L. Hawk,Bloodline (2014) [Whyborne & Griffin 5],9 hrs 50 mins,590,2023-03-28T09:06:08,2014-12-16,Widdershins Press LLC,com.plexapp.agents.audnexus://B00R1ON8TI_us?lang=en,3268,com.plexapp.agents.audnexus://B00A2336YC?lang=en
3172,3173,City of Lies,"Poison Wars, Book 1 - City of Lies",Sam Hawke,City of Lies (2018) [Poison Wars 1],18 hrs 16 mins,1096,2023-03-28T15:56:34,2018-07-03,Macmillan Audio,com.plexapp.agents.audnexus://B07F3CXNG3_us?lang=en,3171,com.plexapp.agents.audnexus://B075N7YMTD?lang=en
1040,1041,Her Royal Highness,"Royals [Hawkins], Book 2 - Her Royal Highness",Rachel Hawkins,Her Royal Highness (2019) [Royals [Hawkins] 2],7 hrs 44 mins,464,2023-06-20T23:09:37,2019-05-07,Listening Library,com.plexapp.agents.audnexus://1984885774_us?lang=en,1039,com.plexapp.agents.audnexus://B0032U6MAW?lang=en
2878,2879,Library at Mount Char,Library at Mount Char,Scott Hawkins,Library at Mount Char (2015),16 hrs 48 mins,1008,2023-03-29T13:31:20,2015-06-16,"HighBridge, a division of Recorded Books",com.plexapp.agents.audnexus://B00XV1B3CY_us?lang=en,2877,com.plexapp.agents.audnexus://B00MCIWP1K?lang=en
8171,8172,The Price of Faith,"First Earth Saga, Book 3 - The Price of Faith",Rob J. Hayes,The Price of Faith (2023) [First Earth Saga 3],13 hrs 36 mins,816,2025-06-04T10:22:23,2023-03-08,Rob J. Hayes,com.plexapp.agents.audnexus://B0BXQZ5LPQ_us?lang=en,1555,com.plexapp.agents.audnexus://B00JF0YJL2?lang=en
8161,8162,Herald,Herald,Rob J. Hayes,Herald (2024) [The God Eater Saga ],1 day 2 hrs 36 mins,1596,2025-06-01T17:09:21,2024-07-09,Rob J. Hayes,com.plexapp.agents.audnexus://B0D79KFP6R_us?lang=en,1555,com.plexapp.agents.audnexus://B00JF0YJL2?lang=en
1558,1559,Along the Razor's Edge,"The War Eternal, Book 1 - Along the Razor's Edge",Rob J. Hayes,Along the Razor's Edge (2020) [The War Eternal 1],12 hrs 6 mins,726,2023-04-14T22:26:14,2020-10-27,Podium Audio,com.plexapp.agents.audnexus://1774246686_us?lang=en,1555,com.plexapp.agents.audnexus://B00JF0YJL2?lang=en
8155,8156,The Lessons Never Learned,"The War Eternal, Book 2 - The Lessons Never Learned",Rob J. Hayes,The Lessons Never Learned (2020) [The War Eternal 2],16 hrs 24 mins,984,2025-05-31T12:24:12,2020-12-22,Podium Audio,com.plexapp.agents.audnexus://1774247070_us?lang=en,1555,com.plexapp.agents.audnexus://B00JF0YJL2?lang=en
8157,8158,From Cold Ashes Risen,"The War Eternal, Book 3 - From Cold Ashes Risen",Rob J. Hayes,From Cold Ashes Risen (2021) [The War Eternal 3],13 hrs 52 mins,832,2025-05-31T12:25:29,2021-01-26,Podium Audio,com.plexapp.agents.audnexus://1774247259_us?lang=en,1555,com.plexapp.agents.audnexus://B00JF0YJL2?lang=en
1560,1561,The Heresy Within,"Ties That Bind, Book 1 - The Heresy Within",Rob J. Hayes,The Heresy Within (2013) [First Earth Saga 1],14 hrs 55 mins,895,2023-03-27T21:34:29,2022-10-03,Rob J. Hayes,com.plexapp.agents.audnexus://B0BH72GXPZ_us?lang=en,1555,com.plexapp.agents.audnexus://B00JF0YJL2?lang=en
8166,8167,The Colour of Vengeance,"Ties That Bind, Book 2 - The Colour of Vengeance",Rob J. Hayes,The Colour of Vengeance (2022) [Ties That Bind 2],10 hrs 31 mins,631,2025-06-02T11:05:36,2022-12-19,Rob J. Hayes,com.plexapp.agents.audnexus://B0BQCPFHS8_us?lang=en,1555,com.plexapp.agents.audnexus://B00JF0YJL2?lang=en
1556,1557,Titan Hoppers,"Titan Hoppers, Book 1 - Titan Hoppers",Rob J. Hayes,Titan Hoppers (2022) [Titan Hoppers 1],14 hrs 44 mins,884,2023-05-02T11:58:29,2023-01-24,Podium Audio,com.plexapp.agents.audnexus://B0BPJQ77N5_us?lang=en,1555,com.plexapp.agents.audnexus://B00JF0YJL2?lang=en
2375,2376,The Cloisters,The Cloisters,Katy Hays,The Cloisters (2022),10 hrs 16 mins,616,2023-04-13T00:40:37,2022-11-01,Simon & Schuster Audio,com.plexapp.agents.audnexus://B0B137F4W9_us?lang=en,2374,com.plexapp.agents.audnexus://B0BJW381K8?lang=en
2147,2148,She's Too Pretty to Burn,She's Too Pretty to Burn,Wendy Heard,She's Too Pretty to Burn (2021),8 hrs 26 mins,506,2023-04-19T21:56:59,2021-03-30,"Dreamscape Media, LLC",com.plexapp.agents.audnexus://1662050526_us?lang=en,2146,com.plexapp.agents.audnexus://B079ZQMTH1?lang=en
831,832,The Counterfeit Scoundrel,The Counterfeit Scoundrel,Lorraine Heath,The Counterfeit Scoundrel (2023),11 hrs 14 mins,674,2023-07-22T12:57:56,2023-02-21,HarperAudio,com.plexapp.agents.audnexus://B0B3JPQ69S_us?lang=en,830,com.plexapp.agents.audnexus://B000APAQ54?lang=en
8911,8912,Fair Play,Fair Play,Louise Hegarty,Fair Play (2025),7 hrs 51 mins,471,2026-01-03T09:58:09,2025-04-22,HarperAudio,com.plexapp.agents.audnexus://B0D98PGXJD_us?lang=en,8910,com.plexapp.agents.audnexus://B0DYKRFSSZ?lang=en
5471,5472,America Last,America Last,Jacob Heilbrunn,America Last (2024),8 hrs 23 mins,503,2024-07-28T23:23:02,2024-02-20,Tantor Media,com.plexapp.agents.audnexus://B0CT9ZGSPY_us?lang=en,5470,com.plexapp.agents.audnexus://B001JRV46M?lang=en
3488,3489,A Moveable Feast,A Moveable Feast,Ernest Hemingway,A Moveable Feast (1964),4 hrs 23 mins,263,2023-03-28T00:33:11,2006-06-01,Simon & Schuster Audio,com.plexapp.agents.audnexus://B002V5GXIK_us?lang=en,3487,com.plexapp.agents.audnexus://B000APYVZU?lang=en
645,646,House of Hunger,House of Hunger,Alexis Henderson,House of Hunger (2022) [Bethel ],10 hrs 3 mins,603,2023-09-02T12:32:50,2022-09-27,Penguin Audio,com.plexapp.agents.audnexus://B09RXSYLRV_us?lang=en,644,com.plexapp.agents.audnexus://B083YSTVD5?lang=en
4293,4294,The Charterhouse of Parma,The Charterhouse of Parma,Henri Beyle Stendhal,The Charterhouse of Parma (1997),19 hrs 37 mins,1177,2023-03-22T12:24:28,2013-11-06,Recorded Books,com.plexapp.agents.audnexus://B00GGPMPHY_us?lang=en,4292,local://4292
6883,6884,Taming the Street,Taming the Street,Diana B. Henriques,Taming the Street (2023),16 hrs 6 mins,966,2025-01-13T09:48:44,2023-09-12,Random House Audio,com.plexapp.agents.audnexus://B0BWSL6LJY_us?lang=en,6882,com.plexapp.agents.audnexus://B001HPJOL8?lang=en
2585,2586,The Education of Henry Adams,The Education of Henry Adams,Henry Adams,The Education of Henry Adams (2003),21 hrs 45 mins,1305,2023-04-04T22:11:55,2011-05-23,Recorded Books,com.plexapp.agents.audnexus://B0051VVB06_us?lang=en,2584,local://2584
1025,1026,American Dreamer,"Dreamers, Book 1 - American Dreamer",Adriana Herrera,American Dreamer (2019) [Dreamers 1],8 hrs 13 mins,493,2023-06-23T17:02:43,2019-03-04,Harlequin Audio,com.plexapp.agents.audnexus://B07KWBB6GD_us?lang=en,1024,com.plexapp.agents.audnexus://B07KQJ5B19?lang=en
6484,6485,Slow Horses,"Slough House, Book 1 - Slow Horses",Mick Herron,Slow Horses (2010) [Slough House 1],9 hrs 46 mins,586,2024-11-06T19:44:12,2017-01-24,Blackstone Publishing,com.plexapp.agents.audnexus://B01MR7DKCP_us?lang=en,6479,com.plexapp.agents.audnexus://B001JP3TOY?lang=en
2076,2077,Narcissus and Goldmund,Narcissus and Goldmund,Hermann Hesse,Narcissus and Goldmund (1957),10 hrs 38 mins,638,2023-04-21T23:33:06,2009-04-01,"Blackstone Audio, Inc.",com.plexapp.agents.audnexus://B002V8KSA6_us?lang=en,3089,com.plexapp.agents.audnexus://B000APUYEW?lang=en
3090,3091,Siddhartha,Siddhartha,Hermann Hesse,Siddhartha (1999),5 hrs 14 mins,314,2023-03-28T22:26:22,2006-05-08,Recorded Books,com.plexapp.agents.audnexus://B002UZYX4C_us?lang=en,3089,com.plexapp.agents.audnexus://B000APUYEW?lang=en
2078,2079,The Glass Bead Game,The Glass Bead Game,Hermann Hesse,The Glass Bead Game (1990),21 hrs 18 mins,1278,2023-03-30T00:55:58,2008-12-01,"Blackstone Audio, Inc.",com.plexapp.agents.audnexus://B002V5B3KS_us?lang=en,3089,com.plexapp.agents.audnexus://B000APUYEW?lang=en
8336,8337,American Fire,American Fire,Monica Hesse,American Fire (2017),7 hrs 28 mins,448,2025-08-14T16:43:58,2017-07-11,"Dreamscape Media, LLC",com.plexapp.agents.audnexus://B073DH2M4H_us?lang=en,8335,com.plexapp.agents.audnexus://B00BMQP51A?lang=en
5076,5077,The Last Heir to Blackwood Library,The Last Heir to Blackwood Library,Hester Fox,The Last Heir to Blackwood Library (2023),11 hrs 42 mins,702,2024-06-11T10:56:44,2023-04-04,Harlequin Audio,com.plexapp.agents.audnexus://B0B8Q8SP99_us?lang=en,5075,com.plexapp.agents.audnexus://B07CTX5RPZ?lang=en
8049,8050,The Death of Democracy,The Death of Democracy,Benjamin Carter Hett,The Death of Democracy (2018),11 hrs 26 mins,686,2025-05-20T12:29:25,2018-04-03,Macmillan Audio,com.plexapp.agents.audnexus://B07BTHY57P_us?lang=en,8048,com.plexapp.agents.audnexus://B001H6UQ5K?lang=en
3102,3103,These Old Shades,"Alastair-Audley, Book 1 - These Old Shades",Georgette Heyer,These Old Shades (2022) [Alastair-Audley 1],11 hrs 3 mins,663,2023-03-28T22:23:17,2022-05-31,Blackstone Publishing,com.plexapp.agents.audnexus://B0B23C31LM_us?lang=en,3101,com.plexapp.agents.audnexus://B00C91VTFI?lang=en
3106,3107,Devil's Cub,"Alastair-Audley, Book 2 - Devil's Cub",Georgette Heyer,Devil's Cub (2003) [Historical Romances 8],9 hrs 32 mins,572,2023-03-22T12:24:30,2021-02-04,Penguin Audio,com.plexapp.agents.audnexus://1473586216_us?lang=en,3101,com.plexapp.agents.audnexus://B00C91VTFI?lang=en
3104,3105,An Infamous Army,"Alastair-Audley, Book 4 - An Infamous Army",Georgette Heyer,An Infamous Army (1937) [Alastair-Audley 4],14 hrs 6 mins,846,2023-03-28T22:23:06,2021-02-04,Penguin Audio,com.plexapp.agents.audnexus://1473586151_us?lang=en,3101,com.plexapp.agents.audnexus://B00C91VTFI?lang=en
6775,6776,Challenger,Challenger,Adam Higginbotham,Challenger (2024),16 hrs 54 mins,1014,2025-01-04T00:42:04,2024-05-14,Simon & Schuster Audio,com.plexapp.agents.audnexus://B0CQ3126JT_us?lang=en,6774,com.plexapp.agents.audnexus://B00O510VZ4?lang=en
7935,7936,Midnight in Chernobyl,Midnight in Chernobyl,Adam Higginbotham,Midnight in Chernobyl (2019),13 hrs 56 mins,836,2025-05-15T13:05:08,2019-02-12,Simon & Schuster Audio,com.plexapp.agents.audnexus://1508278512_us?lang=en,6774,com.plexapp.agents.audnexus://B00O510VZ4?lang=en
8287,8288,The KLF,The KLF,John Higgs,The KLF (2024),6 hrs 52 mins,412,2025-08-02T13:07:57,2024-07-09,Blackstone Publishing,com.plexapp.agents.audnexus://B0CW3V1PF8_us?lang=en,4898,com.plexapp.agents.audnexus://B0086FBMYE?lang=en
4899,4900,William Blake vs the World,William Blake vs the World,John Higgs,William Blake vs the World (2022),11 hrs 12 mins,672,2024-06-06T23:08:36,2022-05-03,OrangeSky Audio,com.plexapp.agents.audnexus://B09V3JGHR6_us?lang=en,4898,com.plexapp.agents.audnexus://B0086FBMYE?lang=en
9954,9955,Ice Queen,"Nature of Desire, Book 3 - Ice Queen",Joey W. Hill,Ice Queen Part 1,7 hrs 26 mins,446,2026-05-14T16:58:56,2013-10-15,Audible Studios,com.plexapp.agents.audnexus://B00EPQ04YM_us?lang=en,9953,com.plexapp.agents.audnexus://B001JSCIW0?lang=en
1628,1629,Libriomancer,"Magic ex Libris, Book 1 - Libriomancer",Jim C. Hines,Libriomancer (2012) [Magic ex Libris 1],10 hrs 35 mins,635,2023-04-30T23:24:04,2013-01-03,Audible Studios,com.plexapp.agents.audnexus://B00AVAQIKK_us?lang=en,1621,com.plexapp.agents.audnexus://B001JS6LMS?lang=en
1626,1627,Codex Born,"Magic ex Libris, Book 2 - Codex Born",Jim C. Hines,Codex Born (2013) [Magic ex Libris 2],11 hrs,660,2023-04-30T23:24:16,2013-08-06,Audible Studios,com.plexapp.agents.audnexus://B00DO53SFM_us?lang=en,1621,com.plexapp.agents.audnexus://B001JS6LMS?lang=en
1624,1625,Revisionary,"Magic ex Libris, Book 4 - Revisionary",Jim C. Hines,Revisionary (2016) [Magic ex Libris 4],10 hrs 45 mins,645,2023-04-30T23:28:25,2016-02-02,Audible Studios,com.plexapp.agents.audnexus://B01B8CPN9G_us?lang=en,1621,com.plexapp.agents.audnexus://B001JS6LMS?lang=en
1622,1623,Unbound,"Songs of Chaos, Book 2 - Unbound",Jim C. Hines,Unbound (2014) [Magic ex Libris 3],11 hrs 43 mins,703,2023-04-30T23:30:24,2021-11-13,Elemental Arts Ltd.,com.plexapp.agents.audnexus://B09LR4GD8M_us?lang=en,1621,com.plexapp.agents.audnexus://B001JS6LMS?lang=en
6909,6910,Fremder,Fremder,Russell Hoban,Fremder (2021),5 hrs 56 mins,356,2025-01-15T22:07:59,2021-04-29,Penguin Audio ,com.plexapp.agents.audnexus://024152489X_us?lang=en,6908,com.plexapp.agents.audnexus://B000AQ40H8?lang=en
3262,3263,The Age of Capital,The Age of Capital,Eric Hobsbawm,The Age of Capital (1975),13 hrs 52 mins,832,2023-03-28T15:08:39,2020-04-21,Tantor Audio,com.plexapp.agents.audnexus://1515949788_us?lang=en,3259,com.plexapp.agents.audnexus://B00O8UMYQQ?lang=en
3260,3261,The Age of Empire,The Age of Empire,Eric Hobsbawm,The Age of Empire (1987),16 hrs 3 mins,963,2023-03-28T15:09:22,2020-04-21,Tantor Audio,com.plexapp.agents.audnexus://151594980X_us?lang=en,3259,com.plexapp.agents.audnexus://B00O8UMYQQ?lang=en
3266,3267,The Age of Extremes,The Age of Extremes,Eric Hobsbawm,The Age of Extremes (1994),1 day 1 hr 39 mins,1539,2023-03-22T15:52:33,2020-05-19,Tantor Audio,com.plexapp.agents.audnexus://1515949818_us?lang=en,3259,com.plexapp.agents.audnexus://B00O8UMYQQ?lang=en
3264,3265,The Age of Revolution,The Age of Revolution,Eric Hobsbawm,The Age of Revolution (1962),14 hrs 30 mins,870,2023-03-23T01:26:39,2020-04-21,Tantor Audio,com.plexapp.agents.audnexus://151594977X_us?lang=en,3259,com.plexapp.agents.audnexus://B00O8UMYQQ?lang=en
7961,7962,American Midnight,American Midnight,Adam Hochschild,American Midnight (2022),15 hrs 6 mins,906,2025-05-15T19:59:47,2022-10-04,Mariner Books,com.plexapp.agents.audnexus://B09TX3BQ2G_us?lang=en,3512,com.plexapp.agents.audnexus://B000APHVX4?lang=en
7963,7964,Bury the Chains,Bury the Chains,Adam Hochschild,Bury the Chains (2018),13 hrs 46 mins,826,2025-05-15T20:01:39,2018-07-24,Tantor Audio,com.plexapp.agents.audnexus://B07FFBLV5W_us?lang=en,3512,com.plexapp.agents.audnexus://B000APHVX4?lang=en
3513,3514,King Leopold's Ghost,King Leopold's Ghost,Adam Hochschild,King Leopold's Ghost (1998),12 hrs 6 mins,726,2023-03-27T21:26:12,2010-07-13,Random House Audio,com.plexapp.agents.audnexus://B003UN4KV4_us?lang=en,3512,com.plexapp.agents.audnexus://B000APHVX4?lang=en
8243,8244,Spain in Our Hearts,Spain in Our Hearts,Adam Hochschild,Spain in Our Hearts (2016),15 hrs 27 mins,927,2025-07-15T16:04:52,2016-03-29,Recorded Books,com.plexapp.agents.audnexus://B01C9B2IVG_us?lang=en,3512,com.plexapp.agents.audnexus://B000APHVX4?lang=en
8118,8119,To End All Wars,To End All Wars,Adam Hochschild,To End All Wars (2011),16 hrs 27 mins,987,2025-05-27T17:24:21,2011-05-04,Tantor Audio,com.plexapp.agents.audnexus://B004YX3N0I_us?lang=en,3512,com.plexapp.agents.audnexus://B000APHVX4?lang=en
8602,8603,The Raven Scholar,"Eternal Path Trilogy, Book 1 - The Raven Scholar",Antonia Hodgson,The Raven Scholar (2025) [Eternal Path Trilogy 1],1 day 13 mins,1453,2025-08-30T08:20:11,2025-04-15,Orbit,com.plexapp.agents.audnexus://B0DD8J17L4_us?lang=en,8601,com.plexapp.agents.audnexus://B00H3VD9OI?lang=en
2808,2809,The Night Land,The Night Land,William Hope Hodgson,The Night Land (2013),18 hrs 2 mins,1082,2023-03-29T18:52:19,2013-07-23,"Dreamscape Media, LLC",com.plexapp.agents.audnexus://B00E3DCKY4_us?lang=en,2807,com.plexapp.agents.audnexus://B00LYGI7EU?lang=en
2659,2660,The Oligarchs,The Oligarchs,David Hoffman,The Oligarchs (2002),22 hrs 50 mins,1370,2023-03-30T01:05:56,2014-02-17,Audible Studios,com.plexapp.agents.audnexus://B00IFGCR3E_us?lang=en,2658,com.plexapp.agents.audnexus://B079H3WTHS?lang=en
3604,3605,Unf--k Your Habitat,Unf--k Your Habitat,Rachel Hoffman,Unf--k Your Habitat (2017),4 hrs 39 mins,279,2023-03-24T00:04:19,2017-01-03,Tantor Audio,com.plexapp.agents.audnexus://B01N6L0FSS_us?lang=en,3603,com.plexapp.agents.audnexus://B01IRA4PO6?lang=en
3255,3256,The Fallen,"Amos Decker, Book 4 - The Fallen",Ada Hoffmann,The Fallen (2021) [The Outside 2],11 hrs 26 mins,686,2023-04-13T00:39:00,2018-04-17,Grand Central Publishing,com.plexapp.agents.audnexus://B07BKP4BF6_us?lang=en,3252,com.plexapp.agents.audnexus://B07SYP98FZ?lang=en
3257,3258,The Outside,"The Outside, Book 1 - The Outside",Ada Hoffmann,The Outside (2019) [The Outside 1],16 hrs 39 mins,999,2023-03-28T15:09:47,2019-06-20,Recorded Books,com.plexapp.agents.audnexus://1980014892_us?lang=en,3252,com.plexapp.agents.audnexus://B07SYP98FZ?lang=en
3253,3254,The Infinite,"The Outside, Book 3 - The Infinite",Ada Hoffmann,The Infinite (2023) [The Outside 3],10 hrs 58 mins,658,2023-04-13T00:40:19,2023-01-24,Recorded Books,com.plexapp.agents.audnexus://B0BJS3JW9W_us?lang=en,3252,com.plexapp.agents.audnexus://B07SYP98FZ?lang=en
7978,7979,How to Make the Best Coffee at Home,How to Make the Best Coffee at Home,James Hoffmann,How to Make the Best Coffee at Home (2022),4 hrs 12 mins,252,2025-05-16T11:27:38,2022-09-15,Mitchell Beazley,com.plexapp.agents.audnexus://B09VQV7SX3_us?lang=en,7977,com.plexapp.agents.audnexus://B00MCYZNU4?lang=en
7980,7981,The World Atlas of Coffee,The World Atlas of Coffee,James Hoffmann,The World Atlas of Coffee (2021),5 hrs 40 mins,340,2025-05-16T12:40:48,2021-06-24,Mitchell Beazley,com.plexapp.agents.audnexus://1784727946_us?lang=en,7977,com.plexapp.agents.audnexus://B00MCYZNU4?lang=en
6994,6995,Picture Perfect,Picture Perfect,Shanna Hogan,Picture Perfect (2013),11 hrs 27 mins,687,2025-02-01T22:42:35,2013-09-09,Tantor Audio,com.plexapp.agents.audnexus://B00EVZ99MA_us?lang=en,6991,com.plexapp.agents.audnexus://B004ZN74CU?lang=en
6992,6993,The Stranger She Loved,The Stranger She Loved,Shanna Hogan,The Stranger She Loved (2015),11 hrs 7 mins,667,2025-02-01T22:28:42,2015-11-17,Tantor Audio,com.plexapp.agents.audnexus://B017MSS9TG_us?lang=en,6991,com.plexapp.agents.audnexus://B004ZN74CU?lang=en
913,914,Mythago Wood,Mythago Wood,Robert Holdstock,Mythago Wood (1984),11 hrs 23 mins,683,2023-07-05T13:41:19,2015-05-21,Gateway,com.plexapp.agents.audnexus://B00W689YVA_us?lang=en,912,com.plexapp.agents.audnexus://B000APB6GW?lang=en
6735,6736,Sistersong,Sistersong,Lucy Holland,Sistersong (2021),14 hrs 17 mins,857,2024-12-23T17:12:06,2021-10-05,Redhook,com.plexapp.agents.audnexus://B09FWYFRK3_us?lang=en,6734,com.plexapp.agents.audnexus://B09G7R5ZCQ?lang=en
5167,5168,The Waste Land,The Waste Land,Matthew Hollis,The Waste Land (2023),16 hrs 37 mins,997,2024-06-29T09:23:12,2023-02-14,Tantor Audio,com.plexapp.agents.audnexus://B0BVMYYG5W_us?lang=en,5166,com.plexapp.agents.audnexus://B001K887E2?lang=en
1743,1744,The Paper Magician,"The Paper Magician, Book 1 - The Paper Magician",Charlie N. Holmberg,The Paper Magician (2014) [The Paper Magician 1],7 hrs 26 mins,446,2023-04-28T00:26:38,2014-09-01,Brilliance Audio,com.plexapp.agents.audnexus://B00MNOJGLK_us?lang=en,1732,com.plexapp.agents.audnexus://B00KQQXYGK?lang=en
1741,1742,The Glass Magician,"The Paper Magician, Book 2 - The Glass Magician",Charlie N. Holmberg,The Glass Magician (2014) [The Paper Magician 2],6 hrs 37 mins,397,2023-04-28T00:27:35,2014-11-04,Brilliance Audio,com.plexapp.agents.audnexus://B00OU1H0BM_us?lang=en,1732,com.plexapp.agents.audnexus://B00KQQXYGK?lang=en
1739,1740,The Master Magician,"The Paper Magician, Book 3 - The Master Magician",Charlie N. Holmberg,The Master Magician (2015) [The Paper Magician 3],6 hrs 48 mins,408,2023-04-28T00:30:15,2015-06-02,Brilliance Audio,com.plexapp.agents.audnexus://B00XV533N2_us?lang=en,1732,com.plexapp.agents.audnexus://B00KQQXYGK?lang=en
1737,1738,The Plastic Magician,"The Paper Magician, Book 4 - The Plastic Magician",Charlie N. Holmberg,The Plastic Magician (2018) [The Paper Magician 4],7 hrs 13 mins,433,2023-04-28T00:31:01,2018-05-15,Brilliance Audio,com.plexapp.agents.audnexus://B07CJPRG2J_us?lang=en,1732,com.plexapp.agents.audnexus://B00KQQXYGK?lang=en
1735,1736,Keeper of Enchanted Rooms,"Whimbrel House, Book 1 - Keeper of Enchanted Rooms",Charlie N. Holmberg,Keeper of Enchanted Rooms (2022) [Whimbrel House 1],10 hrs 36 mins,636,2023-04-28T00:21:56,2022-11-01,Brilliance Audio,com.plexapp.agents.audnexus://B09RTM225M_us?lang=en,1732,com.plexapp.agents.audnexus://B00KQQXYGK?lang=en
1733,1734,Heir of Uncertain Magic,"Whimbrel House, Book 2 - Heir of Uncertain Magic",Charlie N. Holmberg,Heir of Uncertain Magic (2023) [Whimbrel House 2],9 hrs 54 mins,594,2023-04-28T00:37:18,2023-04-11,Brilliance Audio,com.plexapp.agents.audnexus://B0BFRTCH5P_us?lang=en,1732,com.plexapp.agents.audnexus://B00KQQXYGK?lang=en
3169,3170,Murder Your Employer,Murder Your Employer,Rupert Holmes,Murder Your Employer (2023),14 hrs 14 mins,854,2023-03-28T15:59:54,2023-02-21,Simon & Schuster Audio,com.plexapp.agents.audnexus://B0B51ZZ2GC_us?lang=en,3168,com.plexapp.agents.audnexus://B001H6UXVW?lang=en
3099,3100,The Wisteria Society of Lady Scoundrels,"Dangerous Damsels, Book 1 - The Wisteria Society of Lady Scoundrels",India Holton,The Wisteria Society of Lady Scoundrels (2021) [Dangerous Damsels 1],9 hrs 7 mins,547,2023-03-28T22:23:28,2021-06-15,Penguin Audio,com.plexapp.agents.audnexus://0593411900_us?lang=en,3098,com.plexapp.agents.audnexus://B08P53ZP29?lang=en
3250,3251,Untouchable,Untouchable,Elie Honig,Untouchable (2023),8 hrs 57 mins,537,2023-03-28T15:10:15,2023-01-31,HarperAudio,com.plexapp.agents.audnexus://B0B1N6BCHN_us?lang=en,3249,com.plexapp.agents.audnexus://B093HZ7WZL?lang=en
2439,2440,Outlaw Culture,Outlaw Culture,Bell Hooks,Outlaw Culture (1994),10 hrs 56 mins,656,2023-04-11T23:14:27,2023-03-21,Tantor Media,com.plexapp.agents.audnexus://B0BXFRMYP7_us?lang=en,2438,com.plexapp.agents.audnexus://B000APGZIG?lang=en
5587,5588,The Prisoner of Zenda,The Prisoner of Zenda,Anthony Hope,The Prisoner of Zenda (2018),6 hrs 33 mins,393,2024-08-16T07:46:45,2008-01-24,Audible Studios,com.plexapp.agents.audnexus://B002V8H65G_us?lang=en,5586,com.plexapp.agents.audnexus://B000APVSFQ?lang=en
7487,7488,Billion Dollar Whale,Billion Dollar Whale,"Bradley Hope, Justin Scheck",Billion Dollar Whale (2024),12 hrs 27 mins,747,2025-03-31T23:23:20,2018-09-18,Grand Central Publishing,com.plexapp.agents.audnexus://1478948000_us?lang=en,4863,com.plexapp.agents.audnexus://B00DMI4I78?lang=en
4864,4865,Blood and Oil,Blood and Oil,"Bradley Hope, Justin Scheck",Blood and Oil (2020),12 hrs 36 mins,756,2024-05-27T15:24:34,2020-09-01,Grand Central Publishing,com.plexapp.agents.audnexus://1549182803_us?lang=en,4863,com.plexapp.agents.audnexus://B00DMI4I78?lang=en
3668,3669,The Great Game,The Great Game,Peter Hopkirk,The Great Game (2006),17 hrs 56 mins,1076,2023-03-23T23:37:18,2017-08-29,Tantor Audio,com.plexapp.agents.audnexus://B074ZJ9LRY_us?lang=en,3667,com.plexapp.agents.audnexus://B00JOP2AOG?lang=en
8964,8965,The Counter-Revolution of 1776,The Counter-Revolution of 1776,Gerald Horne,The Counter-Revolution of 1776 (2016),12 hrs 29 mins,749,2026-01-13T00:29:37,2016-11-07,Audible Studios,com.plexapp.agents.audnexus://B01MSH67AZ_us?lang=en,8963,com.plexapp.agents.audnexus://B001HCVSVK?lang=en
4905,4906,Modern Occultism,Modern Occultism,Mitch Horowitz,Modern Occultism (2023),21 hrs 3 mins,1263,2024-06-06T23:19:56,2023-09-19,G&D Media,com.plexapp.agents.audnexus://B0CGK61JTZ_us?lang=en,4904,com.plexapp.agents.audnexus://B001XSOEGO?lang=en
7649,7650,DSM,DSM,Allan V. Horowitz,DSM (2021),8 hrs 18 mins,498,2025-05-03T17:01:24,2021-12-31,Tantor Audio,com.plexapp.agents.audnexus://B09NS24SBG_us?lang=en,7648,com.plexapp.agents.audnexus://B001ILIADO?lang=en
5552,5553,Midnight Rising,Midnight Rising,Tony Horwitz,Midnight Rising (2011),11 hrs 6 mins,666,2024-08-10T22:10:21,2011-10-25,Macmillan Audio,com.plexapp.agents.audnexus://B005UPLM0C_us?lang=en,5551,com.plexapp.agents.audnexus://B000APAGJA?lang=en
2714,2715,The Chapo Guide to Revolution,The Chapo Guide to Revolution,Chapo Trap House,The Chapo Guide to Revolution (2018),7 hrs 5 mins,425,2023-03-30T00:53:54,2018-08-21,Simon & Schuster Audio,com.plexapp.agents.audnexus://B07BS2DSP2_us?lang=en,2713,com.plexapp.agents.audnexus://B07BBNCQ8N?lang=en
7472,7473,Financial Shenanigans (Fourth Edition),Financial Shenanigans (Fourth Edition),"Howard M. Schilit, Jeremy Perler, Yoni Engelhart",Financial Shenanigans (Fourth Edition) (2021),10 hrs 22 mins,622,2025-03-31T11:53:01,2021-07-20,McGraw Hill-Ascent Audio,com.plexapp.agents.audnexus://1639292012_us?lang=en,7471,local://7471
7997,7998,Billion Dollar Hollywood Heist,Billion Dollar Hollywood Heist,"Dylan Howard, Houston Curtis",Billion Dollar Hollywood Heist (2020) [The Front Page Detectives ],5 hrs 49 mins,349,2025-05-16T16:40:30,2020-05-26,Blackstone Publishing,com.plexapp.agents.audnexus://1094126780_us?lang=en,7996,com.plexapp.agents.audnexus://B07Y3X8P76?lang=en
1425,1426,An Unkindness of Magicians,"The Unseen World, Book 1 - An Unkindness of Magicians",Kat Howard,An Unkindness of Magicians (2017) [The Unseen World 1],8 hrs 53 mins,533,2023-05-08T22:37:59,2017-09-26,Simon & Schuster Audio,com.plexapp.agents.audnexus://B074PBGM65_us?lang=en,1424,com.plexapp.agents.audnexus://B00BFE9YLG?lang=en
8306,8307,Clausewitz,Clausewitz,Michael Howard,Clausewitz (2021),3 hrs 4 mins,184,2025-08-04T09:34:13,2021-06-22,Tantor Media,com.plexapp.agents.audnexus://1666112828_us?lang=en,8305,com.plexapp.agents.audnexus://B000AQ2034?lang=en
1176,1177,Kull,Kull,Robert E. Howard,Kull (2009),11 hrs 47 mins,707,2023-06-13T21:23:06,2009-12-22,Tantor Audio,com.plexapp.agents.audnexus://B0031AP3TO_us?lang=en,1175,com.plexapp.agents.audnexus://B000AP5LHW?lang=en
2959,2960,Cashelmara,Cashelmara,Susan Howatch,Cashelmara (1974),1 day 3 hrs 26 mins,1646,2023-03-29T12:14:06,2020-05-05,Tantor Audio,com.plexapp.agents.audnexus://1977366767_us?lang=en,2952,com.plexapp.agents.audnexus://B000AP78V4?lang=en
2955,2956,Glamorous Powers,Church of England 2 - Glamorous Powers,Susan Howatch,Glamorous Powers (1988) [Church of England 2],19 hrs 25 mins,1165,2023-03-29T13:24:40,1988-01-01,,local://2955,2952,com.plexapp.agents.audnexus://B000AP78V4?lang=en
2953,2954,Scandalous Risks,Church of England 4 - Scandalous Risks,Susan Howatch,Scandalous Risks (1990) [Church of England 4],15 hrs 48 mins,948,2023-03-29T18:54:13,1990-01-01,,local://2953,2952,com.plexapp.agents.audnexus://B000AP78V4?lang=en
2957,2958,Absolute Truths,"Church of England, Book 6 - Absolute Truths",Susan Howatch,Absolute Truths (1994) [Church of England 6],20 hrs 43 mins,1243,2023-03-27T21:37:47,2008-12-15,"Blackstone Audio, Inc.",com.plexapp.agents.audnexus://B002VA9MA6_us?lang=en,2952,com.plexapp.agents.audnexus://B000AP78V4?lang=en
2490,2491,What Hath God Wrought,"Oxford History of the United States, Book 5 - What Hath God Wrought",Daniel Walker Howe,What Hath God Wrought (2009) [Oxford History of the United States 5],1 day 8 hrs 53 mins,1973,2023-04-08T18:54:33,2009-01-09,"Blackstone Audio, Inc.",com.plexapp.agents.audnexus://B002V5B6I2_us?lang=en,2489,com.plexapp.agents.audnexus://B001H6O69C?lang=en
3083,3084,The Raven Prince,"Premium Journals, Book 1 - The Raven Prince",Elizabeth Hoyt,The Raven Prince (2006) [Princes Trilogy 1],10 hrs 27 mins,627,2023-03-28T23:15:46,2013-02-04,Hachette Audio,com.plexapp.agents.audnexus://B00B9FAHXU_us?lang=en,3082,com.plexapp.agents.audnexus://B001IGHJCM?lang=en
3085,3086,The Leopard Prince,"Premium Journals, Book 2 - The Leopard Prince",Elizabeth Hoyt,The Leopard Prince (2007) [Princes Trilogy 2],10 hrs 41 mins,641,2023-03-28T23:14:34,2013-02-05,Hachette Audio,com.plexapp.agents.audnexus://B00B9F9LGO_us?lang=en,3082,com.plexapp.agents.audnexus://B001IGHJCM?lang=en
3087,3088,The Serpent Prince,"Premium Journals, Book 3 - The Serpent Prince",Elizabeth Hoyt,The Serpent Prince (2013) [Princes Trilogy 3],11 hrs 45 mins,705,2023-03-28T23:12:42,2013-02-05,Hachette Audio,com.plexapp.agents.audnexus://B00B513B7C_us?lang=en,3082,com.plexapp.agents.audnexus://B001IGHJCM?lang=en
4888,4889,The Emperor and the Endless Palace,The Emperor and the Endless Palace,Justinian Huang,The Emperor and the Endless Palace (2024),9 hrs 53 mins,593,2024-06-02T23:37:12,2024-03-26,Harlequin Audio,com.plexapp.agents.audnexus://B0C7DMTBZC_us?lang=en,4887,com.plexapp.agents.audnexus://B0DTCQ2WPN?lang=en
3247,3248,MBS,MBS,Ben Hubbard,MBS (2020),11 hrs 55 mins,715,2023-03-28T15:10:35,2020-03-10,Random House Audio,com.plexapp.agents.audnexus://059316704X_us?lang=en,3246,com.plexapp.agents.audnexus://B084BS64KZ?lang=en
518,519,How to Measure Anything,How to Measure Anything,Douglas W. Hubbard,How to Measure Anything (2011),12 hrs 41 mins,761,2023-09-15T18:54:10,2011-09-20,Tantor Audio,com.plexapp.agents.audnexus://B005MZW54M_us?lang=en,517,com.plexapp.agents.audnexus://B001JSJHIS?lang=en
5213,5214,The Library of the Dead,"Edinburgh Nights, Book 1 - The Library of the Dead",T. L. Huchu,The Library of the Dead (2021) [Edinburgh Nights 1],8 hrs 9 mins,489,2024-07-02T14:21:09,2021-06-01,Macmillan Audio,com.plexapp.agents.audnexus://1250790174_us?lang=en,5212,com.plexapp.agents.audnexus://B093KBZBTJ?lang=en
5257,5258,Our Lady of Mysterious Ailments,"Edinburgh Nights, Book 2 - Our Lady of Mysterious Ailments",T. L. Huchu,Our Lady of Mysterious Ailments (2022) [Edinburgh Nights 2],9 hrs 2 mins,542,2024-07-07T12:46:37,2022-04-05,Macmillan Audio,com.plexapp.agents.audnexus://1250840651_us?lang=en,5212,com.plexapp.agents.audnexus://B093KBZBTJ?lang=en
5255,5256,The Mystery at Dunvegan Castle,"Edinburgh Nights, Book 3 - The Mystery at Dunvegan Castle",T. L. Huchu,The Mystery at Dunvegan Castle (2023) [Edinburgh Nights 3],10 hrs 32 mins,632,2024-07-07T12:45:33,2023-08-29,Macmillan Audio,com.plexapp.agents.audnexus://B0BFFWCCM6_us?lang=en,5212,com.plexapp.agents.audnexus://B093KBZBTJ?lang=en
5134,5135,Rainmaker,Rainmaker,"Hughes Norton, George Peper",Rainmaker (2024),9 hrs 12 mins,552,2024-06-22T12:16:47,2024-03-26,Simon & Schuster Audio,com.plexapp.agents.audnexus://B0CNBT72B8_us?lang=en,5133,local://5133
6465,6466,Majestrum,"Henghis Hapthorn, Book 1 - Majestrum",Matthew Hughes,Majestrum (2013) [Henghis Hapthorn 1],9 hrs 11 mins,551,2024-11-04T17:35:40,2013-12-30,Audible Studios,com.plexapp.agents.audnexus://B00H3RGZTI_us?lang=en,6464,com.plexapp.agents.audnexus://B001HD43IE?lang=en
3244,3245,The Immortality Thief,"The Kystrom Chronicles, Book 1 - The Immortality Thief",Taran Hunt,The Immortality Thief (2022),13 hrs 39 mins,819,2023-03-28T15:10:59,2022-10-11,Penguin Audio,com.plexapp.agents.audnexus://B0B5FDTQC7_us?lang=en,3243,com.plexapp.agents.audnexus://B0B5S2JX3T?lang=en
8659,8660,Creatures of the Flood,"Bamboo Kingdom, Book 1 - Creatures of the Flood",Erin Hunter,Creatures of the Flood (2021) [Bamboo Kingdom 1],6 hrs 55 mins,415,2025-09-24T20:02:16,2021-09-28,HarperAudio,com.plexapp.agents.audnexus://006302196X_us?lang=en,8658,com.plexapp.agents.audnexus://B001H6NITG?lang=en
5411,5412,The Light Brigade,The Light Brigade,Kameron Hurley,The Light Brigade (2019),10 hrs 23 mins,623,2024-07-23T05:55:26,2019-03-19,Simon & Schuster Audio,com.plexapp.agents.audnexus://1508280401_us?lang=en,3240,com.plexapp.agents.audnexus://B004FNUYWW?lang=en
5370,5371,The Stars Are Legion,The Stars Are Legion,Kameron Hurley,The Stars Are Legion (2017),11 hrs 50 mins,710,2024-07-17T10:19:22,2017-03-31,Tantor Audio,com.plexapp.agents.audnexus://B06XSKNWYQ_us?lang=en,3240,com.plexapp.agents.audnexus://B004FNUYWW?lang=en
3241,3242,Empire Ascendant,"Worldbreaker Saga, Book 2 - Empire Ascendant",Kameron Hurley,Empire Ascendant (2015) [Worldbreaker Saga 2],15 hrs 42 mins,942,2023-03-28T15:11:12,2015-10-06,Audible Studios,com.plexapp.agents.audnexus://B013VRPHVK_us?lang=en,3240,com.plexapp.agents.audnexus://B004FNUYWW?lang=en
3238,3239,Under Fortunate Stars,Under Fortunate Stars,Ren Hutchings,Under Fortunate Stars (2022),15 hrs 14 mins,914,2023-03-28T15:11:41,2022-05-10,Penguin Audio,com.plexapp.agents.audnexus://B09TCLQHML_us?lang=en,3237,com.plexapp.agents.audnexus://B09XBP4G15?lang=en
5238,5239,Europe at Dawn,Europe at Dawn,Dave Hutchinson,Europe at Dawn (2018),12 hrs 57 mins,777,2024-07-07T12:36:20,2018-11-02,Recorded Books,com.plexapp.agents.audnexus://1980013047_us?lang=en,5233,com.plexapp.agents.audnexus://B0032CSER4?lang=en
5236,5237,Europe in Autumn,"Europe, Book 1 - Europe in Autumn",Dave Hutchinson,Europe in Autumn (2017) [Europe 1],12 hrs 19 mins,739,2024-07-07T12:35:20,2017-10-13,Recorded Books,com.plexapp.agents.audnexus://B076DK6BTJ_us?lang=en,5233,com.plexapp.agents.audnexus://B0032CSER4?lang=en
5234,5235,Europe at Midnight,"Europe, Book 2 - Europe at Midnight",Dave Hutchinson,Europe at Midnight (2018) [Europe 2],11 hrs 35 mins,695,2024-07-07T12:35:19,2018-06-02,Recorded Books,com.plexapp.agents.audnexus://B07DFRYC3X_us?lang=en,5233,com.plexapp.agents.audnexus://B0032CSER4?lang=en
5240,5241,Europe in Winter,"Europe, Book 3 - Europe in Winter",Dave Hutchinson,Europe in Winter (2018) [Europe 3],11 hrs 33 mins,693,2024-07-07T12:39:25,2018-08-06,Recorded Books,com.plexapp.agents.audnexus://1980013039_us?lang=en,5233,com.plexapp.agents.audnexus://B0032CSER4?lang=en
2273,2274,The Doors of Perception,The Doors of Perception,Aldous Huxley,The Doors of Perception (1954),2 hrs 16 mins,136,2023-04-14T23:22:07,2009-06-01,"Blackstone Audio, Inc.",com.plexapp.agents.audnexus://B002V59SZ0_us?lang=en,2272,com.plexapp.agents.audnexus://B000APWRRY?lang=en
5521,5522,The Perennial Philosophy,The Perennial Philosophy,Aldous Huxley,The Perennial Philosophy (2017),12 hrs 33 mins,753,2024-08-04T21:19:57,2017-09-20,Tantor Audio,com.plexapp.agents.audnexus://B075JNHYXM_us?lang=en,2272,com.plexapp.agents.audnexus://B000APWRRY?lang=en
1939,1940,How to Hide an Empire,How to Hide an Empire,Daniel Immerwahr,How to Hide an Empire (2019),17 hrs 25 mins,1045,2023-04-24T15:22:23,2019-02-19,Recorded Books,com.plexapp.agents.audnexus://1980021538_us?lang=en,1938,com.plexapp.agents.audnexus://B00MCQSHIC?lang=en
633,634,The Opium War,The Opium War,Brian Inglis,The Opium War (2021),9 hrs 17 mins,557,2023-09-05T21:00:54,2021-03-09,Tantor Audio,com.plexapp.agents.audnexus://1705277543_us?lang=en,632,com.plexapp.agents.audnexus://B001KIGHHQ?lang=en
5968,5969,Hybrid Heart,Hybrid Heart,Iori Kusano,Hybrid Heart (2024),4 hrs 1 min,241,2024-09-19T22:18:15,2024-01-30,Tantor Audio,com.plexapp.agents.audnexus://B0CS1HDSKM_us?lang=en,5967,local://5967
560,561,The Stoic Challenge,The Stoic Challenge,William B. Irvine,The Stoic Challenge (2019),4 hrs 6 mins,246,2023-09-05T21:30:22,2019-10-08,Audible Studios,com.plexapp.agents.audnexus://B07XL44WLZ_us?lang=en,559,com.plexapp.agents.audnexus://B001IZPOQ6?lang=en
2372,2373,Dead Collections,Dead Collections,Isaac Fellman,Dead Collections (2022),6 hrs 28 mins,388,2023-03-23T01:17:58,2022-02-22,Penguin Audio,com.plexapp.agents.audnexus://0593557840_us?lang=en,2369,local://2369
2370,2371,The Two Doctors Górski,The Two Doctors Górski,Isaac Fellman,The Two Doctors Górski (2022),3 hrs 42 mins,222,2023-04-13T00:47:38,2022-12-27,Tantor Audio,com.plexapp.agents.audnexus://B0BQZKN6JT_us?lang=en,2369,local://2369
2720,2721,Super Pumped,Super Pumped,Mike Isaac,Super Pumped (2019),12 hrs 53 mins,773,2023-03-30T00:52:55,2019-09-03,Audible Studios,com.plexapp.agents.audnexus://B07RV4JLHJ_us?lang=en,2719,com.plexapp.agents.audnexus://B07PVWKY3S?lang=en
6047,6048,Corey Fah Does Social Mobility,Corey Fah Does Social Mobility,Isabel Waidner,Corey Fah Does Social Mobility (2024),4 hrs 35 mins,275,2024-09-29T00:06:37,2024-08-27,Recorded Books,com.plexapp.agents.audnexus://B0CZ7NMZNN_us?lang=en,6046,local://6046
2671,2672,White Trash,White Trash,Nancy Isenberg,White Trash (2016),15 hrs 6 mins,906,2023-03-30T01:03:47,2023-03-28,Penguin Audio,com.plexapp.agents.audnexus://B0BXYH5J71_us?lang=en,2670,com.plexapp.agents.audnexus://B001JSFDA4?lang=en
840,841,Never Let Me Go,Never Let Me Go,Kazuo Ishiguro,Never Let Me Go (2005),9 hrs 42 mins,582,2023-03-23T16:54:42,2005-04-12,Random House Audio,com.plexapp.agents.audnexus://B002V0QO5W_us?lang=en,833,com.plexapp.agents.audnexus://B000APSEA8?lang=en
834,835,The Buried Giant,The Buried Giant,Kazuo Ishiguro,The Buried Giant (2015),11 hrs 49 mins,709,2023-07-23T09:33:07,2015-03-03,Random House Audio,com.plexapp.agents.audnexus://B00RDN62Z4_us?lang=en,833,com.plexapp.agents.audnexus://B000APSEA8?lang=en
838,839,The Remains of the Day,The Remains of the Day,Kazuo Ishiguro,The Remains of the Day (1989),8 hrs 8 mins,488,2023-03-28T15:15:25,2019-10-15,Random House Audio,com.plexapp.agents.audnexus://0593209699_us?lang=en,833,com.plexapp.agents.audnexus://B000APSEA8?lang=en
836,5613,The Unconsoled,The Unconsoled,Kazuo Ishiguro,The Unconsoled (2017),18 hrs 42 mins,1122,2023-06-16T17:20:31,2017-12-07,Tantor Audio,com.plexapp.agents.audnexus://B077SWPYYN_us?lang=en,833,com.plexapp.agents.audnexus://B000APSEA8?lang=en
1201,1202,The Will of the Many,"Hierarchy, Book 1 - The Will of the Many",James Islington,The Will of the Many (2023),1 day 4 hrs 15 mins,1695,2023-06-13T00:09:15,2023-05-23,Audible Studios,com.plexapp.agents.audnexus://B0BXTL5Y9C_us?lang=en,1193,com.plexapp.agents.audnexus://B00ME7ACR8?lang=en
1199,1200,The Shadow of What Was Lost,"The Licanius Trilogy, Book 1 - The Shadow of What Was Lost",James Islington,The Shadow of What Was Lost (2014) [The Licanius Trilogy 1],1 day 1 hr 29 mins,1529,2023-05-04T22:38:45,2015-02-10,Podium Audio,com.plexapp.agents.audnexus://B00S5AAHLY_us?lang=en,1193,com.plexapp.agents.audnexus://B00ME7ACR8?lang=en
1194,1195,An Echo of Things to Come,"The Licanius Trilogy, Book 2 - An Echo of Things to Come",James Islington,An Echo of Things to Come (2017) [The Licanius Trilogy 2],1 day 2 hrs 29 mins,1589,2023-06-13T00:24:37,2017-08-22,Podium Audio,com.plexapp.agents.audnexus://B074MJDNFC_us?lang=en,1193,com.plexapp.agents.audnexus://B00ME7ACR8?lang=en
1197,1198,The Light of All That Falls,"The Licanius Trilogy, Book 3 - The Light of All That Falls",James Islington,The Light of All That Falls (2019) [The Licanius Trilogy 3],1 day 6 hrs 40 mins,1840,2023-06-13T00:23:44,2019-12-10,Podium Audio,com.plexapp.agents.audnexus://1774241676_us?lang=en,1193,com.plexapp.agents.audnexus://B00ME7ACR8?lang=en
129,130,These Burning Stars,"The Kindom Trilogy, Book 1 - These Burning Stars",Bethany Jacobs,These Burning Stars (2023-10-17),15 hrs 28 mins,928,2024-02-21T17:27:45,2023-10-17,Orbit,com.plexapp.agents.audnexus://B0BWH7RV8X_us?lang=en,128,com.plexapp.agents.audnexus://B0CKTW7XL4?lang=en
6952,6953,On Vicious Worlds,"The Kindom Trilogy, Book 2 - On Vicious Worlds",Bethany Jacobs,On Vicious Worlds,14 hrs 54 mins,894,2025-01-23T22:10:19,2024-10-15,Orbit,com.plexapp.agents.audnexus://B0CWBWJP3D_us?lang=en,128,com.plexapp.agents.audnexus://B0CKTW7XL4?lang=en
7699,7700,Area 51,Area 51,Annie Jacobsen,Area 51 (2011),16 hrs 12 mins,972,2025-05-07T19:49:45,2011-05-17,"Little, Brown & Company",com.plexapp.agents.audnexus://B004XDEKQ0_us?lang=en,7615,com.plexapp.agents.audnexus://B001K7ZHF0?lang=en
7669,7670,Phenomena,Phenomena,Annie Jacobsen,Phenomena (2017),17 hrs 30 mins,1050,2025-05-03T22:39:00,2017-03-28,"Little, Brown & Company",com.plexapp.agents.audnexus://B01MUF4N6B_us?lang=en,7615,com.plexapp.agents.audnexus://B001K7ZHF0?lang=en
7616,7617,The Pentagon's Brain,The Pentagon's Brain,Annie Jacobsen,The Pentagon's Brain (2015),18 hrs 24 mins,1104,2025-04-27T14:15:14,2015-09-22,Hachette Audio,com.plexapp.agents.audnexus://B013RL018E_us?lang=en,7615,com.plexapp.agents.audnexus://B001K7ZHF0?lang=en
236,237,A Million to One,A Million to One,Adiba Jaigirdar,A Million to One (2022),9 hrs 34 mins,574,2024-01-09T15:21:22,2022-12-13,HarperAudio,com.plexapp.agents.audnexus://B09VYC45RG_us?lang=en,235,com.plexapp.agents.audnexus://B08174Y3P7?lang=en
240,241,Hani and Ishu's Guide to Fake Dating,Hani and Ishu's Guide to Fake Dating,Adiba Jaigirdar,Hani and Ishu's Guide to Fake Dating (2021),9 hrs 36 mins,576,2023-04-19T21:47:44,2021-05-25,Listening Library,com.plexapp.agents.audnexus://0593413687_us?lang=en,235,com.plexapp.agents.audnexus://B08174Y3P7?lang=en
238,239,The Dos and Donuts of Love,The Dos and Donuts of Love,Adiba Jaigirdar,The Dos and Donuts of Love (2023-06-06),8 hrs 28 mins,508,2024-01-09T15:12:36,2023-06-06,Dreamscape Media,com.plexapp.agents.audnexus://B0BSB3FTT6_us?lang=en,235,com.plexapp.agents.audnexus://B08174Y3P7?lang=en
3953,3954,The Revolution That Wasn't,The Revolution That Wasn't,Spencer Jakab,The Revolution That Wasn't (2022),9 hrs 2 mins,542,2023-03-23T00:54:08,2022-02-01,Penguin Audio,com.plexapp.agents.audnexus://B09FW1X78V_us?lang=en,3952,com.plexapp.agents.audnexus://B01F2OBC0A?lang=en
5530,5531,McMillions,McMillions,"James Lee Hernandez, Brian Lazarte",McMillions (2024),8 hrs 57 mins,537,2024-08-07T11:19:26,2024-08-06,Grand Central Publishing,com.plexapp.agents.audnexus://B0CQ8ZPHHX_us?lang=en,5529,local://5529
1580,1581,The Ambassadors,The Ambassadors,Henry James,The Ambassadors (2017),19 hrs 46 mins,1186,2023-03-23T01:27:16,2017-08-29,Naxos AudioBooks,com.plexapp.agents.audnexus://B0754JTLFY_us?lang=en,1577,com.plexapp.agents.audnexus://B00BU1IQL8?lang=en
1578,1579,The Portrait of a Lady,The Portrait of a Lady,Henry James,The Portrait of a Lady (),1 day 2 hrs 41 mins,1601,2023-05-02T11:32:46,2010-04-02,Audible Studios,com.plexapp.agents.audnexus://B003F7NZS4_us?lang=en,1577,com.plexapp.agents.audnexus://B00BU1IQL8?lang=en
3006,3007,"Black Leopard, Red Wolf","The Dark Star Trilogy, Book 1 - Black Leopard, Red Wolf",Marlon James,"Black Leopard, Red Wolf (2019) [The Dark Star Trilogy 1]",1 day 2 mins,1442,2023-03-29T11:38:07,2019-02-05,Penguin Audio,com.plexapp.agents.audnexus://0525526838_us?lang=en,3005,com.plexapp.agents.audnexus://B001JP2UK8?lang=en
3235,3236,Unhinged,"The Necessary Evils, Book 1 - Unhinged",Onley James,Unhinged (2021) [The Necessary Evils 1],7 hrs 31 mins,451,2023-03-28T15:16:17,2021-10-15,"Onley James, Onley James",com.plexapp.agents.audnexus://B09JHT9CSB_us?lang=en,3232,com.plexapp.agents.audnexus://B07V49YBQC?lang=en
3233,3234,Psycho,"The Necessary Evils, Book 2 - Psycho",Onley James,Psycho (2021) [The Necessary Evils 2],7 hrs 48 mins,468,2023-03-28T15:16:27,2021-12-15,Onley James,com.plexapp.agents.audnexus://B09NP7QC3L_us?lang=en,3232,com.plexapp.agents.audnexus://B07V49YBQC?lang=en
9005,9006,"Postmodernism, or, The Cultural Logic of Late Capitalism","Postmodernism, or, The Cultural Logic of Late Capitalism",Fredric Jameson,"Postmodernism, or, The Cultural Logic of Late Capitalism (2026)",23 hrs 20 mins,1400,2026-02-12T11:23:03,2026-01-06,"Echo Point Books & Media, LLC",com.plexapp.agents.audnexus://B0GF9YPJV1_us?lang=en,9004,com.plexapp.agents.audnexus://B001J3J6O8?lang=en
2981,2982,"Broker, Trader, Lawyer, Spy","Broker, Trader, Lawyer, Spy: The Secret World of Corporate Espionage",Eamon Javers,"Broker, Trader, Lawyer, Spy (2010)",9 hrs 38 mins,578,2023-03-29T11:39:38,2010-01-01,,local://2981,2980,com.plexapp.agents.audnexus://B0034PWYF2?lang=en
440,441,Psychonauts,Psychonauts,Mike Jay,Psychonauts (2023),11 hrs 56 mins,716,2023-09-29T09:12:44,2023-09-26,Tantor Audio,com.plexapp.agents.audnexus://B0CJDPCGYR_us?lang=en,439,com.plexapp.agents.audnexus://B001HPJJYK?lang=en
5414,5415,One Fair Wage,One Fair Wage,Saru Jayaraman,One Fair Wage (2022),5 hrs 33 mins,333,2024-07-23T22:47:38,2022-03-29,Tantor Media,com.plexapp.agents.audnexus://B09WGR376L_us?lang=en,5413,com.plexapp.agents.audnexus://B088JRCQSV?lang=en
672,673,The Show Won't Go On,The Show Won't Go On,"Jeff Abraham, Burt Kearns",The Show Won't Go On (2019),8 hrs 18 mins,498,2023-09-02T12:24:01,2019-09-03,"HighBridge, a division of Recorded Books",com.plexapp.agents.audnexus://1684573688_us?lang=en,671,local://671
6975,6976,Murder in the Family,Murder in the Family,Jeff Blackstock,Murder in the Family (2020),10 hrs 15 mins,615,2025-01-31T22:47:14,2020-09-15,Viking,com.plexapp.agents.audnexus://0735240892_us?lang=en,6974,local://6974
2629,2630,The Fifth Season,"The Broken Earth, Book 1 - The Fifth Season",N. K. Jemisin,The Fifth Season (2015) [The Broken Earth 1],15 hrs 28 mins,928,2023-04-04T13:41:52,2015-08-04,Orbit,com.plexapp.agents.audnexus://B012HQ7IPY_us?lang=en,2628,com.plexapp.agents.audnexus://B0028OIVC0?lang=en
2631,2632,The Hundred Thousand Kingdoms,"The Inheritance Trilogy, Book 1 - The Hundred Thousand Kingdoms",N. K. Jemisin,The Hundred Thousand Kingdoms (2010) [The Inheritance Trilogy 1],11 hrs 48 mins,708,2023-03-30T00:59:53,2018-10-16,Orbit,com.plexapp.agents.audnexus://1549119044_us?lang=en,2628,com.plexapp.agents.audnexus://B0028OIVC0?lang=en
9136,9137,End of Days,End of Days,Chris Jennings,End of Days (2026),10 hrs 52 mins,652,2026-03-06T10:27:15,2026-02-10,"Little, Brown & Company",com.plexapp.agents.audnexus://B0FCSWNDS7_us?lang=en,9135,com.plexapp.agents.audnexus://B07FPDD8V7?lang=en
8177,8178,Three Men in a Boat (To Say Nothing of the Dog),"Three Men, Book 1 - Three Men in a Boat (To Say Nothing of the Dog)",Jerome K. Jerome,Three Men in a Boat (To Say Nothing of the Dog) (2011) [Three Men 1],6 hrs 41 mins,401,2025-06-05T08:47:38,2004-12-26,Naxos AudioBooks,com.plexapp.agents.audnexus://B002V5ITA0_us?lang=en,8176,com.plexapp.agents.audnexus://B00ASJAB3O?lang=en
30,31,Comedy Book,Comedy Book,Jesse David Fox,Comedy Book (2023),9 hrs 22 mins,562,2024-04-06T11:30:36,2023-01-01,,local://30,29,plex://artist/5d07beb2403c6402906c4eda
8144,8145,The Principle of Moments,The Principle of Moments,Esmie Jikiemi-Pearson,The Principle of Moments (2024),17 hrs 13 mins,1033,2025-05-30T17:37:40,2024-02-14,Gollancz,com.plexapp.agents.audnexus://B0C62KL2M1_us?lang=en,8143,com.plexapp.agents.audnexus://B09M79VV5L?lang=en
6548,6549,Soulless,Soulless,Jim DeRogatis,Soulless (2019),13 hrs 22 mins,802,2024-11-21T16:47:35,2019-06-04,Audible Studios,com.plexapp.agents.audnexus://B07S64TSJR_us?lang=en,6547,local://6547
790,791,The Spear Cuts Through Water,The Spear Cuts Through Water,Simon Jimenez,The Spear Cuts Through Water (2021),17 hrs 18 mins,1038,2023-07-25T11:45:40,2022-08-30,Random House Audio,com.plexapp.agents.audnexus://0593414691_us?lang=en,789,com.plexapp.agents.audnexus://B07YDZV2XG?lang=en
5365,5366,The Vanished Birds,The Vanished Birds,Simon Jimenez,The Vanished Birds (2020),13 hrs 18 mins,798,2024-07-17T10:06:12,2020-01-14,Random House Audio,com.plexapp.agents.audnexus://0593167848_us?lang=en,789,com.plexapp.agents.audnexus://B07YDZV2XG?lang=en
7481,7482,Empire of Deception,Empire of Deception,Dean Jobb,Empire of Deception (2015),9 hrs 29 mins,569,2025-03-31T14:01:06,2015-05-19,"HighBridge, a Division of Recorded Books",com.plexapp.agents.audnexus://B00VVZNO9C_us?lang=en,7480,com.plexapp.agents.audnexus://B002890UO2?lang=en
480,481,Opium,Opium,"John H. Halpern, David Blistein",Opium (2019),8 hrs 44 mins,524,2023-09-16T01:36:08,2019-04-09,Tantor Audio,com.plexapp.agents.audnexus://1977344240_us?lang=en,479,local://479
8040,8041,Major Arcana,Major Arcana,John Pistelli,Major Arcana (2025),18 hrs 30 mins,1110,2025-05-20T12:10:47,2025-05-20,Recorded Books,com.plexapp.agents.audnexus://B0DZK2S5CH_us?lang=en,8039,local://8039
7697,7698,The Lavender Scare,The Lavender Scare,David K. Johnson,The Lavender Scare (2019),10 hrs 51 mins,651,2025-05-07T09:01:38,2019-09-10,Tantor Audio,com.plexapp.agents.audnexus://1515949133_us?lang=en,7696,com.plexapp.agents.audnexus://B001H6O5ES?lang=en
6670,6671,The Dream-Quest of Vellitt Boe,The Dream-Quest of Vellitt Boe,Kij Johnson,The Dream-Quest of Vellitt Boe (2017),4 hrs 20 mins,260,2024-12-15T14:50:54,2017-03-28,Spoken Word Inc.,com.plexapp.agents.audnexus://B06XT8PRB4_us?lang=en,6669,com.plexapp.agents.audnexus://B000APJ6YG?lang=en
6681,6682,The Vanishing Stair,"Truly Devious, Book 2 - The Vanishing Stair",Maureen Johnson,The Vanishing Stair (2019) [Truly Devious 2],9 hrs 14 mins,554,2024-12-16T11:13:29,2019-01-22,HarperCollins,com.plexapp.agents.audnexus://B07HP9F56B_us?lang=en,6680,com.plexapp.agents.audnexus://B001IODMSY?lang=en
6683,6684,The Hand on the Wall,"Truly Devious, Book 3 - The Hand on the Wall",Maureen Johnson,The Hand on the Wall (2020) [Truly Devious 3],8 hrs 36 mins,516,2024-12-16T11:33:25,2020-01-21,HarperCollins,com.plexapp.agents.audnexus://0062974556_us?lang=en,6680,com.plexapp.agents.audnexus://B001IODMSY?lang=en
6685,6686,The Box in the Woods,"Truly Devious, Book 4 - The Box in the Woods",Maureen Johnson,The Box in the Woods (2021) [Truly Devious 4],9 hrs 13 mins,553,2024-12-16T11:34:14,2021-06-15,HarperCollins,com.plexapp.agents.audnexus://0063032635_us?lang=en,6680,com.plexapp.agents.audnexus://B001IODMSY?lang=en
8744,8745,The Space Between Worlds,"Ashtown, Book 1 - The Space Between Worlds",Micaiah Johnson,The Space Between Worlds (2020) [Ashtown 1],11 hrs 47 mins,707,2025-11-29T22:17:00,2020-08-04,Random House Audio,com.plexapp.agents.audnexus://0593213785_us?lang=en,8743,com.plexapp.agents.audnexus://B082QXTJC6?lang=en
8746,8747,Those Beyond the Wall,"Ashtown, Book 2 - Those Beyond the Wall",Micaiah Johnson,Those Beyond the Wall (2024) [Ashtown 2],15 hrs 18 mins,918,2025-11-29T22:17:00,2024-03-12,Random House Audio,com.plexapp.agents.audnexus://B0CB96MWM7_us?lang=en,8743,com.plexapp.agents.audnexus://B082QXTJC6?lang=en
651,652,Darrow's Nightmare,Darrow's Nightmare,Nelson Johnson,Darrow's Nightmare (2021),10 hrs 23 mins,623,2023-09-02T12:31:16,2021-04-20,Recorded Books,com.plexapp.agents.audnexus://1705017681_us?lang=en,650,com.plexapp.agents.audnexus://B001HOROPM?lang=en
7417,7418,The Traitor God,"Age of Tyranny Series, Book 1 - The Traitor God",Cameron Johnston,The Traitor God (2018) [Age of Tyranny Series 1],14 hrs 1 min,841,2025-03-23T11:47:45,2018-12-04,Tantor Audio,com.plexapp.agents.audnexus://1977334571_us?lang=en,2134,com.plexapp.agents.audnexus://B00F59G69A?lang=en
7419,7420,God of Broken Things,"Age of Tyranny Series, Book 2 - God of Broken Things",Cameron Johnston,God of Broken Things (2019) [Age of Tyranny Series 2],11 hrs 22 mins,682,2025-03-23T13:36:16,2019-06-11,Tantor Audio,com.plexapp.agents.audnexus://197734982X_us?lang=en,2134,com.plexapp.agents.audnexus://B00F59G69A?lang=en
2135,2136,The Maleficent Seven,The Maleficent Seven,Cameron Johnston,The Maleficent Seven (2021),14 hrs 28 mins,868,2023-04-19T22:01:18,2021-08-10,Watkins Publishing,com.plexapp.agents.audnexus://B097CPHHY9_us?lang=en,2134,com.plexapp.agents.audnexus://B00F59G69A?lang=en
7005,7006,Unmasking Lucy Letby,Unmasking Lucy Letby,"Jonathan Coffey, Judith Moritz",Unmasking Lucy Letby (2024),16 hrs 43 mins,1003,2025-02-02T09:13:23,2024-10-24,Seven Dials,com.plexapp.agents.audnexus://B0D98YCQ39_us?lang=en,7004,local://7004
5357,5358,The Killing in the Consulate,The Killing in the Consulate,Jonathan Rugman,The Killing in the Consulate (2019),10 hrs 39 mins,639,2024-07-17T07:48:43,2019-10-02,Simon & Schuster Audio UK,com.plexapp.agents.audnexus://1471186822_us?lang=en,5356,local://5356
7959,7960,Empires of Light,Empires of Light,Jill Jonnes,Empires of Light (2017),16 hrs 52 mins,1012,2025-05-15T19:58:30,2017-01-31,Tantor Audio,com.plexapp.agents.audnexus://B01N4RPDKW_us?lang=en,7958,com.plexapp.agents.audnexus://B001IYZ4K8?lang=en
1028,1029,Kinship and Kindness,Kinship and Kindness,Kara Jorgensen,Kinship and Kindness (2020),7 hrs 29 mins,449,2023-06-23T16:47:12,2022-09-21,Fox Collie Publishing,com.plexapp.agents.audnexus://B0BG3F9GQ1_us?lang=en,1027,com.plexapp.agents.audnexus://B00L4KTO0W?lang=en
2339,2340,A Portrait of the Artist as a Young Man,A Portrait of the Artist as a Young Man,James Joyce,A Portrait of the Artist as a Young Man (2018),8 hrs 18 mins,498,2023-04-14T11:39:50,2019-01-22,Audible Studios,com.plexapp.agents.audnexus://B07JPFY29K_us?lang=en,2338,com.plexapp.agents.audnexus://B000AQ0JHI?lang=en
2341,2342,Ulysses,Ulysses,James Joyce,Ulysses (2010),1 day 5 hrs 58 mins,1798,2023-03-22T23:58:36,2008-07-23,Naxos AudioBooks,com.plexapp.agents.audnexus://B002V8L4X6_us?lang=en,2338,com.plexapp.agents.audnexus://B000AQ0JHI?lang=en
5317,5318,How I Won a Nobel Prize,How I Won a Nobel Prize,Julius Taranto,How I Won a Nobel Prize (2023),7 hrs 34 mins,454,2024-07-15T22:16:09,2023-09-12,"Little, Brown & Company",com.plexapp.agents.audnexus://B0BWGJHXXX_us?lang=en,5316,local://5316
109,110,The Dead Take the A Train,"Carrion City, Book 1 - The Dead Take the A Train","Richard Kadrey, Cassandra Khaw",The Dead Take the A Train (2023-10-03) [Carrion City 1],13 hrs,780,2024-03-07T09:07:43,2023-10-03,Macmillan Audio,com.plexapp.agents.audnexus://B09GH89G9R_us?lang=en,108,com.plexapp.agents.audnexus://B000APSCPU?lang=en
6950,6951,The Castle,The Castle,Franz Kafka,The Castle,13 hrs 4 mins,784,2025-01-23T22:10:05,2004-06-17,Recorded Books,com.plexapp.agents.audnexus://B002V0AC6O_us?lang=en,6949,com.plexapp.agents.audnexus://B0138M4KH0?lang=en
8961,8962,Eden Undone,Eden Undone,Karen Abbott,Eden Undone (2024),9 hrs 54 mins,594,2026-01-13T00:28:33,2024-09-24,Random House Audio,com.plexapp.agents.audnexus://B0D3J64CNR_us?lang=en,1944,com.plexapp.agents.audnexus://B001JRZT4A?lang=en
1945,1946,Sin in the Second City,Sin in the Second City,Karen Abbott,Sin in the Second City (2007),11 hrs 3 mins,663,2023-04-24T12:29:04,2007-08-06,Tantor Audio,com.plexapp.agents.audnexus://B002V084U0_us?lang=en,1944,com.plexapp.agents.audnexus://B001JRZT4A?lang=en
2750,2751,The Sorcerer of the Wildeeps,The Sorcerer of the Wildeeps,Kai Ashante Wilson,The Sorcerer of the Wildeeps (2015),5 hrs 8 mins,308,2023-03-30T00:47:32,2015-09-01,Macmillan Audio,com.plexapp.agents.audnexus://B010HEHKKQ_us?lang=en,2749,local://2749
726,727,Hyperspace,Hyperspace,Michio Kaku,Hyperspace (1994),14 hrs 12 mins,852,2023-07-31T23:07:33,2023-07-25,"HighBridge, a division of Recorded Books",com.plexapp.agents.audnexus://B0C9V9QSD5_us?lang=en,725,com.plexapp.agents.audnexus://B000ARDFYQ?lang=en
7002,7003,The Last Story,The Last Story,Arthur Kane,The Last Story (2024),9 hrs 33 mins,573,2025-02-02T07:43:13,2024-11-25,WildBlue Press,com.plexapp.agents.audnexus://B0DP18HMHL_us?lang=en,7001,com.plexapp.agents.audnexus://B0D1W1N8BT?lang=en
2321,2322,This Vast Southern Empire,This Vast Southern Empire,Matthew Karp,This Vast Southern Empire (2016),10 hrs 31 mins,631,2023-04-14T22:22:46,2017-04-30,Tantor Audio,com.plexapp.agents.audnexus://B06ZYJ14XR_us?lang=en,2320,com.plexapp.agents.audnexus://B01EP87WNK?lang=en
2705,2706,The Big Store: Inside the Crisis and Revolution at Sears (Unabridged),Big Store: Inside the Crisis and Revolution at Sears (Unabridged),Donald Katz,The Big Store Inside the Crisis and Revolution at Sears (Unabridged) (2018),1 day 6 hrs 4 mins,1804,2023-03-30T00:55:20,2018-01-01,,local://2705,2704,com.plexapp.agents.audnexus://B000APHRNI?lang=en
5680,5681,Gangsters of Capitalism,Gangsters of Capitalism,Jonathan M. Katz,Gangsters of Capitalism (2022),14 hrs 45 mins,885,2024-09-03T20:13:43,2022-01-18,Macmillan Audio,com.plexapp.agents.audnexus://1250839548_us?lang=en,5679,com.plexapp.agents.audnexus://B008QBQ9WI?lang=en
1121,1122,Ice,Ice,"Anna Kavan, Jonathan Lethem - foreword, Kate Zambreno - afterword",Ice (1967),5 hrs 39 mins,339,2023-06-16T19:22:27,2018-02-27,Tantor Audio,com.plexapp.agents.audnexus://B079VV5DPH_us?lang=en,1120,com.plexapp.agents.audnexus://B001HCX2PA?lang=en
6978,6979,Ice,Ice,"Anna Kavan, Jonathan Lethem - foreword, Kate Zambreno - afterword",Ice (2025),5 hrs 20 mins,320,2025-01-31T22:47:56,2025-01-16,Tantor Media,com.plexapp.agents.audnexus://B0DPR7V3MJ_us?lang=en,1120,com.plexapp.agents.audnexus://B001HCX2PA?lang=en
6784,6785,Before the Coffee Gets Cold,"Before the Coffee Gets Cold Series, Book 1 - Before the Coffee Gets Cold","Toshikazu Kawaguchi, Geoffrey Trousselot - translator",Before the Coffee Gets Cold (2019) [Before the Coffee Gets Cold Series 1],6 hrs 52 mins,412,2025-01-05T22:18:01,2019-09-19,Picador,com.plexapp.agents.audnexus://1529029600_us?lang=en,6783,com.plexapp.agents.audnexus://B07YB6PKSH?lang=en
2224,2225,A Song for Arbonne,A Song for Arbonne,Guy Gavriel Kay,A Song for Arbonne (1992),19 hrs 41 mins,1181,2023-04-18T22:08:01,2020-03-03,Recorded Books,com.plexapp.agents.audnexus://1980090408_us?lang=en,2223,com.plexapp.agents.audnexus://B000AQ6VIO?lang=en
2226,2227,The Lions of Al-Rassan,The Lions of Al-Rassan,Guy Gavriel Kay,The Lions of Al-Rassan (1995),19 hrs 41 mins,1181,2023-03-23T00:00:37,2012-07-03,Audible Studios,com.plexapp.agents.audnexus://B008ESCXIW_us?lang=en,2223,com.plexapp.agents.audnexus://B000AQ6VIO?lang=en
2228,2229,Sailing to Sarantium,"The Sarantine Mosaic, Book 1 - Sailing to Sarantium",Guy Gavriel Kay,Sailing to Sarantium (1998) [The Sarantine Mosaic 1],18 hrs 48 mins,1128,2023-03-22T23:59:50,2012-07-03,Audible Studios,com.plexapp.agents.audnexus://B008ESD4WG_us?lang=en,2223,com.plexapp.agents.audnexus://B000AQ6VIO?lang=en
2230,2231,Lord of Emperors,"The Sarantine Mosaic, Book 2 - Lord of Emperors",Guy Gavriel Kay,Lord of Emperors (2000) [The Sarantine Mosaic 2],21 hrs 54 mins,1314,2023-03-22T23:59:01,2012-07-03,Audible Studios,com.plexapp.agents.audnexus://B008ESD31I_us?lang=en,2223,com.plexapp.agents.audnexus://B000AQ6VIO?lang=en
9332,9333,London Falling,London Falling,Patrick Radden Keefe,London Falling (2026),13 hrs,780,2026-04-09T16:37:40,2026-04-07,Random House Audio,com.plexapp.agents.audnexus://B0FKVQTQJK_us?lang=en,9019,com.plexapp.agents.audnexus://B001K8TZ1Q?lang=en
9020,9021,Say Nothing,Say Nothing,Patrick Radden Keefe,Say Nothing (2019),14 hrs 43 mins,883,2026-02-19T14:50:32,2019-02-26,Random House Audio,com.plexapp.agents.audnexus://1984841130_us?lang=en,9019,com.plexapp.agents.audnexus://B001K8TZ1Q?lang=en
5674,5675,Sex with Shakespeare,Sex with Shakespeare,Jillian Keenan,Sex with Shakespeare (2016),9 hrs 56 mins,596,2024-08-31T21:04:42,2016-04-26,HarperAudio,com.plexapp.agents.audnexus://B01BLV3ZA8_us?lang=en,5673,com.plexapp.agents.audnexus://B01DZ0RW9I?lang=en
932,933,The Library,The Library,Stuart Kells,The Library (2017),7 hrs 58 mins,478,2023-07-05T00:22:57,2021-11-09,Basic Books,com.plexapp.agents.audnexus://B09F5PY2HG_us?lang=en,931,com.plexapp.agents.audnexus://B0765P53B8?lang=en
5188,5189,Playing with Reality,Playing with Reality,Kelly Clancy,Playing with Reality (2024),11 hrs 40 mins,700,2024-06-29T11:18:41,2024-06-18,Penguin Audio,com.plexapp.agents.audnexus://B0CKKM4FRH_us?lang=en,5187,local://5187
1377,1378,The Hammer and the Blade,"Egil and Nix, Book 1 - The Hammer and the Blade",Paul S. Kemp,The Hammer and the Blade (2012) [Egil and Nix 1],10 hrs 40 mins,640,2023-05-11T16:16:44,2012-06-26,Brilliance Audio,com.plexapp.agents.audnexus://B008BK83EG_us?lang=en,1374,com.plexapp.agents.audnexus://B001JRZ094?lang=en
1379,1380,A Discourse in Steel,"Egil and Nix, Book 2 - A Discourse in Steel",Paul S. Kemp,A Discourse in Steel (2013) [Egil and Nix 2],10 hrs 11 mins,611,2023-05-11T16:15:25,2013-06-25,Angry Robot on Brilliance Audio,com.plexapp.agents.audnexus://B00D8ELVTO_us?lang=en,1374,com.plexapp.agents.audnexus://B001JRZ094?lang=en
1375,1376,A Conversation in Blood,"Egil and Nix, Book 3 - A Conversation in Blood",Paul S. Kemp,A Conversation in Blood (2017) [Egil and Nix 3],9 hrs 1 min,541,2023-05-11T16:17:40,2017-01-24,Random House Audio,com.plexapp.agents.audnexus://B01N9TMLD4_us?lang=en,1374,com.plexapp.agents.audnexus://B001JRZ094?lang=en
7944,7945,Freedom from Fear,"Oxford History of the United States, Book 9 - Freedom from Fear",David M. Kennedy,Freedom from Fear (2010) [Oxford History of the United States [Publication Order]Oxford History of the United States 49],1 day 7 hrs 25 mins,1885,2025-05-15T14:35:37,2010-09-20,"Blackstone Audio, Inc.",com.plexapp.agents.audnexus://B0043G86F8_us?lang=en,7943,com.plexapp.agents.audnexus://B000APMU2Q?lang=en
3068,3069,Cold Fire,Cold Fire,Keegan Kennedy,Cold Fire (2017),13 hrs 23 mins,803,2023-03-29T01:04:34,2017-09-12,Kennedy-Empire Media,com.plexapp.agents.audnexus://B075H2Q6D8_us?lang=en,3067,com.plexapp.agents.audnexus://B009GGVVK2?lang=en
38,39,Bright of the Sky,"Entire and the Rose, Book 1 - Bright of the Sky",Kay Kenyon,Bright of the Sky (2008-08-06) [Entire and the Rose 1],17 hrs 53 mins,1073,2024-03-16T21:50:49,2008-08-06,Audible Studios,com.plexapp.agents.audnexus://B002V0JY0E_us?lang=en,37,com.plexapp.agents.audnexus://B000APB4SC?lang=en
42,43,A World Too Near,"Entire and the Rose, Book 2 - A World Too Near",Kay Kenyon,A World Too Near (2008-08-07) [Entire and the Rose 2],15 hrs 25 mins,925,2024-03-16T21:50:43,2008-08-07,Audible Studios,com.plexapp.agents.audnexus://B002V5D3M4_us?lang=en,37,com.plexapp.agents.audnexus://B000APB4SC?lang=en
44,45,City Without End,"Entire and the Rose, Book 3 - City Without End",Kay Kenyon,City Without End (2009-02-24) [Entire and the Rose 3],16 hrs 25 mins,985,2024-03-16T21:50:39,2009-02-24,Audible Studios,com.plexapp.agents.audnexus://B002V9ZDG4_us?lang=en,37,com.plexapp.agents.audnexus://B000APB4SC?lang=en
40,41,Prince of Storms,"Entire and the Rose, Book 4 - Prince of Storms",Kay Kenyon,Prince of Storms (2010-01-26) [Entire and the Rose 4],14 hrs 38 mins,878,2024-03-16T21:50:46,2010-01-26,Audible Studios,com.plexapp.agents.audnexus://B0032CM4NY_us?lang=en,37,com.plexapp.agents.audnexus://B000APB4SC?lang=en
5294,5295,Bottoms Up and the Devil Laughs,Bottoms Up and the Devil Laughs,Kerry Howley,Bottoms Up and the Devil Laughs (2023),7 hrs 1 min,421,2024-07-12T23:30:00,2023-03-21,Random House Audio,com.plexapp.agents.audnexus://B0B63Z3D2K_us?lang=en,5293,local://5293
8238,8239,The Art of Making Money: The Story of a Master Counterfeiter (Unabridged),Art of Making Money: The Story of a Master Counterfeiter (Unabridged),Jason Kersten,The Art of Making Money The Story of a Master Counterfeiter (Unabridged) (2009),9 hrs 2 mins,542,2025-07-04T09:06:08,2009-01-01,,local://8238,8237,com.plexapp.agents.audnexus://B001H6W31K?lang=en
6508,6509,The Pope and Mussolini,The Pope and Mussolini,David I. Kertzer,The Pope and Mussolini (2014),14 hrs 11 mins,851,2024-11-08T14:15:28,2014-01-28,Random House Audio,com.plexapp.agents.audnexus://B00HZS2UFS_us?lang=en,6507,com.plexapp.agents.audnexus://B000APV522?lang=en
6510,6511,The Pope at War,The Pope at War,David I. Kertzer,The Pope at War (2022),17 hrs 34 mins,1054,2024-11-08T14:16:52,2022-06-07,Random House Audio,com.plexapp.agents.audnexus://B09NRVLP4B_us?lang=en,6507,com.plexapp.agents.audnexus://B000APV522?lang=en
8147,8148,The Djinn Waits a Hundred Years,The Djinn Waits a Hundred Years,Shubnum Khan,The Djinn Waits a Hundred Years (2024),9 hrs 59 mins,599,2025-05-30T17:38:41,2024-01-09,Penguin Audio,com.plexapp.agents.audnexus://B0C4BHMPXX_us?lang=en,8146,com.plexapp.agents.audnexus://B0CQXTQDT4?lang=en
1719,1720,A Country of Ghosts,"Black Dawn, Book 4 - A Country of Ghosts",Margaret Killjoy,A Country of Ghosts (2021),5 hrs 41 mins,341,2023-04-28T00:38:04,2023-01-11,AK Press,com.plexapp.agents.audnexus://B09MYF1RD4_us?lang=en,1718,com.plexapp.agents.audnexus://B002QWIH5U?lang=en
2577,5507,Spiderweb Capitalism,Spiderweb Capitalism,Kimberly Kay Hoang,Spiderweb Capitalism (2022),11 hrs 36 mins,696,2023-04-04T22:13:19,2022-09-06,"HighBridge, a division of Recorded Books",com.plexapp.agents.audnexus://B0BBXFZTRR_us?lang=en,2576,local://2576
2025,2026,The Curator,The Curator,Owen King,The Curator (2023),14 hrs 19 mins,859,2023-04-22T20:50:57,2023-03-07,Simon & Schuster Audio,com.plexapp.agents.audnexus://B0B4WY4QR7_us?lang=en,2024,com.plexapp.agents.audnexus://B001JS0YK8?lang=en
7390,7391,Paladin's Grace,"Saint of Steel, Book 1 - Paladin's Grace",T. Kingfisher,Paladin's Grace (2021) [Saint of Steel 1],12 hrs 31 mins,751,2025-03-19T23:57:29,2021-04-06,Tantor Media,com.plexapp.agents.audnexus://1705297722_us?lang=en,6694,com.plexapp.agents.audnexus://B00LBKVU3E?lang=en
6708,6709,What Moves the Dead,"Sworn Soldier, Book 1 - What Moves the Dead",T. Kingfisher,What Moves the Dead (2022) [Sworn Soldier Series 1],5 hrs 11 mins,311,2024-12-19T15:58:42,2022-07-12,Macmillan Audio,com.plexapp.agents.audnexus://B09VVRD3RN_us?lang=en,6694,com.plexapp.agents.audnexus://B00LBKVU3E?lang=en
6695,6696,The Hollow Places,The Hollow Places,T. Kingfisher,The Hollow Places (2020),9 hrs 44 mins,584,2024-12-17T17:46:26,2020-10-06,Simon & Schuster Audio,com.plexapp.agents.audnexus://1797112155_us?lang=en,6694,com.plexapp.agents.audnexus://B00LBKVU3E?lang=en
4193,4194,All the Shah's Men,All the Shah's Men,Stephen Kinzer,All the Shah's Men (2003),10 hrs 25 mins,625,2023-03-22T15:00:40,2004-02-26,Tantor Audio,com.plexapp.agents.audnexus://B002V0JT90_us?lang=en,4192,com.plexapp.agents.audnexus://B00455F1NC?lang=en
7611,7612,Poisoner in Chief,Poisoner in Chief,Stephen Kinzer,Poisoner in Chief (2019),12 hrs 17 mins,737,2025-04-27T14:14:00,2019-09-10,Macmillan Audio,com.plexapp.agents.audnexus://1250242398_us?lang=en,4192,com.plexapp.agents.audnexus://B00455F1NC?lang=en
7676,7677,The Brothers,The Brothers,Stephen Kinzer,The Brothers (2013),13 hrs 28 mins,808,2025-05-04T11:21:31,2013-10-01,"Blackstone Audio, Inc.",com.plexapp.agents.audnexus://B00FBPJD5M_us?lang=en,4192,com.plexapp.agents.audnexus://B00455F1NC?lang=en
7674,7675,The True Flag,The True Flag,Stephen Kinzer,The True Flag (2017),10 hrs 55 mins,655,2025-05-04T11:04:16,2017-01-24,Macmillan Audio,com.plexapp.agents.audnexus://B01N4IV6WL_us?lang=en,4192,com.plexapp.agents.audnexus://B00455F1NC?lang=en
7595,7596,The Feather Thief,The Feather Thief,Kirk Wallace Johnson,The Feather Thief (2018),8 hrs 5 mins,485,2025-04-25T14:09:49,2018-04-24,Penguin Audio,com.plexapp.agents.audnexus://B07BWR8ZBJ_us?lang=en,7594,local://7594
4044,4045,Relationships 5.0,"Relationships 5.0: How AI, VR, and Robots Will Reshape Our Emotional Lives",Elyakim Kislev,Relationships 5.0 (2022),10 hrs 20 mins,620,2023-03-23T00:00:59,2022-01-01,,local://4044,4043,com.plexapp.agents.audnexus://B0936X1FLC?lang=en
5126,5127,The Deep Sky,The Deep Sky,Yume Kitasei,The Deep Sky (2023),12 hrs 16 mins,736,2024-06-19T21:35:32,2023-07-18,Macmillan Audio,com.plexapp.agents.audnexus://B0BK2Z4M83_us?lang=en,5120,com.plexapp.agents.audnexus://B0BKYZK9PN?lang=en
5121,5122,The Stardust Grail,The Stardust Grail,Yume Kitasei,The Stardust Grail (2024),11 hrs 41 mins,701,2024-06-19T13:36:40,2024-06-11,Macmillan Audio,com.plexapp.agents.audnexus://B0CKM5YQX8_us?lang=en,5120,com.plexapp.agents.audnexus://B0BKYZK9PN?lang=en
8133,8134,The Stardust Grail,The Stardust Grail,Yume Kitasei,The Stardust Grail (2024),11 hrs 41 mins,701,2025-05-30T17:09:46,2024-06-11,Macmillan Audio,com.plexapp.agents.audnexus://B0CKM5YQX8_us?lang=en,5120,com.plexapp.agents.audnexus://B0BKYZK9PN?lang=en
106,107,Fluke,Fluke,Brian Klaas,Fluke (2024-01-23),8 hrs 42 mins,522,2024-03-07T09:07:50,2024-01-23,Simon & Schuster Audio,com.plexapp.agents.audnexus://B0CBCX8YT2_us?lang=en,105,com.plexapp.agents.audnexus://B01ENBZT1Q?lang=en
6840,6841,Something New Under the Sun,Something New Under the Sun,Alexandra Kleeman,Something New Under the Sun (2021),11 hrs 13 mins,673,2025-01-10T08:56:59,2021-08-03,Random House Audio,com.plexapp.agents.audnexus://0593410556_us?lang=en,6839,com.plexapp.agents.audnexus://B00OPYLG3C?lang=en
537,538,Doppelganger,Doppelganger,Naomi Klein,Doppelganger (2023),14 hrs 48 mins,888,2023-09-12T23:08:40,2023-09-12,Macmillan Audio,com.plexapp.agents.audnexus://B0C5JTG4F3_us?lang=en,536,com.plexapp.agents.audnexus://B001H6QPIC?lang=en
539,540,No Is Not Enough,No Is Not Enough,Naomi Klein,No Is Not Enough (2017),7 hrs 57 mins,477,2023-03-29T18:42:18,2017-06-13,"Blackstone Audio, Inc.",com.plexapp.agents.audnexus://B071KWPQ2H_us?lang=en,536,com.plexapp.agents.audnexus://B001H6QPIC?lang=en
902,903,The Steal Like an Artist Audio Trilogy,The Steal Like an Artist Audio Trilogy,Austin Kleon,The Steal Like an Artist Audio Trilogy (2022),4 hrs 33 mins,273,2023-07-06T08:01:19,2022-07-15,Workman Publishing Company,com.plexapp.agents.audnexus://B0B6QGTNVS_us?lang=en,901,com.plexapp.agents.audnexus://B002HDCKJ2?lang=en
2811,2812,The Lightning-Struck Heart,"Tales from Verania, Book 1 - The Lightning-Struck Heart",TJ Klune,The Lightning-Struck Heart (2015) [Tales from Verania 1],19 hrs 49 mins,1189,2023-03-29T18:52:03,2015-12-10,Dreamspinner Press LLC,com.plexapp.agents.audnexus://B0195I4B9S_us?lang=en,2810,com.plexapp.agents.audnexus://B005LDJ9Z8?lang=en
8271,8272,A Destiny of Dragons,"Tales from Verania, Book 2 - A Destiny of Dragons",TJ Klune,A Destiny of Dragons (2017) [Tales from Verania 2],16 hrs 41 mins,1001,2025-08-01T10:22:48,2017-11-17,Dreamspinner Press LLC,com.plexapp.agents.audnexus://B077H246DX_us?lang=en,2810,com.plexapp.agents.audnexus://B005LDJ9Z8?lang=en
8275,8276,The Consumption of Magic,"Tales from Verania, Book 3 - The Consumption of Magic",TJ Klune,The Consumption of Magic (2018) [Tales from Verania 3],18 hrs 18 mins,1098,2025-08-01T10:57:07,2018-04-30,Dreamspinner Press LLC,com.plexapp.agents.audnexus://B07CNNDHPX_us?lang=en,2810,com.plexapp.agents.audnexus://B005LDJ9Z8?lang=en
8277,8278,A Wish Upon the Stars,"Tales from Verania, Book 4 - A Wish Upon the Stars",TJ Klune,A Wish Upon the Stars (2018) [Tales from Verania 4],18 hrs 28 mins,1108,2025-08-01T10:59:57,2018-11-28,Dreamspinner Press LLC,com.plexapp.agents.audnexus://B07KGHT4J1_us?lang=en,2810,com.plexapp.agents.audnexus://B005LDJ9Z8?lang=en
8279,8280,The Damning Stone,"Tales from Verania, Book 5 - The Damning Stone",TJ Klune,The Damning Stone (2022) [Tales from Verania 5],16 hrs 58 mins,1018,2025-08-01T11:00:08,2022-04-26,BOATK Books,com.plexapp.agents.audnexus://B09XBPMYP7_us?lang=en,2810,com.plexapp.agents.audnexus://B005LDJ9Z8?lang=en
2747,2748,The Body Keeps the Score,The Body Keeps the Score,Bessel A. van der Kolk,The Body Keeps the Score (2014),16 hrs 17 mins,977,2023-03-30T00:49:02,2021-02-16,Penguin Audio,com.plexapp.agents.audnexus://0593412702_us?lang=en,2746,com.plexapp.agents.audnexus://B00OTHN2FA?lang=en
7478,7479,Hidden Valley Road,Hidden Valley Road,Robert Kolker,Hidden Valley Road (2020),13 hrs 9 mins,789,2025-03-31T12:16:38,2020-04-07,Random House Audio,com.plexapp.agents.audnexus://0593208323_us?lang=en,7477,com.plexapp.agents.audnexus://B00D7JVI98?lang=en
8195,8196,The Biggest Bluff,The Biggest Bluff,Maria Konnikova,The Biggest Bluff (2020),11 hrs 13 mins,673,2025-06-14T13:13:10,2020-06-23,Penguin Audio,com.plexapp.agents.audnexus://0593288920_us?lang=en,8194,com.plexapp.agents.audnexus://B008ESXWU0?lang=en
1155,1156,Buddhism for Beginners,Buddhism for Beginners,Jack Kornfield,Buddhism for Beginners [Jack Kornfield] (2001),9 hrs,540,2023-03-22T23:47:54,2007-06-07,Macmillan Audio,com.plexapp.agents.audnexus://B002V8OFZ0_us?lang=en,1152,com.plexapp.agents.audnexus://B001H6OABQ?lang=en
1153,1154,The Inner Art of Meditation,The Inner Art of Meditation,Jack Kornfield,The Inner Art of Meditation (1993),2 hrs 57 mins,177,2023-06-15T21:15:31,1999-12-17,Sounds True,com.plexapp.agents.audnexus://B002UZDRU8_us?lang=en,1152,com.plexapp.agents.audnexus://B001H6OABQ?lang=en
2182,2183,Archivist Wasp,"Archivist Wasp, Book 1 - Archivist Wasp",Nicole Kornher-Stace,Archivist Wasp (2016) [Archivist Wasp 1],10 hrs 54 mins,654,2023-04-19T12:12:35,2016-09-13,Listening Library,com.plexapp.agents.audnexus://B01KI7MUG6_us?lang=en,2179,com.plexapp.agents.audnexus://B004NQQLV4?lang=en
2180,2181,Latchkey,"Archivist Wasp, Book 2 - Latchkey",Nicole Kornher-Stace,Latchkey (2018) [Archivist Wasp 2],14 hrs 42 mins,882,2023-04-22T14:18:40,2022-02-15,Tantor Audio,com.plexapp.agents.audnexus://B09RTQQR6L_us?lang=en,2179,com.plexapp.agents.audnexus://B004NQQLV4?lang=en
2184,2185,Firebreak,Firebreak,Nicole Kornher-Stace,Firebreak (2021),13 hrs 42 mins,822,2023-03-22T23:50:57,2021-05-04,Simon & Schuster Audio,com.plexapp.agents.audnexus://1797128760_us?lang=en,2179,com.plexapp.agents.audnexus://B004NQQLV4?lang=en
1725,1726,Shades of Milk and Honey,"The Glamourist Histories, Book 1 - Shades of Milk and Honey",Mary Robinette Kowal,Shades of Milk and Honey (2010) [The Glamourist Histories 1],7 hrs 32 mins,452,2023-04-28T00:33:13,2010-08-03,Macmillan Audio,com.plexapp.agents.audnexus://B003Y4ZZSQ_us?lang=en,1724,com.plexapp.agents.audnexus://B0033T90TC?lang=en
2872,2873,I Wrote This Book Because I Love You,I Wrote This Book Because I Love You,Tim Kreider,I Wrote This Book Because I Love You (2018),6 hrs 15 mins,375,2023-03-29T14:16:43,2018-02-06,Simon & Schuster Audio,com.plexapp.agents.audnexus://B0786VXB37_us?lang=en,2871,com.plexapp.agents.audnexus://B001K8T2EQ?lang=en
5409,5410,We Learn Nothing,We Learn Nothing,Tim Kreider,We Learn Nothing (2015),6 hrs 41 mins,401,2024-07-23T05:54:55,2015-02-01,Seneca and Marcus LLC,com.plexapp.agents.audnexus://B00SNTQU9K_us?lang=en,2871,com.plexapp.agents.audnexus://B001K8T2EQ?lang=en
296,297,Beggars in Spain,"Sleepless, Book 1 - Beggars in Spain",Nancy Kress,Beggars in Spain (2009-02-25) [Sleepless 1],16 hrs 11 mins,971,2024-01-09T15:15:51,2009-02-25,"Blackstone Audio, Inc.",com.plexapp.agents.audnexus://B002V1JFFC_us?lang=en,293,com.plexapp.agents.audnexus://B000AQ4SK2?lang=en
298,299,Beggars and Choosers,"Sleepless, Book 2 - Beggars and Choosers",Nancy Kress,Beggars and Choosers (2009-02-24) [Sleepless 2],12 hrs 8 mins,728,2024-01-09T15:12:43,2009-02-24,"Blackstone Audio, Inc.",com.plexapp.agents.audnexus://B002V1BORO_us?lang=en,293,com.plexapp.agents.audnexus://B000AQ4SK2?lang=en
294,295,Beggars Ride,"Sleepless, Book 3 - Beggars Ride",Nancy Kress,Beggars Ride (2009-03-06) [Sleepless 3],15 hrs 32 mins,932,2024-01-09T15:15:58,2009-03-06,"Blackstone Audio, Inc.",com.plexapp.agents.audnexus://B002VAA7XC_us?lang=en,293,com.plexapp.agents.audnexus://B000AQ4SK2?lang=en
711,712,Irony and Sarcasm,Irony and Sarcasm,Roger Kreuz,Irony and Sarcasm (2020),4 hrs 12 mins,252,2023-08-09T00:17:49,2020-05-05,Gildan Media,com.plexapp.agents.audnexus://1469078252_us?lang=en,710,com.plexapp.agents.audnexus://B00X4JEVIQ?lang=en
5549,5550,Empire of Sin,Empire of Sin,Gary Krist,Empire of Sin (2014),10 hrs 50 mins,650,2024-08-10T09:10:10,2014-12-15,"Dreamscape Media, LLC",com.plexapp.agents.audnexus://B00QXQQOZ0_us?lang=en,5548,com.plexapp.agents.audnexus://B000APQDSS?lang=en
7542,7543,Trespassers at the Golden Gate,Trespassers at the Golden Gate,Gary Krist,Trespassers at the Golden Gate (2025),11 hrs 33 mins,693,2025-04-07T22:45:18,2025-03-11,Random House Audio,com.plexapp.agents.audnexus://B0D6Z5HB4Z_us?lang=en,5548,com.plexapp.agents.audnexus://B000APQDSS?lang=en
7399,7400,On My Honor,On My Honor,Kim Christensen,On My Honor (2025),10 hrs 6 mins,606,2025-03-20T22:35:24,2025-02-11,Grand Central Publishing,com.plexapp.agents.audnexus://B0D6WKLPXM_us?lang=en,7398,com.plexapp.agents.audnexus://B0725QWDJC?lang=en
5558,5559,Lancelot,Lancelot,Walker Percy,Lancelot (2018),22 hrs 56 mins,1376,2024-08-13T22:45:20,2018-05-31,Transworld Digital,com.plexapp.agents.audnexus://B07C7B52NQ_us?lang=en,5557,com.plexapp.agents.audnexus://B0034PJKD6?lang=en
7340,7341,Empire of the Vampire,"Empire of the Vampire, Book 1 - Empire of the Vampire",Jay Kristoff,Empire of the Vampire (2021) [Empire of the Vampire 1],1 day 3 hrs 18 mins,1638,2025-03-16T02:55:03,2021-09-14,Macmillan Audio,com.plexapp.agents.audnexus://1250772664_us?lang=en,7337,com.plexapp.agents.audnexus://B00B29NU9G?lang=en
7338,7339,Nevernight,"The Nevernight Chronicle, Book 1 - Nevernight",Jay Kristoff,Nevernight (2016) [The Nevernight Chronicle 1],20 hrs 11 mins,1211,2025-03-16T02:55:03,2016-08-09,Macmillan Audio,com.plexapp.agents.audnexus://B01JT213XW_us?lang=en,7337,com.plexapp.agents.audnexus://B00B29NU9G?lang=en
8604,8605,Katabasis,Katabasis,R. F. Kuang,Katabasis (2025),18 hrs 34 mins,1114,2025-08-30T08:20:11,2025-08-26,Harper Voyager,com.plexapp.agents.audnexus://B0DPJH7WXZ_us?lang=en,1321,com.plexapp.agents.audnexus://B0788VXRHP?lang=en
1324,1325,The Poppy War,"The Poppy War, Book 1 - The Poppy War",R. F. Kuang,The Poppy War (2018) [The Poppy War 1],19 hrs 28 mins,1168,2023-03-29T18:50:16,2018-05-01,Harper Voyager,com.plexapp.agents.audnexus://B079T7NGXQ_us?lang=en,1321,com.plexapp.agents.audnexus://B0788VXRHP?lang=en
1322,1323,Yellowface,Yellowface,R. F. Kuang,Yellowface (2023),8 hrs 39 mins,519,2023-05-17T11:28:29,2023-05-16,William Morrow,com.plexapp.agents.audnexus://B0BCBYC42P_us?lang=en,1321,com.plexapp.agents.audnexus://B0788VXRHP?lang=en
5483,5484,The Quantum Magician,"The Quantum Evolution, Book 1 - The Quantum Magician",Derek Kunsken,The Quantum Magician (2018) [The Quantum Evolution 1],13 hrs 9 mins,789,2024-07-30T17:01:22,2018-10-05,Recorded Books,com.plexapp.agents.audnexus://1980011915_us?lang=en,5482,com.plexapp.agents.audnexus://B07QJG9N95?lang=en
5485,5486,Quantum Garden,"The Quantum Evolution, Book 2 - Quantum Garden",Derek Kunsken,Quantum Garden (2019) [The Quantum Evolution 2],11 hrs 19 mins,679,2024-07-30T17:01:22,2019-10-15,Recorded Books,com.plexapp.agents.audnexus://1980011923_us?lang=en,5482,com.plexapp.agents.audnexus://B07QJG9N95?lang=en
5487,5488,The Quantum War,"The Quantum Evolution, Book 3 - The Quantum War",Derek Kunsken,The Quantum War (2021) [The Quantum Evolution 3],12 hrs 16 mins,736,2024-07-30T17:01:22,2021-10-12,Penguin Audio,com.plexapp.agents.audnexus://1786185083_us?lang=en,5482,com.plexapp.agents.audnexus://B07QJG9N95?lang=en
5246,5247,Red Pill,Red Pill,Hari Kunzru,Red Pill (2020),8 hrs 44 mins,524,2024-07-07T12:40:49,2020-09-01,Random House Audio,com.plexapp.agents.audnexus://0593291875_us?lang=en,5245,com.plexapp.agents.audnexus://B001HMN41W?lang=en
4386,4387,A Step Past Darkness,A Step Past Darkness,Vera Kurian,A Step Past Darkness (2024),14 hrs 38 mins,878,2024-04-18T09:25:14,2024-02-20,Harlequin Audio,com.plexapp.agents.audnexus://B0C7RK5W3N_us?lang=en,4056,com.plexapp.agents.audnexus://B0157CC8TQ?lang=en
4057,4058,Never Saw Me Coming,Never Saw Me Coming,Vera Kurian,Never Saw Me Coming (2021),11 hrs 48 mins,708,2023-03-22T23:52:16,2021-09-07,Harlequin Audio,com.plexapp.agents.audnexus://1488212589_us?lang=en,4056,com.plexapp.agents.audnexus://B0157CC8TQ?lang=en
7720,7721,Hitler’s Monsters,Hitler’s Monsters,Eric Kurlander,Hitler’s Monsters (2017),18 hrs 19 mins,1099,2025-05-09T01:36:50,2017-07-18,"Blackstone Audio, Inc.",com.plexapp.agents.audnexus://B0731X88HK_us?lang=en,7719,com.plexapp.agents.audnexus://B001JP7RM4?lang=en
4041,4042,Swordspoint,"Riverside, Book 1 - Swordspoint","Ellen Kushner, Delia Sherman",Swordspoint () [Riverside 1],10 hrs 51 mins,651,2023-03-23T00:01:19,2011-11-29,Audible Studios,com.plexapp.agents.audnexus://B006FJJDBW_us?lang=en,4037,com.plexapp.agents.audnexus://B000APU4L0?lang=en
4038,4039,The Fall of the Kings,"Riverside, Book 3 - The Fall of the Kings","Ellen Kushner, Delia Sherman",The Fall of the Kings () [Riverside 3],18 hrs 43 mins,1123,2023-03-23T00:02:22,2013-08-27,Audible Studios,com.plexapp.agents.audnexus://B00EILQ3QM_us?lang=en,4037,com.plexapp.agents.audnexus://B000APU4L0?lang=en
6053,6054,Creation Lake,Creation Lake,Rachel Kushner,Creation Lake (2024),11 hrs 10 mins,670,2024-09-29T00:11:53,2024-09-03,Simon & Schuster Audio,com.plexapp.agents.audnexus://B0CVHFXRGV_us?lang=en,6052,com.plexapp.agents.audnexus://B001JS1P24?lang=en
8709,8710,Fury,Fury,Henry Kuttner,Fury (2015),7 hrs 36 mins,456,2025-11-13T00:17:51,2015-02-13,"Skyboat Media, Inc.",com.plexapp.agents.audnexus://B00TIZFVAM_us?lang=en,8708,com.plexapp.agents.audnexus://B0034OXCKO?lang=en
9197,9198,Past Master,Past Master,"R.A. Lafferty, Andrew Ferguson - introduction",Past Master (2019),6 hrs 56 mins,416,2026-03-16T12:09:49,2019-12-03,Tantor Audio,com.plexapp.agents.audnexus://1977364543_us?lang=en,9196,com.plexapp.agents.audnexus://B001HCU6PE?lang=en
2900,2901,Future Feeling,Future Feeling,Joss Lake,Future Feeling (2021),8 hrs 1 min,481,2023-03-29T13:22:00,2021-06-01,Blackstone Publishing,com.plexapp.agents.audnexus://1665111607_us?lang=en,2899,com.plexapp.agents.audnexus://B09479V4XP?lang=en
8958,8959,Defending Jacob,Defending Jacob,William Landay,Defending Jacob (2012),14 hrs 40 mins,880,2026-01-10T13:49:12,2012-01-31,"Blackstone Audio, Inc.",com.plexapp.agents.audnexus://B006YD7YZ6_us?lang=en,8957,com.plexapp.agents.audnexus://B001HD0202?lang=en
4118,4119,The Unspoken Name,"The Serpent Gates Series, Book 1 - The Unspoken Name",A. K. Larkwood,The Unspoken Name (2020) [The Serpent Gates Series 1],18 hrs 38 mins,1118,2023-03-28T21:52:37,2020-02-11,Macmillan Audio,com.plexapp.agents.audnexus://1250264065_us?lang=en,4117,com.plexapp.agents.audnexus://B07R9L3XGN?lang=en
4678,4679,The Demon of Unrest,The Demon of Unrest,Erik Larson,The Demon of Unrest (2024),17 hrs 18 mins,1038,2024-05-15T20:08:54,2024-04-30,Random House Audio,com.plexapp.agents.audnexus://B0CDQNVWH1_us?lang=en,4677,com.plexapp.agents.audnexus://B000AQ6KV2?lang=en
2384,2385,Ymir,"Violet Wars, Book 2 - Ymir",Rich Larson,Ymir (2022) [Violet Wars 2],12 hrs 29 mins,749,2023-04-13T00:38:16,2022-07-12,Orbit,com.plexapp.agents.audnexus://B0B2BZ1367_us?lang=en,2383,com.plexapp.agents.audnexus://B0084FU5FI?lang=en
881,882,So Happy for You,So Happy for You,Celia Laskey,So Happy for You (2022),7 hrs 23 mins,443,2023-07-09T10:59:54,2022-06-07,Harlequin Audio,com.plexapp.agents.audnexus://B09PQN6657_us?lang=en,880,com.plexapp.agents.audnexus://B01N4VCOJS?lang=en
246,247,Lone Women,Lone Women,Victor LaValle,Lone Women (2023-03-28),9 hrs 11 mins,551,2024-01-09T15:16:50,2023-03-28,Random House Audio,com.plexapp.agents.audnexus://B0B646BHXJ_us?lang=en,245,com.plexapp.agents.audnexus://B001IXRP6U?lang=en
2643,2644,Something That May Shock and Discredit You,Something That May Shock and Discredit You,Daniel M. Lavery,Something That May Shock and Discredit You (2020),6 hrs 49 mins,409,2023-03-30T14:21:27,2020-02-11,Simon & Schuster Audio,com.plexapp.agents.audnexus://1508298661_us?lang=en,2642,com.plexapp.agents.audnexus://B0BZT8H2TC?lang=en
8090,8091,Wild Faith,Wild Faith,Talia Lavin,Wild Faith (2024),9 hrs 46 mins,586,2025-05-23T09:23:19,2024-10-15,Legacy Lit,com.plexapp.agents.audnexus://B0CWHHHFRM_us?lang=en,8089,com.plexapp.agents.audnexus://B0859LLTRY?lang=en
1319,1320,Imperfect Illusions,"Devastating Magic, Book 1 - Imperfect Illusions",Vanora Lawless,Imperfect Illusions (2022) [Devastating Magic 1],10 hrs 11 mins,611,2023-05-17T11:36:02,2023-05-12,Vanora Lawless,com.plexapp.agents.audnexus://B0C4ZZ4F3V_us?lang=en,1318,com.plexapp.agents.audnexus://B09VYV96WS?lang=en
6367,6368,The Rainbow,"Brangwen Family, Book 1 - The Rainbow",D. H. Lawrence,The Rainbow (2010) [Brangwen Family 1],18 hrs 23 mins,1103,2024-10-19T12:31:38,2010-12-27,Tantor Audio,com.plexapp.agents.audnexus://B004H61K20_us?lang=en,6366,com.plexapp.agents.audnexus://B000APYTLG?lang=en
6983,6984,Women in Love,Women in Love,D. H. Lawrence,Women in Love (2017),18 hrs 51 mins,1131,2025-02-01T18:55:50,2017-12-05,"Blackstone Audio, Inc.",com.plexapp.agents.audnexus://B073WJJ52H_us?lang=en,6366,com.plexapp.agents.audnexus://B000APYTLG?lang=en
1366,1367,Prince of Thorns,"Broken Empire, Book 1 - Prince of Thorns",Mark Lawrence,Prince of Thorns (2011) [Broken Empire 1],9 hrs 20 mins,560,2023-05-05T11:02:49,2012-06-28,Recorded Books,com.plexapp.agents.audnexus://B008EX1UOK_us?lang=en,1357,com.plexapp.agents.audnexus://B004HNAQOQ?lang=en
1364,1365,King of Thorns,"Broken Empire, Book 2 - King of Thorns",Mark Lawrence,King of Thorns (2012) [Broken Empire 2],13 hrs 31 mins,811,2023-05-05T11:03:50,2012-08-07,Recorded Books,com.plexapp.agents.audnexus://B008ROT976_us?lang=en,1357,com.plexapp.agents.audnexus://B004HNAQOQ?lang=en
1362,1363,Emperor of Thorns,"Broken Empire, Book 3 - Emperor of Thorns",Mark Lawrence,Emperor of Thorns (2013) [Broken Empire 3],13 hrs 47 mins,827,2023-05-05T11:04:41,2013-08-16,Recorded Books,com.plexapp.agents.audnexus://B00EKOLDVC_us?lang=en,1357,com.plexapp.agents.audnexus://B004HNAQOQ?lang=en
1372,1373,Prince of Fools,"Red Queen's War, Book 1 - Prince of Fools",Mark Lawrence,Prince of Fools (2014) [Red Queen's War 1],14 hrs 39 mins,879,2023-05-05T23:53:59,2014-06-03,Recorded Books,com.plexapp.agents.audnexus://B00KQ06SNW_us?lang=en,1357,com.plexapp.agents.audnexus://B004HNAQOQ?lang=en
1370,1371,The Liar's Key,"Red Queen's War, Book 2 - The Liar's Key",Mark Lawrence,The Liar's Key (2015) [Red Queen's War 2],20 hrs 5 mins,1205,2023-05-06T00:05:37,2015-06-02,Recorded Books,com.plexapp.agents.audnexus://B00YGRB72S_us?lang=en,1357,com.plexapp.agents.audnexus://B004HNAQOQ?lang=en
1368,1369,The Wheel of Osheim,"Red Queen's War, Book 3 - The Wheel of Osheim",Mark Lawrence,The Wheel of Osheim (2016) [Red Queen's War 3],17 hrs 44 mins,1064,2023-05-06T00:07:57,2016-06-07,Recorded Books,com.plexapp.agents.audnexus://B01GIRIFOQ_us?lang=en,1357,com.plexapp.agents.audnexus://B004HNAQOQ?lang=en
1360,1361,The Secret,"Single in Seattle, Book 1 - The Secret",Mark Lawrence,The Secret (2015) [Broken Empire ],29 mins,29,2023-05-06T00:08:21,2024-10-08,Ampersand Publishing Inc,com.plexapp.agents.audnexus://B0DJPVJ9BK_us?lang=en,1357,com.plexapp.agents.audnexus://B004HNAQOQ?lang=en
1358,1359,The Book That Wouldn't Burn (2023).m4b,"The Book That Wouldn&rsquo;t Burn: The Book That Wouldn&rsquo;t Burn, Book 1",Mark Lawrence,The Book That Wouldn't Burn (2023).m4b (2023),22 hrs 57 mins,1377,2023-05-11T16:15:52,2023-01-01,,local://1358,1357,com.plexapp.agents.audnexus://B004HNAQOQ?lang=en
3657,3658,Seven Pillars of Wisdom,Seven Pillars of Wisdom,T. E. Lawrence,Seven Pillars of Wisdom (),1 day 1 hr 21 mins,1521,2023-03-23T23:39:27,2012-08-07,Naxos AudioBooks,com.plexapp.agents.audnexus://B008ROT5GQ_us?lang=en,3656,com.plexapp.agents.audnexus://B000AQ4ZIC?lang=en
7568,7569,Seductive Poison,Seductive Poison,Deborah Layton,Seductive Poison (2014),14 hrs 39 mins,879,2025-04-13T08:36:25,2014-01-14,Random House Audio,com.plexapp.agents.audnexus://B00HRGFNWK_us?lang=en,7567,com.plexapp.agents.audnexus://B001IZ2KWW?lang=en
4035,4036,"Arsène Lupin, Gentleman-Burglar","Arsène Lupin, Gentleman-Burglar",Maurice Leblanc,"Arsène Lupin, Gentleman-Burglar ()",6 hrs 21 mins,381,2023-03-23T00:03:01,2020-03-13,Naxos AudioBooks,com.plexapp.agents.audnexus://178198266X_us?lang=en,4034,com.plexapp.agents.audnexus://B00713DUQK?lang=en
7521,7522,Ancillary Justice,"Imperial Radch, Book 1 - Ancillary Justice",Ann Leckie,Ancillary Justice (2018) [Imperial Radch 1],12 hrs 40 mins,760,2025-04-05T20:32:31,2018-11-13,Orbit,com.plexapp.agents.audnexus://1549174908_us?lang=en,2676,com.plexapp.agents.audnexus://B00BS14SXA?lang=en
7519,7520,Ancillary Sword,"Imperial Radch, Book 2 - Ancillary Sword",Ann Leckie,Ancillary Sword (2014) [Imperial Radch 2],11 hrs 45 mins,705,2025-04-05T20:32:21,2014-10-07,Orbit,com.plexapp.agents.audnexus://B00O5GFLRC_us?lang=en,2676,com.plexapp.agents.audnexus://B00BS14SXA?lang=en
7512,7513,Ancillary Mercy,"Imperial Radch, Book 3 - Ancillary Mercy",Ann Leckie,Ancillary Mercy (2015) [Imperial Radch 3],10 hrs 55 mins,655,2025-04-05T19:06:25,2015-10-06,Orbit,com.plexapp.agents.audnexus://B014JWUK8Q_us?lang=en,2676,com.plexapp.agents.audnexus://B00BS14SXA?lang=en
7510,7511,Provenance,Provenance,Ann Leckie,Provenance (2017),12 hrs 35 mins,755,2025-04-05T18:46:59,2017-09-26,Orbit,com.plexapp.agents.audnexus://B0753X2H1H_us?lang=en,2676,com.plexapp.agents.audnexus://B00BS14SXA?lang=en
2677,2678,The Raven Tower,The Raven Tower,Ann Leckie,The Raven Tower (2019),12 hrs 2 mins,722,2023-03-30T01:01:07,2019-02-26,Orbit,com.plexapp.agents.audnexus://B07L5Z7N2S_us?lang=en,2676,com.plexapp.agents.audnexus://B00BS14SXA?lang=en
7508,7509,Translation State,Translation State,Ann Leckie,Translation State (2023),12 hrs 4 mins,724,2025-04-05T08:49:12,2023-06-06,Orbit,com.plexapp.agents.audnexus://B0BJ4GXG7B_us?lang=en,2676,com.plexapp.agents.audnexus://B00BS14SXA?lang=en
1803,1804,Jade City,"The Green Bone Saga, Book 1 - Jade City",Fonda Lee,Jade City (2017) [The Green Bone Saga 1],19 hrs 7 mins,1147,2023-04-23T00:35:01,2017-11-07,Orbit,com.plexapp.agents.audnexus://B0771W7K2Z_us?lang=en,1796,com.plexapp.agents.audnexus://B00PBKZZHM?lang=en
1799,1800,Jade War,"The Green Bone Saga, Book 2 - Jade War",Fonda Lee,Jade War (2019) [The Green Bone Saga 2],1 day 5 mins,1445,2023-04-23T00:43:11,2019-07-23,Orbit,com.plexapp.agents.audnexus://1549126768_us?lang=en,1796,com.plexapp.agents.audnexus://B00PBKZZHM?lang=en
1801,1802,Jade Legacy,"The Green Bone Saga, Book 3 - Jade Legacy",Fonda Lee,Jade Legacy (2021) [The Green Bone Saga 3],1 day 4 hrs 30 mins,1710,2023-04-23T00:38:05,2021-11-30,Orbit,com.plexapp.agents.audnexus://B09GL39LTP_us?lang=en,1796,com.plexapp.agents.audnexus://B00PBKZZHM?lang=en
1797,1798,Untethered Sky,Untethered Sky,Fonda Lee,Untethered Sky (2023),3 hrs 59 mins,239,2023-04-26T22:00:43,2023-04-25,Recorded Books,com.plexapp.agents.audnexus://B0C2FFM9DQ_us?lang=en,1796,com.plexapp.agents.audnexus://B00PBKZZHM?lang=en
7723,7724,Acid Dreams,Acid Dreams,"Martin A. Lee, Bruce Shlain",Acid Dreams (2014),14 hrs 46 mins,886,2025-05-09T01:38:20,2014-05-13,Audible Studios,com.plexapp.agents.audnexus://B00JIYMWKK_us?lang=en,7722,com.plexapp.agents.audnexus://B000APS926?lang=en
4401,4402,Why We Read,Why We Read,Shannon Reed,Why We Read (2024),8 hrs 55 mins,535,2024-04-18T10:00:33,2024-02-06,Harlequin Audio,com.plexapp.agents.audnexus://B0CHK1JT57_us?lang=en,4400,com.plexapp.agents.audnexus://B08BP1PW2B?lang=en
1641,1642,The Silver Metal Lover,"Silver Metal Lover Series, Book 1 - The Silver Metal Lover",Tanith Lee,The Silver Metal Lover (1981) [Silver Metal Lover Series 1],10 hrs 59 mins,659,2023-04-30T21:34:30,2019-06-12,Tantor Audio,com.plexapp.agents.audnexus://163015315X_us?lang=en,1640,com.plexapp.agents.audnexus://B000AQ2UYS?lang=en
5885,5886,Night’s Master,"Tales From the Flat Earth, Book 1 - Night’s Master",Tanith Lee,Night's Master (2012) [Tales From the Flat Earth 1],8 hrs 29 mins,509,2024-09-09T21:00:33,2012-03-06,Audible Studios,com.plexapp.agents.audnexus://B007CLYUT2_us?lang=en,1640,com.plexapp.agents.audnexus://B000AQ2UYS?lang=en
6309,6310,Death's Master,"Tales From the Flat Earth, Book 2 - Death's Master",Tanith Lee,Death's Master (2012) [Tales From the Flat Earth 2],16 hrs 44 mins,1004,2024-10-11T02:02:44,2012-03-06,Audible Studios,com.plexapp.agents.audnexus://B007CMDIJ4_us?lang=en,1640,com.plexapp.agents.audnexus://B000AQ2UYS?lang=en
6338,6339,Delusion’s Master,"Tales From the Flat Earth, Book 3 - Delusion’s Master",Tanith Lee,Delusion’s Master (2012) [Tales From the Flat Earth 3],8 hrs 31 mins,511,2024-10-17T09:40:37,2012-03-06,Audible Studios,com.plexapp.agents.audnexus://B0077DRPBK_us?lang=en,1640,com.plexapp.agents.audnexus://B000AQ2UYS?lang=en
6307,6308,Delirium's Mistress,"Tales From the Flat Earth, Book 4 - Delirium's Mistress",Tanith Lee,Delirium's Mistress (2012) [Tales From the Flat Earth 4],17 hrs 6 mins,1026,2024-10-11T02:02:33,2012-03-06,Audible Studios,com.plexapp.agents.audnexus://B007CMDYS4_us?lang=en,1640,com.plexapp.agents.audnexus://B000AQ2UYS?lang=en
6311,6312,Night’s Sorceries,"Tales From the Flat Earth, Book 5 - Night’s Sorceries",Tanith Lee,Night&rsquo;s Sorceries (2012) [Tales From the Flat Earth 5],11 hrs 29 mins,689,2024-10-11T02:10:17,2012-03-06,Audible Studios,com.plexapp.agents.audnexus://B007GC78KK_us?lang=en,1640,com.plexapp.agents.audnexus://B000AQ2UYS?lang=en
1746,1747,The Fever King,"Feverwake, Book 1 - The Fever King",Victoria Lee,The Fever King (2019) [Feverwake 1],13 hrs 32 mins,812,2023-04-28T00:23:33,2019-03-01,Brilliance Audio,com.plexapp.agents.audnexus://1721336281_us?lang=en,1745,com.plexapp.agents.audnexus://B07F2NY5SY?lang=en
1786,1787,Ninefox Gambit,"Machineries of Empire, Book 1 - Ninefox Gambit",Yoon Ha Lee,Ninefox Gambit (2016) [Machineries of Empire 1],10 hrs 52 mins,652,2023-03-29T14:24:51,2016-06-14,Recorded Books,com.plexapp.agents.audnexus://B01GIOKF3S_us?lang=en,1779,com.plexapp.agents.audnexus://B00IORCR7U?lang=en
1784,1785,Raven Stratagem,"Machineries of Empire, Book 2 - Raven Stratagem",Yoon Ha Lee,Raven Stratagem (2016) [Machineries of Empire 2],13 hrs 39 mins,819,2023-04-27T15:14:34,2017-06-13,Recorded Books,com.plexapp.agents.audnexus://B072JV8KMX_us?lang=en,1779,com.plexapp.agents.audnexus://B00IORCR7U?lang=en
1782,1783,Revenant Gun,"Machineries of Empire, Book 3 - Revenant Gun",Yoon Ha Lee,Revenant Gun (2018) [Machineries of Empire 3],14 hrs 24 mins,864,2023-04-27T15:16:39,2018-06-12,Recorded Books,com.plexapp.agents.audnexus://B07DLGK6LR_us?lang=en,1779,com.plexapp.agents.audnexus://B00IORCR7U?lang=en
1780,1781,Phoenix Extravagant,Phoenix Extravagant,Yoon Ha Lee,Phoenix Extravagant (2020),10 hrs 7 mins,607,2023-04-27T15:27:14,2020-10-20,Recorded Books,com.plexapp.agents.audnexus://1980036411_us?lang=en,1779,com.plexapp.agents.audnexus://B00IORCR7U?lang=en
1034,1035,Sawkill Girls,Sawkill Girls,Claire Legrand,Sawkill Girls (2018),12 hrs 59 mins,779,2023-06-23T16:36:42,2018-10-02,HarperCollins,com.plexapp.agents.audnexus://B07FHKGB49_us?lang=en,1033,com.plexapp.agents.audnexus://B00BK4SDMC?lang=en
4032,4033,Swords and Deviltry,"Fafhrd and the Grey Mouser, Book 1 - Swords and Deviltry",Fritz Leiber,Swords and Deviltry () [Fafhrd and the Grey Mouser 1],7 hrs 38 mins,458,2023-03-23T00:04:52,2008-08-12,Audible Studios,com.plexapp.agents.audnexus://B002VA9GLG_us?lang=en,4031,com.plexapp.agents.audnexus://B000APW3UA?lang=en
305,306,Fiasco,Fiasco,Stanislaw Lem,Fiasco (2009-11-24),14 hrs 41 mins,881,2023-12-19T06:58:50,2009-11-24,Audible Studios,com.plexapp.agents.audnexus://B0036JPY80_us?lang=en,319,com.plexapp.agents.audnexus://B000AQ3P7Y?lang=en
307,308,His Master's Voice,His Master's Voice,Stanislaw Lem,His Master's Voice (2009-11-24),9 hrs 18 mins,558,2023-12-19T06:58:48,2009-11-24,Audible Studios,com.plexapp.agents.audnexus://B0036JSWSO_us?lang=en,319,com.plexapp.agents.audnexus://B000AQ3P7Y?lang=en
314,315,Memoirs Found in a Bathtub,Memoirs Found in a Bathtub,Stanislaw Lem,Memoirs Found in a Bathtub (2009-11-25),7 hrs 4 mins,424,2023-12-14T21:00:47,2009-11-25,Audible Studios,com.plexapp.agents.audnexus://B0036G5BSQ_us?lang=en,319,com.plexapp.agents.audnexus://B000AQ3P7Y?lang=en
301,302,Mortal Engines,Mortal Engines,Stanislaw Lem,Mortal Engines (2012-08-27),8 hrs 31 mins,511,2023-12-19T06:58:55,2012-08-27,Audible Studios,com.plexapp.agents.audnexus://B0091ZB5C2_us?lang=en,319,com.plexapp.agents.audnexus://B000AQ3P7Y?lang=en
317,318,Peace on Earth,Peace on Earth,Stanislaw Lem,Peace on Earth (2012-08-27),7 hrs 45 mins,465,2023-12-19T06:58:45,2012-08-27,Audible Studios,com.plexapp.agents.audnexus://B0091ZB53Q_us?lang=en,319,com.plexapp.agents.audnexus://B000AQ3P7Y?lang=en
323,324,Return from the Stars,Return from the Stars,Stanislaw Lem,Return from the Stars (2012-09-04),9 hrs 41 mins,581,2023-12-19T06:58:37,2012-09-04,Audible Studios,com.plexapp.agents.audnexus://B00937TKXE_us?lang=en,319,com.plexapp.agents.audnexus://B000AQ3P7Y?lang=en
320,321,Solaris,Solaris,Stanislaw Lem,Solaris (2011-06-07),7 hrs 46 mins,466,2023-12-19T06:58:40,2011-06-07,Audible Studios,com.plexapp.agents.audnexus://B0053ZT602_us?lang=en,319,com.plexapp.agents.audnexus://B000AQ3P7Y?lang=en
303,304,The Cyberiad,The Cyberiad,Stanislaw Lem,The Cyberiad (2012-08-27),9 hrs 35 mins,575,2023-12-19T06:58:53,2012-08-27,Audible Studios,com.plexapp.agents.audnexus://B008YM1H9O_us?lang=en,319,com.plexapp.agents.audnexus://B000AQ3P7Y?lang=en
312,313,The Futurological Congress,The Futurological Congress,Stanislaw Lem,The Futurological Congress (2012-08-27),4 hrs 50 mins,290,2023-12-14T21:03:29,2012-08-27,Audible Studios,com.plexapp.agents.audnexus://B008YM1LT0_us?lang=en,319,com.plexapp.agents.audnexus://B000AQ3P7Y?lang=en
309,310,The Star Diaries,The Star Diaries,Stanislaw Lem,The Star Diaries (2012-08-27),9 hrs 36 mins,576,2023-12-19T06:58:43,2012-08-27,Audible Studios,com.plexapp.agents.audnexus://B00915F0DC_us?lang=en,319,com.plexapp.agents.audnexus://B000AQ3P7Y?lang=en
2061,2062,The Four Profound Weaves,The Four Profound Weaves,R.B. Lemberg,The Four Profound Weaves (2020),5 hrs 2 mins,302,2023-04-22T14:16:11,2020-11-17,Tantor Audio,com.plexapp.agents.audnexus://1705258646_us?lang=en,2060,com.plexapp.agents.audnexus://B0836ZXJDZ?lang=en
1179,1180,Bad Gays,Bad Gays,"Huw Lemmey, Ben Miller",Bad Gays (2022),13 hrs 32 mins,812,2023-06-13T13:16:21,2022-07-19,Tantor Audio,com.plexapp.agents.audnexus://B0B6WV9MYH_us?lang=en,1178,com.plexapp.agents.audnexus://B09G792STW?lang=en
8084,8085,Imperialism the Highest Stage of Capitalism,Imperialism the Highest Stage of Capitalism,Vladimir Ilich Lenin,Imperialism the Highest Stage of Capitalism (2021),4 hrs 19 mins,259,2025-05-23T00:13:44,2021-03-05,"Echo Point Books & Media, LLC",com.plexapp.agents.audnexus://B08XZVZBFT_us?lang=en,8083,com.plexapp.agents.audnexus://B00AM875BW?lang=en
1340,1341,Felix and the Prince,"Forever Wilde Novels, Book 2 - Felix and the Prince",Lucy Lennox,Felix and the Prince (2018) [Forever Wilde Novels 2],9 hrs 8 mins,548,2023-05-12T15:30:26,2018-01-26,Lucy Lennox,com.plexapp.agents.audnexus://B07996GBBN_us?lang=en,1339,com.plexapp.agents.audnexus://B01N0IOYPT?lang=en
1342,1343,The Billionaire's Valet,The Billionaire's Valet,Lucy Lennox,The Billionaire's Valet (2022),1 hr 5 mins,65,2023-05-12T14:59:33,2023-05-10,Lucy Lennox LLC,com.plexapp.agents.audnexus://B0C4VB4YBD_us?lang=en,1339,com.plexapp.agents.audnexus://B01N0IOYPT?lang=en
784,785,Mastery,Mastery,George Leonard,Mastery (1991),3 hrs 37 mins,217,2023-07-25T14:32:26,2012-11-13,Penguin Audio,com.plexapp.agents.audnexus://B00A4OPH0U_us?lang=en,783,com.plexapp.agents.audnexus://B001HCV9VO?lang=en
3226,3227,Zero Fail,Zero Fail,Carol Leonnig,Zero Fail (2021),20 hrs 27 mins,1227,2023-03-28T15:38:36,2021-05-18,Random House Audio,com.plexapp.agents.audnexus://0593412109_us?lang=en,3225,com.plexapp.agents.audnexus://B083JKWH8N?lang=en
7373,7374,"Re: Colonized Planet 5, Shikasta","Canopus in Argos: Archives 1: Re: Colonized Planet 5, Shikasta",Doris Lessing,"Re Colonized Planet 5, Shikasta (1979) [Canopus in Argos Archives 1]",14 hrs 25 mins,865,2025-03-18T12:25:32,1979-01-01,,local://7373,5543,com.plexapp.agents.audnexus://B000APSMBE?lang=en
7377,7378,"The Marriages Between Zones 3, 4 & 5","Canopus in Argos: Archives 2: The Marriages Between Zones 3, 4 & 5",Doris Lessing,"The Marriages Between Zones 3, 4 & 5 (1980) [Canopus in Argos Archives 2]",11 hrs 31 mins,691,2025-03-18T12:25:33,1980-01-01,,local://7377,5543,com.plexapp.agents.audnexus://B000APSMBE?lang=en
7381,7382,The Sirian Experiments,Canopus in Argos: Archives 3: The Sirian Experiments,Doris Lessing,The Sirian Experiments (1980) [Canopus in Argos Archives 3],13 hrs 59 mins,839,2025-03-18T12:25:34,1980-01-01,,local://7381,5543,com.plexapp.agents.audnexus://B000APSMBE?lang=en
7375,7376,Making the Representative for Planet 8,Canopus in Argos: Archives 4: Making the Representative for Planet 8,Doris Lessing,Making the Representative for Planet 8 (1982) [Canopus in Argos Archives 4],7 hrs 18 mins,438,2025-03-18T12:25:33,1982-03-18,,local://7375,5543,com.plexapp.agents.audnexus://B000APSMBE?lang=en
7379,7380,The Sentimental Agents,Canopus in Argos: Archives 5: The Sentimental Agents,Doris Lessing,The Sentimental Agents (1983) [Canopus in Argos Archives 5],7 hrs 27 mins,447,2025-03-18T12:25:33,1983-01-01,,local://7379,5543,com.plexapp.agents.audnexus://B000APSMBE?lang=en
7109,7110,As She Climbed Across the Table,As She Climbed Across the Table,Jonathan Lethem,As She Climbed Across the Table (2007),5 hrs 45 mins,345,2025-02-24T23:01:52,2007-09-12,Random House Audio,com.plexapp.agents.audnexus://B002V1PJXO_us?lang=en,7108,com.plexapp.agents.audnexus://B000AQ4KI2?lang=en
7122,7123,Girl in Landscape,Girl in Landscape,Jonathan Lethem,Girl in Landscape (2007),6 hrs 43 mins,403,2025-02-24T23:14:54,2007-08-15,Random House Audio,com.plexapp.agents.audnexus://B002V1C85G_us?lang=en,7108,com.plexapp.agents.audnexus://B000AQ4KI2?lang=en
7120,7121,The Arrest,The Arrest,Jonathan Lethem,The Arrest (2020),7 hrs 33 mins,453,2025-02-24T23:14:47,2022-01-13,W. F. Howes Ltd.,com.plexapp.agents.audnexus://B09NRXX7BW_us?lang=en,7108,com.plexapp.agents.audnexus://B000AQ4KI2?lang=en
7667,7668,Money for Nothing,Money for Nothing,Thomas Levenson,Money for Nothing (2020),6 hrs 43 mins,403,2025-05-03T17:47:26,2020-08-18,Random House Audio,com.plexapp.agents.audnexus://0593209974_us?lang=en,7666,com.plexapp.agents.audnexus://B001HCU6CW?lang=en
4029,4030,Bubblegum,Bubblegum,Adam Levin,Bubblegum (2020),1 day 15 hrs 9 mins,2349,2023-03-23T00:05:34,2020-04-14,Random House Audio,com.plexapp.agents.audnexus://0593169336_us?lang=en,4028,com.plexapp.agents.audnexus://B004G26DU4?lang=en
4026,4027,The Man Who Saw Everything,The Man Who Saw Everything,Deborah Levy,The Man Who Saw Everything (2019),6 hrs,360,2023-03-23T00:05:49,2019-10-15,Recorded Books,com.plexapp.agents.audnexus://1980066841_us?lang=en,4025,com.plexapp.agents.audnexus://B01CIK39SO?lang=en
5376,5377,Out of the Silent Planet,"Ransom Trilogy, Book 1 - Out of the Silent Planet",C. S. Lewis,Out of the Silent Planet (2001) [Ransom Trilogy 1],5 hrs 51 mins,351,2024-07-19T22:59:43,2001-02-27,"Blackstone Audio, Inc.",com.plexapp.agents.audnexus://B002VA9SHI_us?lang=en,5375,com.plexapp.agents.audnexus://B000APXBPG?lang=en
5378,5379,Perelandra,"Ransom Trilogy, Book 2 - Perelandra",C. S. Lewis,Perelandra (2005) [Ransom Trilogy 2],8 hrs 15 mins,495,2024-07-19T23:00:43,2005-05-13,"Blackstone Audio, Inc.",com.plexapp.agents.audnexus://B002V5B5YC_us?lang=en,5375,com.plexapp.agents.audnexus://B000APXBPG?lang=en
5380,5381,That Hideous Strength,"Ransom Trilogy, Book 3 - That Hideous Strength",C. S. Lewis,That Hideous Strength (2005) [Ransom Trilogy 3],15 hrs 39 mins,939,2024-07-19T23:05:27,2005-05-13,"Blackstone Audio, Inc.",com.plexapp.agents.audnexus://B002V8HJ1C_us?lang=en,5375,com.plexapp.agents.audnexus://B000APXBPG?lang=en
6453,6454,The Screwtape Letters,"Screwtape, Book 1 - The Screwtape Letters",C. S. Lewis,The Screwtape Letters (2012) [Screwtape 1],4 hrs,240,2024-10-31T19:06:32,2006-09-01,"Blackstone Audio, Inc.",com.plexapp.agents.audnexus://B002V8DJ16_us?lang=en,5375,com.plexapp.agents.audnexus://B000APXBPG?lang=en
8914,8915,The Manor of Dreams,The Manor of Dreams,Christina Li,The Manor of Dreams (2025),12 hrs 3 mins,723,2026-01-03T10:00:10,2025-05-06,Simon & Schuster Audio,com.plexapp.agents.audnexus://B0D8JRYGTT_us?lang=en,8913,com.plexapp.agents.audnexus://B087C6KHHT?lang=en
1150,1151,Portrait of a Thief,Portrait of a Thief,Grace D. Li,Portrait of a Thief (2022),11 hrs 10 mins,670,2023-06-15T21:17:17,2022-04-05,Penguin Audio,com.plexapp.agents.audnexus://059351095X_us?lang=en,1149,com.plexapp.agents.audnexus://B099X9FPS7?lang=en
2355,2356,Going Public,"Jade Harbour Capital, Book 2 - Going Public",Hudson Lin,Going Public (2022) [Jade Harbour Capital 2],8 hrs 9 mins,489,2023-04-13T23:09:57,2022-03-29,Recorded Books,com.plexapp.agents.audnexus://B09K4P1MTX_us?lang=en,2354,com.plexapp.agents.audnexus://B07B6RKS72?lang=en
269,270,A Magic Steeped in Poison,"The Book of Tea, Book 1 - A Magic Steeped in Poison",Judy I. Lin,A Magic Steeped in Poison (2022-03-29) [The Book of Tea 1],11 hrs 12 mins,672,2024-01-09T15:15:12,2022-03-29,Listening Library,com.plexapp.agents.audnexus://059355650X_us?lang=en,266,com.plexapp.agents.audnexus://B094K1GHZD?lang=en
267,268,A Venom Dark and Sweet,"The Book of Tea, Book 2 - A Venom Dark and Sweet",Judy I. Lin,A Venom Dark and Sweet (2022-08-23) [The Book of Tea 2],10 hrs 45 mins,645,2024-01-09T15:15:17,2022-08-23,Listening Library,com.plexapp.agents.audnexus://B09MVB6XCC_us?lang=en,266,com.plexapp.agents.audnexus://B094K1GHZD?lang=en
2001,2002,A Voyage to Arcturus,A Voyage to Arcturus,David Lindsay,A Voyage to Arcturus (2017),12 hrs 17 mins,737,2023-04-23T01:19:56,2025-07-03,Naxos AudioBooks,com.plexapp.agents.audnexus://B0FGK43LKQ_us?lang=en,2000,com.plexapp.agents.audnexus://B00K2CBSSY?lang=en
118,119,The Book of Love,The Book of Love,Kelly Link,The Book of Love (2024),23 hrs 32 mins,1412,2024-02-24T12:18:59,2024-02-13,Random House Audio,com.plexapp.agents.audnexus://B0C6YKWMKF_us?lang=en,117,com.plexapp.agents.audnexus://B001ITXK72?lang=en
243,244,Pride and Prejudice and Pittsburgh,Pride and Prejudice and Pittsburgh,Rachael Lippincott,"Orgullo, prejuicio, tú y yo [Pride and Prejudice and Pittsburgh] (2023)",8 hrs 13 mins,493,2024-01-21T21:09:30,2023-08-29,Simon & Schuster Audio,com.plexapp.agents.audnexus://B0BSB4YVBB_us?lang=en,242,com.plexapp.agents.audnexus://B07L85YF46?lang=en
255,256,She Gets the Girl,She Gets the Girl,Rachael Lippincott,She Gets the Girl (2022-04-05),8 hrs 15 mins,495,2024-01-09T15:16:23,2022-04-05,Simon & Schuster Audio,com.plexapp.agents.audnexus://1797136208_us?lang=en,242,com.plexapp.agents.audnexus://B07L85YF46?lang=en
7655,7656,The Dirty Tricks Department,The Dirty Tricks Department,John Lisle,The Dirty Tricks Department (2023),8 hrs 2 mins,482,2025-05-03T17:03:38,2023-03-07,Macmillan Audio,com.plexapp.agents.audnexus://B09YHZKL7W_us?lang=en,7654,com.plexapp.agents.audnexus://B0BCC93C3F?lang=en
4023,4024,The Day of Atonement,"Benjamin Weaver, Book 4 - The Day of Atonement",David Liss,The Day of Atonement (2014),12 hrs 8 mins,728,2023-03-23T00:06:05,2014-09-24,Recorded Books,com.plexapp.agents.audnexus://B00NT9D54M_us?lang=en,4018,com.plexapp.agents.audnexus://B001IZVA82?lang=en
4021,4022,The Peculiarities,The Peculiarities,David Liss,The Peculiarities (2021),15 hrs 14 mins,914,2023-03-23T00:06:23,2021-09-07,Tantor Audio,com.plexapp.agents.audnexus://B09DR2BF2K_us?lang=en,4018,com.plexapp.agents.audnexus://B001IZVA82?lang=en
4019,4020,The Twelfth Enchantment,The Twelfth Enchantment,David Liss,The Twelfth Enchantment (2011),14 hrs 20 mins,860,2023-03-23T00:06:41,2011-08-09,Brilliance Audio,com.plexapp.agents.audnexus://B005FR6JE4_us?lang=en,4018,com.plexapp.agents.audnexus://B001IZVA82?lang=en
9324,9325,Killers of Roe,Killers of Roe,Amy Littlefield,Killers of Roe (2026),9 hrs 46 mins,586,2026-04-08T11:25:28,2026-03-10,Legacy Lit,com.plexapp.agents.audnexus://B0FH5QRTPV_us?lang=en,9323,com.plexapp.agents.audnexus://B0GSGHSXN5?lang=en
332,333,Death's End,"The Remembrance of Earth's Past, Book 3 - Death's End",Cixin Liu,Death's End (2018-12-22) [The Three-Body Problem Series 3],1 day 5 hrs 12 mins,1752,2023-12-14T21:13:22,2016-09-20,Macmillan Audio,com.plexapp.agents.audnexus://B01LW7OXWP_us?lang=en,331,com.plexapp.agents.audnexus://B007JP96JU?lang=en
7587,7588,"If Found, Return to Hell","If Found, Return to Hell",Em X. Liu,"If Found, Return to Hell (2023)",4 hrs 40 mins,280,2025-04-21T21:54:13,2023-12-05,Tantor Media,com.plexapp.agents.audnexus://B0CNQMLSJ4_us?lang=en,417,com.plexapp.agents.audnexus://B0C7H8JT6N?lang=en
418,419,The Death I Gave Him,The Death I Gave Him,Em X. Liu,The Death I Gave Him (2023),10 hrs 13 mins,613,2023-10-31T13:24:06,2023-09-12,Recorded Books,com.plexapp.agents.audnexus://B0CBNC7VCG_us?lang=en,417,com.plexapp.agents.audnexus://B0C7H8JT6N?lang=en
8616,8617,The Grace of Kings,"The Dandelion Dynasty, Book 1 - The Grace of Kings",Ken Liu,01 The Grace of Kings,21 hrs 37 mins,1297,2025-09-05T15:04:45,2015-04-07,Simon & Schuster Audio,com.plexapp.agents.audnexus://B00V3T6NW6_us?lang=en,8615,com.plexapp.agents.audnexus://B004GSTA80?lang=en
8618,8619,The Wall of Storms,"The Dandelion Dynasty, Book 2 - The Wall of Storms",Ken Liu,02 The Wall of Storms,1 day 4 hrs 58 mins,1738,2025-09-05T15:04:46,2016-10-04,Simon & Schuster Audio,com.plexapp.agents.audnexus://B01LZIQE8Z_us?lang=en,8615,com.plexapp.agents.audnexus://B004GSTA80?lang=en
8620,8621,The Veiled Throne,"The Dandelion Dynasty, Book 3 - The Veiled Throne",Ken Liu,03 The Veiled Throne,1 day 14 hrs 37 mins,2317,2025-09-05T15:04:46,2021-12-07,Simon & Schuster Audio,com.plexapp.agents.audnexus://1797112007_us?lang=en,8615,com.plexapp.agents.audnexus://B004GSTA80?lang=en
8723,8724,The Two Hundred Years War,The Two Hundred Years War,Dr Michael Livingston,The Two Hundred Years War (2025),19 hrs 21 mins,1161,2025-11-14T09:48:24,2025-10-09,Apollo,com.plexapp.agents.audnexus://B0FSSSBKVJ_us?lang=en,8722,com.plexapp.agents.audnexus://B004YU0CLE?lang=en
2196,2197,Measurement,Measurement,Paul Lockhart,Measurement (2012),9 hrs 17 mins,557,2023-04-18T22:59:02,2019-09-18,Tantor Media,com.plexapp.agents.audnexus://1515942805_us?lang=en,2195,com.plexapp.agents.audnexus://B0024JEH2W?lang=en
1286,1287,No One Is Talking About This,No One Is Talking About This,Patricia Lockwood,No One Is Talking About This (2021),4 hrs 44 mins,284,2023-06-01T15:23:18,2021-02-16,Penguin Audio,com.plexapp.agents.audnexus://0593395247_us?lang=en,1285,com.plexapp.agents.audnexus://B009JWA0Y6?lang=en
5533,5534,The Palestine Laboratory,The Palestine Laboratory,Antony Loewenstein,The Palestine Laboratory (2024),10 hrs,600,2024-08-07T11:22:58,2024-07-11,W. F. Howes Ltd.,com.plexapp.agents.audnexus://B0D4FH5JNH_us?lang=en,5532,com.plexapp.agents.audnexus://B002NBHF7A?lang=en
1301,1302,Raw Dog,Raw Dog,Jamie Loftus,Raw Dog (2023),9 hrs 39 mins,579,2023-05-31T16:50:26,2023-05-23,Macmillan Audio,com.plexapp.agents.audnexus://B0BG3N39G4_us?lang=en,1300,com.plexapp.agents.audnexus://B0C4VWYBFT?lang=en
5124,5125,The Silverblood Promise,"The Last Legacy, Book 1 - The Silverblood Promise",James Logan,The Silverblood Promise (2024) [The Last Legacy 1],17 hrs 2 mins,1022,2024-06-19T13:38:14,2024-05-07,Macmillan Audio,com.plexapp.agents.audnexus://B0CKM6JHDR_us?lang=en,5123,com.plexapp.agents.audnexus://B07H6ZGP6W?lang=en
6321,6322,Ultra 85,Ultra 85,Logic,Ultra 85 (2024),8 hrs 10 mins,490,2024-10-14T17:51:21,2024-09-17,Simon & Schuster Audio,com.plexapp.agents.audnexus://B0CXTWB9GR_us?lang=en,6320,local://6320
8348,8349,Abyssal Archive,Abyssal Archive,Lokey,Abyssal Archive (2024),19 hrs 2 mins,1142,2025-08-17T23:15:20,2024-03-20,Tune & Fairweather,com.plexapp.agents.audnexus://B0CYM93ZF8_us?lang=en,8347,local://8347
4016,4017,After Dark with the Duke,"The Palace of Rogues, Book 4 - After Dark with the Duke",Julie Anne Long,After Dark with the Duke (2021) [The Palace of Rogues 4],9 hrs 12 mins,552,2023-03-23T00:07:04,2021-11-30,HarperAudio,com.plexapp.agents.audnexus://0063044161_us?lang=en,4015,com.plexapp.agents.audnexus://B001IODKFE?lang=en
669,670,The Burgundians A Vanished Empire,The Burgundians A Vanished Empire: A History of 1111 Years and One Day,"Bart van Loo, Nancy Forest-Flier - translator",The Burgundians A Vanished Empire (2023),21 hrs 13 mins,1273,2023-09-02T12:24:48,2023-01-01,,local://669,668,com.plexapp.agents.audnexus://B00EQQOUEG?lang=en
8075,8076,A History of America in Ten Strikes,A History of America in Ten Strikes,Erik Loomis,A History of America in Ten Strikes (2019),9 hrs 18 mins,558,2025-05-21T09:37:16,2019-03-05,Brilliance Audio,com.plexapp.agents.audnexus://1721340149_us?lang=en,8074,com.plexapp.agents.audnexus://B00PBDN4EA?lang=en
993,994,The Best of All Possible Worlds,The Best of All Possible Worlds,Karen Lord,The Best of All Possible Worlds (2013),10 hrs 40 mins,640,2023-07-03T12:49:11,2023-07-11,Random House Audio,com.plexapp.agents.audnexus://B0C6B4T6S7_us?lang=en,992,com.plexapp.agents.audnexus://B0033AORVW?lang=en
5216,5217,This is Our Undoing,This is Our Undoing,Lorraine Wilson,This is Our Undoing (2023),13 hrs 49 mins,829,2024-07-02T14:22:12,2023-03-16,Saga Egmont,com.plexapp.agents.audnexus://B0BYF83BVF_us?lang=en,5215,local://5215
1936,1937,The Helm of Midnight,"The Five Penalties, Book 1 - The Helm of Midnight",Marina Lostetter,The Helm of Midnight (2021) [The Five Penalties 1],22 hrs 14 mins,1334,2023-04-24T15:25:42,2021-04-13,Macmillan Audio,com.plexapp.agents.audnexus://1250790182_us?lang=en,1935,com.plexapp.agents.audnexus://B00DQ0P984?lang=en
8333,8334,A Shore Thing,A Shore Thing,Joanna Lowell,A Shore Thing (2024),13 hrs 13 mins,793,2025-08-12T14:17:22,2024-06-18,Penguin Audio,com.plexapp.agents.audnexus://B0CKKQKXVT_us?lang=en,8332,com.plexapp.agents.audnexus://B01LXDJ283?lang=en
9031,9032,Entitled,Entitled,Andrew Lownie,Entitled (2025),11 hrs 40 mins,700,2026-02-20T15:45:31,2025-08-21,Blackstone Publishing,com.plexapp.agents.audnexus://B0FL2SPQDT_us?lang=en,9030,com.plexapp.agents.audnexus://B001HPC122?lang=en
798,799,The Young Elites,"The Young Elites, Book 1 - The Young Elites",Marie Lu,The Young Elites (2014) [The Young Elites 1],10 hrs 4 mins,604,2023-03-22T16:40:14,2014-10-09,Listening Library,com.plexapp.agents.audnexus://B00OAODMXO_us?lang=en,795,com.plexapp.agents.audnexus://B004SRQ1WC?lang=en
796,797,The Rose Society,"The Young Elites, Book 2 - The Rose Society",Marie Lu,The Rose Society (2015) [The Young Elites 2],11 hrs 8 mins,668,2023-03-22T16:40:30,2015-10-13,Listening Library,com.plexapp.agents.audnexus://B015P3JRBE_us?lang=en,795,com.plexapp.agents.audnexus://B004SRQ1WC?lang=en
563,564,The Story of Work,The Story of Work,Jan Lucassen,The Story of Work (2021),22 hrs 12 mins,1332,2023-09-05T21:29:24,2021-08-31,Tantor Audio,com.plexapp.agents.audnexus://1666144029_us?lang=en,562,com.plexapp.agents.audnexus://B001HPT0XU?lang=en
5994,5995,Why We Love Coffee,Why We Love Coffee,Luigi Odello,Why We Love Coffee (2024),4 hrs 10 mins,250,2024-09-21T07:18:45,2024-09-17,Tantor Audio,com.plexapp.agents.audnexus://B0DG3RKM8D_us?lang=en,5993,local://5993
4013,4014,So This Is Ever After,So This Is Ever After,F.T. Lukens,So This Is Ever After (2022),9 hrs 34 mins,574,2023-03-23T00:07:22,2022-03-29,Simon & Schuster Audio,com.plexapp.agents.audnexus://179713647X_us?lang=en,4012,com.plexapp.agents.audnexus://B06XTPSKJ3?lang=en
6605,6606,The Reformation,The Reformation,Diarmaid MacCulloch,The Reformation (2017),1 day 12 hrs 12 mins,2172,2024-12-01T21:51:56,2017-03-28,Tantor Audio,com.plexapp.agents.audnexus://B06XSKH3XV_us?lang=en,6604,com.plexapp.agents.audnexus://B001IOBNT4?lang=en
1298,1299,Lilith,Lilith,George MacDonald,Lilith (2018),10 hrs 59 mins,659,2023-05-12T23:32:23,2018-09-24,"GodSounds, Inc.",com.plexapp.agents.audnexus://B07HCP784F_us?lang=en,1297,com.plexapp.agents.audnexus://B00B5OCL66?lang=en
548,549,Prophet,Prophet,"Helen Macdonald, Sin Blaché",Prophet (2023),17 hrs 1 min,1021,2023-09-06T20:28:28,2023-08-15,Recorded Books,com.plexapp.agents.audnexus://B0C5PGRX3V_us?lang=en,547,com.plexapp.agents.audnexus://B001K8BSNO?lang=en
7053,7054,In the Dream House,In the Dream House,Carmen Maria Machado,In the Dream House (2019),5 hrs 30 mins,330,2025-02-18T21:48:40,2019-12-19,"HighBridge, a division of Recorded Books",com.plexapp.agents.audnexus://1684572797_us?lang=en,7052,com.plexapp.agents.audnexus://B06XZMXWXB?lang=en
5590,5591,In Ascension,In Ascension,Martin MacInnes,In Ascension (2024),13 hrs 38 mins,818,2024-08-16T08:03:20,2024-02-27,Audible Studios,com.plexapp.agents.audnexus://B0CQMCV6GH_us?lang=en,5589,com.plexapp.agents.audnexus://B084WLXD1M?lang=en
4659,4660,"After Virtue, Third Edition","After Virtue, Third Edition",Alasdair MacIntyre,"After Virtue, Third Edition (2018)",14 hrs 28 mins,868,2024-05-15T10:33:27,2018-03-13,"Blackstone Audio, Inc.",com.plexapp.agents.audnexus://B07B7C7K9D_us?lang=en,4658,com.plexapp.agents.audnexus://B000AQ6S8W?lang=en
6600,6601,The Siege,The Siege,Ben Macintyre,The Siege (2024),14 hrs 27 mins,867,2024-12-01T21:49:34,2024-09-10,Random House Audio,com.plexapp.agents.audnexus://B0CTNDLY1N_us?lang=en,6599,com.plexapp.agents.audnexus://B001H6WAL8?lang=en
5631,5632,The Phoenix Keeper,The Phoenix Keeper,S. A. MacLean,The Phoenix Keeper (2024),14 hrs 11 mins,851,2024-08-28T17:11:46,2024-08-13,Orbit,com.plexapp.agents.audnexus://B0CQ8XSWLM_us?lang=en,5630,com.plexapp.agents.audnexus://B0034OGNF0?lang=en
7947,7948,Paris 1919,Paris 1919,Margaret MacMillan,Paris 1919 (2005),1 day 1 hr 46 mins,1546,2025-05-15T15:53:01,2005-08-01,Recorded Books,com.plexapp.agents.audnexus://B002V5A3WM_us?lang=en,7946,com.plexapp.agents.audnexus://B00LXXFSBO?lang=en
6904,6905,Wittgenstein's Mistress,Wittgenstein's Mistress,David Markson,Wittgenstein's Mistress (2024),9 hrs 31 mins,571,2025-01-15T22:07:18,2024-08-20,Tantor Media,com.plexapp.agents.audnexus://B0DC7SJ5RH_us?lang=en,6903,com.plexapp.agents.audnexus://B01KS7XQJQ?lang=en
4010,4011,The Hike,The Hike,Drew Magary,The Hike (2016),8 hrs 5 mins,485,2023-03-23T00:07:58,2016-08-02,Brilliance Audio,com.plexapp.agents.audnexus://B01HIJ8X36_us?lang=en,4009,com.plexapp.agents.audnexus://B001JS8R52?lang=en
3628,3629,The Reincarnationist Papers,"The Reincarnationist Papers Series, Book 1 - The Reincarnationist Papers",D. Eric Maikranz,The Reincarnationist Papers (2021) [The Reincarnationist Papers Series 1],13 hrs 18 mins,798,2023-03-23T23:50:59,2021-05-04,Blackstone Publishing,com.plexapp.agents.audnexus://1094154679_us?lang=en,3627,com.plexapp.agents.audnexus://B00JB0IMOQ?lang=en
6947,6948,The Drowned City,"Daniel Pursglove, Book 1 - The Drowned City",K. J. Maitland,The Drowned City (2021) [Daniel Pursglove 1],16 hrs 55 mins,1015,2025-01-23T22:08:47,2021-04-01,Review,com.plexapp.agents.audnexus://1472235975_us?lang=en,6946,com.plexapp.agents.audnexus://B094M3VDV5?lang=en
2367,2368,I Have Some Questions for You,I Have Some Questions for You,Rebecca Makkai,I Have Some Questions for You (2023),14 hrs 4 mins,844,2023-04-13T01:08:29,2023-02-21,Penguin Audio,com.plexapp.agents.audnexus://B0B6227QG6_us?lang=en,2366,com.plexapp.agents.audnexus://B004GZJEM0?lang=en
6760,6761,Beyond Apollo,Beyond Apollo,Barry N. Malzberg,Beyond Apollo (2013),6 hrs 9 mins,369,2025-01-03T08:55:33,2013-04-01,Audible Studios,com.plexapp.agents.audnexus://B00BQ0Q1OC_us?lang=en,6757,com.plexapp.agents.audnexus://B001HOHKU6?lang=en
6758,6759,Galaxies,Galaxies,Barry N. Malzberg,Galaxies (2013),5 hrs 26 mins,326,2025-01-03T08:42:25,2013-04-01,Audible Studios,com.plexapp.agents.audnexus://B00BQLI1VW_us?lang=en,6757,com.plexapp.agents.audnexus://B001HOHKU6?lang=en
421,422,Generation Ship,Generation Ship,Michael Mammay,Generation Ship (2023),16 hrs 12 mins,972,2023-10-31T13:23:30,2023-10-17,Harper Voyager,com.plexapp.agents.audnexus://B0BSP6QR79_us?lang=en,420,com.plexapp.agents.audnexus://B078SK3RFY?lang=en
3682,3683,Sea of Tranquility,Sea of Tranquility,Emily St. John Mandel,Sea of Tranquility (2022),5 hrs 47 mins,347,2023-03-23T23:28:56,2022-04-05,Random House Audio,com.plexapp.agents.audnexus://0593551990_us?lang=en,3681,com.plexapp.agents.audnexus://B002BMMGK2?lang=en
4137,9215,Summer Sons,Summer Sons,Lee Mandelo,Summer Sons (2021),12 hrs 38 mins,758,2023-03-22T16:53:39,2021-09-28,Macmillan Audio,com.plexapp.agents.audnexus://1250826764_us?lang=en,4136,com.plexapp.agents.audnexus://B08TB1QBT5?lang=en
5363,5364,Blood on Their Hands,Blood on Their Hands,Mandy Matney,Blood on Their Hands (2023),10 hrs 37 mins,637,2024-07-17T08:08:23,2023-11-14,William Morrow,com.plexapp.agents.audnexus://B0C9VQYSP2_us?lang=en,5362,local://5362
2378,2379,Female Husbands,Female Husbands,Jen Manion,Female Husbands (2020),12 hrs 21 mins,741,2023-04-13T00:39:56,2021-02-12,Cambridge University Press,com.plexapp.agents.audnexus://1108828035_us?lang=en,2377,com.plexapp.agents.audnexus://B016ABQFEM?lang=en
4368,4369,1491,1491,Charles C. Mann,1491 (2016),11 hrs 17 mins,677,2023-03-22T12:03:15,2016-08-29,Random House Audio,com.plexapp.agents.audnexus://B01KTWQKTS_us?lang=en,4367,com.plexapp.agents.audnexus://B000AP9N94?lang=en
825,826,Bogie & Bacall,Bogie & Bacall,William J. Mann,Bogie & Bacall (2023),1 day 3 hrs 34 mins,1654,2023-07-23T11:18:37,2023-07-11,HarperAudio,com.plexapp.agents.audnexus://B0B64GV75X_us?lang=en,824,com.plexapp.agents.audnexus://B000APO9Q6?lang=en
9919,9920,Wolf Hall,"The Wolf Hall Trilogy, Book 1 - Wolf Hall",Hilary Mantel,Wolf Hall (2020) [The Wolf Hall Trilogy 1],1 day 1 hr 12 mins,1512,2026-05-07T08:55:36,2020-06-16,Macmillan Audio,com.plexapp.agents.audnexus://1250774039_us?lang=en,9918,com.plexapp.agents.audnexus://B004MO3JJO?lang=en
8993,8994,Prejudential,Prejudential,Margaret Kimberley,Prejudential (2020) [Truth to Power ],5 hrs 23 mins,323,2026-02-12T11:05:00,2020-02-04,Steerforth,com.plexapp.agents.audnexus://158642260X_us?lang=en,8992,local://8992
1716,1717,"Liar, Dreamer, Thief","Liar, Dreamer, Thief",Maria Dong,"Liar, Dreamer, Thief (2023)",10 hrs 18 mins,618,2023-04-28T10:29:00,2023-01-10,Grand Central Publishing,com.plexapp.agents.audnexus://B0B833MWSL_us?lang=en,1715,local://1715
752,8368,Assassin of Reality,"Vita Nostra, Book 2 - Assassin of Reality","Marina Dyachenko, Sergey Dyachenko",Assassin of Reality (2023) [Vita Nostra 2],10 hrs 14 mins,614,2023-07-30T10:18:29,2023-03-14,HarperAudio,com.plexapp.agents.audnexus://B0B4BQX5YB_us?lang=en,751,local://751
8315,8316,The Trauma of Everyday Life,The Trauma of Everyday Life,Mark Epstein M.D.,The Trauma of Everyday Life (2025),8 hrs 6 mins,486,2025-08-06T09:31:57,2025-01-21,Penguin Audio,com.plexapp.agents.audnexus://B0DSCFJWY6_us?lang=en,8314,local://8314
8241,8242,Elemental Logic Book 1,Elemental Logic Book 1,Laurie J. Marks,Elemental Logic Book 1 (2013),13 hrs 30 mins,810,2025-07-04T09:07:08,2013-01-01,,local://8241,8240,com.plexapp.agents.audnexus://B001HMRWMY?lang=en
7582,7583,A Crown for Cold Silver,"The Crimson Empire, Book 1 - A Crown for Cold Silver",Alex Marshall,A Crown for Cold Silver (2015) [The Crimson Empire 1],1 day 57 mins,1497,2025-04-18T00:07:55,2015-04-14,Hachette Audio,com.plexapp.agents.audnexus://B00VMY9MHK_us?lang=en,7581,com.plexapp.agents.audnexus://B075V19BMD?lang=en
7442,7443,Among the Bros,Among the Bros,Max Marshall,Among the Bros (2023),8 hrs 30 mins,510,2025-03-29T14:27:46,2023-11-07,HarperAudio,com.plexapp.agents.audnexus://B0BSS9LYXJ_us?lang=en,7441,com.plexapp.agents.audnexus://B0CM9VC7P7?lang=en
8108,8109,Your Life Is Manufactured,Your Life Is Manufactured,Tim Minshall,Your Life Is Manufactured (2025),8 hrs 18 mins,498,2025-05-23T22:19:22,2025-02-11,Faber & Faber,com.plexapp.agents.audnexus://B0DMWR6S9Q_us?lang=en,8107,com.plexapp.agents.audnexus://B00LKZ4QKE?lang=en
7060,7061,Swordcrossed,Swordcrossed,Freya Marske,Swordcrossed (2024),14 hrs 19 mins,859,2025-02-20T02:10:03,2024-10-08,Macmillan Audio,com.plexapp.agents.audnexus://B0CWB2ZYXN_us?lang=en,4004,com.plexapp.agents.audnexus://B094TL7C71?lang=en
4005,4006,A Marvellous Light,"The Last Binding, Book 1 - A Marvellous Light",Freya Marske,A Marvellous Light (2021) [The Last Binding 1],14 hrs 31 mins,871,2023-06-12T23:20:47,2021-11-02,Macmillan Audio,com.plexapp.agents.audnexus://1250824850_us?lang=en,4004,com.plexapp.agents.audnexus://B094TL7C71?lang=en
4007,4008,A Restless Truth,"The Last Binding, Book 2 - A Restless Truth",Freya Marske,A Restless Truth (2022) [The Last Binding 2],13 hrs 43 mins,823,2023-03-23T00:09:13,2022-11-01,Macmillan Audio,com.plexapp.agents.audnexus://B09Q9YM9NW_us?lang=en,4004,com.plexapp.agents.audnexus://B094TL7C71?lang=en
4002,4003,Kingdom of Liars,"The Legacy of the Mercenary King,, Book 1 - Kingdom of Liars",Nick Martell,Kingdom of Liars (2020) [Legacy of the Mercenary King 1],15 hrs 53 mins,953,2023-03-23T00:14:12,2020-05-05,Recorded Books,com.plexapp.agents.audnexus://1980003009_us?lang=en,4001,com.plexapp.agents.audnexus://B0845Q1HP2?lang=en
9270,9271,A Game of Thrones,"A Song of Ice and Fire, Book 1 - A Game of Thrones",George R. R. Martin,A Game of Thrones (2004) [A Song of Ice and Fire 1],1 day 9 hrs 47 mins,2027,2026-03-28T11:40:04,2004-01-13,Random House Audio,com.plexapp.agents.audnexus://B002UZZ93G_us?lang=en,9269,com.plexapp.agents.audnexus://B000APIGH4?lang=en
9314,9315,A Game of Thrones,"A Song of Ice and Fire, Book 1 - A Game of Thrones",George R. R. Martin,A Game of Thrones (2004) [A Song of Ice and Fire 1],1 day 7 hrs 1 min,1861,2026-03-30T16:52:41,2004-01-13,Random House Audio,com.plexapp.agents.audnexus://B002UZZ93G_us?lang=en,9269,com.plexapp.agents.audnexus://B000APIGH4?lang=en
9275,9276,A Clash of Kings,"A Song of Ice and Fire, Book 2 - A Clash of Kings",George R. R. Martin,A Clash of Kings (2004) [A Song of Ice and Fire 2],1 day 13 hrs 13 mins,2233,2026-03-28T18:59:10,2004-02-17,Random House Audio,com.plexapp.agents.audnexus://B002UZKIBO_us?lang=en,9269,com.plexapp.agents.audnexus://B000APIGH4?lang=en
9277,9278,A Storm of Swords,"A Song of Ice and Fire, Book 3 - A Storm of Swords",George R. R. Martin,A Storm of Swords (2004) [A Song of Ice and Fire 3],1 day 23 hrs 33 mins,2853,2026-03-28T19:00:40,2004-03-16,Random House Audio,com.plexapp.agents.audnexus://B0036NQ9Z8_us?lang=en,9269,com.plexapp.agents.audnexus://B000APIGH4?lang=en
9273,9274,The World of Ice &amp; Fire,The World of Ice &amp; Fire,George R. R. Martin,The World of Ice & Fire (2014) [A Song of Ice and Fire ],21 hrs 23 mins,1283,2026-03-28T18:57:55,2014-10-28,Random House Audio,com.plexapp.agents.audnexus://B00M22DPWO_us?lang=en,9269,com.plexapp.agents.audnexus://B000APIGH4?lang=en
3999,4000,A Memory Called Empire,"Teixcalaan Series, Book 1 - A Memory Called Empire",Arkady Martine,A Memory Called Empire (2019) [Teixcalaan Series 1],15 hrs 37 mins,937,2023-03-23T00:15:51,2019-03-26,Macmillan Audio,com.plexapp.agents.audnexus://1250318955_us?lang=en,3998,com.plexapp.agents.audnexus://B07CGDGVF1?lang=en
7431,7432,The Judge,Judge,Steve Martini,The Judge (1995),14 hrs 23 mins,863,2025-03-23T22:43:10,1995-01-01,,local://7431,7430,com.plexapp.agents.audnexus://B000APC0NK?lang=en
3996,3997,"A Collection of Marxist Writings The Communist Manifesto, Karl Marx&rsquo;s Wage-Labour and Capital, Friedrich Engels&rsquo; Socialism","A Collection of Marxist Writings The Communist Manifesto, Karl Marx&rsquo;s Wage-Labour and Capital, Friedrich Engels&rsquo; Socialism: Utopian and Scientific","Karl Marx, Friedrich Engels","A Collection of Marxist Writings The Communist Manifesto, Karl Marx&rsquo;s Wage-Labour and Capital, Friedrich Engels&rsquo; Socialism (2018)",5 hrs 3 mins,303,2023-03-23T00:16:07,2018-01-01,,local://3996,3995,com.plexapp.agents.audnexus://B000APMKRQ?lang=en
7530,7531,Capital: All Volumes & The Communist Manifesto,"Critique of Political Economy, Book 1-3 - Capital: All Volumes & The Communist Manifesto","Karl Marx, Friedrich Engels",Capital All Volumes & The Communist Manifesto (2023) [Critique of Political Economy 1-3],4 days 13 hrs 15 mins,6555,2025-04-07T11:45:25,2023-04-20,SNR Audio,com.plexapp.agents.audnexus://B0C1P98B8Y_us?lang=en,3995,com.plexapp.agents.audnexus://B000APMKRQ?lang=en
8955,8956,Blank Space,Blank Space,W. David Marx,Blank Space (2025),10 hrs 52 mins,652,2026-01-07T11:06:51,2025-11-18,Penguin Audio,com.plexapp.agents.audnexus://B0DZPF62FF_us?lang=en,8954,com.plexapp.agents.audnexus://B019QVD4NS?lang=en
7688,7689,Proust and the Squid,Proust and the Squid,Maryanne Wolf 	 					 Narrated by:,Proust and the Squid (2008),8 hrs 22 mins,502,2025-05-05T19:51:15,2008-01-01,,local://7688,7687,local://7687
5210,5211,The Psychology of Time Travel,The Psychology of Time Travel,Kate Mascarenhas,The Psychology of Time Travel (2020),9 hrs 4 mins,544,2024-07-02T14:18:12,2020-04-28,"Dreamscape Media, LLC",com.plexapp.agents.audnexus://1690597453_us?lang=en,5209,com.plexapp.agents.audnexus://B0166HKC6C?lang=en
5480,5481,The Address Book,The Address Book,Deirdre Mask,The Address Book (2020),8 hrs 30 mins,510,2024-07-30T16:58:09,2020-04-14,Brilliance Audio,com.plexapp.agents.audnexus://1799751783_us?lang=en,5479,com.plexapp.agents.audnexus://B0822WD3NK?lang=en
4721,4722,The Widows of Malabar Hill,"Perveen Mistry, Book 1 - The Widows of Malabar Hill",Sujata Massey,The Widows of Malabar Hill (2018) [Perveen Mistry 1],14 hrs 35 mins,875,2024-05-23T22:27:02,2018-01-09,Recorded Books,com.plexapp.agents.audnexus://B07891YCVZ_us?lang=en,4720,com.plexapp.agents.audnexus://B000APLRHK?lang=en
6808,6809,Somewhere in Time,Somewhere in Time,Richard Matheson,Somewhere in Time (2010),10 hrs 53 mins,653,2025-01-06T09:39:17,2010-12-16,"Blackstone Audio, Inc.",com.plexapp.agents.audnexus://B004DJKXD8_us?lang=en,6807,com.plexapp.agents.audnexus://B000AQ285E?lang=en
2334,2335,An Exchange of Hostages,"Jurisdiction, Book 1 - An Exchange of Hostages",Susan R. Matthews,An Exchange of Hostages (1997) [Jurisdiction 1],13 hrs 56 mins,836,2023-04-14T23:16:54,2013-02-28,Audible Studios,com.plexapp.agents.audnexus://B00BJRENBA_us?lang=en,2323,com.plexapp.agents.audnexus://B001HMSSBI?lang=en
2336,2337,Prisoner of Conscience,"Jurisdiction, Book 2 - Prisoner of Conscience",Susan R. Matthews,Prisoner of Conscience (1998) [Jurisdiction 2],11 hrs 42 mins,702,2023-04-14T22:22:16,2013-03-07,Audible Studios,com.plexapp.agents.audnexus://B00BMW0212_us?lang=en,2323,com.plexapp.agents.audnexus://B001HMSSBI?lang=en
2328,2329,Hour of Judgment,"Jurisdiction, Book 3 - Hour of Judgment",Susan R. Matthews,Hour of Judgment (1999) [Jurisdiction 3],8 hrs 56 mins,536,2023-04-14T23:17:29,2013-03-18,Audible Studios,com.plexapp.agents.audnexus://B00BQ0MVVE_us?lang=en,2323,com.plexapp.agents.audnexus://B001HMSSBI?lang=en
2332,2333,Angel of Destruction,"Jurisdiction, Book 4 - Angel of Destruction",Susan R. Matthews,Angel of Destruction (2001) [Jurisdiction 4],10 hrs 58 mins,658,2023-04-14T23:17:07,2013-03-11,Audible Studios,com.plexapp.agents.audnexus://B00BPEOQL4_us?lang=en,2323,com.plexapp.agents.audnexus://B001HMSSBI?lang=en
2326,2327,The Devil and Deep Space,"Jurisdiction, Book 5 - The Devil and Deep Space",Susan R. Matthews,The Devil and Deep Space (2002) [Jurisdiction 5],13 hrs 20 mins,800,2023-04-14T23:17:43,2013-03-22,Audible Studios,com.plexapp.agents.audnexus://B00BQ0MXIU_us?lang=en,2323,com.plexapp.agents.audnexus://B001HMSSBI?lang=en
2324,2325,Warring States,"Jurisdiction, Book 6 - Warring States",Susan R. Matthews,Warring States (2006) [Jurisdiction 6],15 hrs 37 mins,937,2023-04-14T23:17:52,2013-04-05,Audible Studios,com.plexapp.agents.audnexus://B00C4Y3QP6_us?lang=en,2323,com.plexapp.agents.audnexus://B001HMSSBI?lang=en
2330,2331,Blood Enemies,"Jurisdiction, Book 7 - Blood Enemies",Susan R. Matthews,Blood Enemies (2017) [Jurisdiction 7],10 hrs,600,2023-04-14T23:17:17,2017-04-04,Audible Studios,com.plexapp.agents.audnexus://B06XP3DGPN_us?lang=en,2323,com.plexapp.agents.audnexus://B001HMSSBI?lang=en
6748,6749,Cakes and Ale,Cakes and Ale,W. Somerset Maugham,Cakes and Ale (2011),6 hrs 38 mins,398,2024-12-31T10:37:05,2011-12-01,Recorded Books,com.plexapp.agents.audnexus://B006GEOMVC_us?lang=en,907,com.plexapp.agents.audnexus://B00B5C2NJ8?lang=en
908,909,The Magician,The Magician,W. Somerset Maugham,The Magician (2012),7 hrs 43 mins,463,2023-07-05T13:49:39,2012-11-19,Audible Studios,com.plexapp.agents.audnexus://B00A8PH762_us?lang=en,907,com.plexapp.agents.audnexus://B00B5C2NJ8?lang=en
910,911,The Moon and Sixpence,The Moon and Sixpence,W. Somerset Maugham,The Moon and Sixpence (2005),7 hrs 35 mins,455,2023-04-14T23:23:30,2005-01-14,"Blackstone Audio, Inc.",com.plexapp.agents.audnexus://B002V0K1DS_us?lang=en,907,com.plexapp.agents.audnexus://B00B5C2NJ8?lang=en
5592,5593,Then and Now,Then and Now,W. Somerset Maugham,Then and Now (2012),7 hrs 17 mins,437,2024-08-16T08:05:40,2012-11-09,Audible Studios,com.plexapp.agents.audnexus://B00A2T93X4_us?lang=en,907,com.plexapp.agents.audnexus://B00B5C2NJ8?lang=en
521,522,Burn It Down,Burn It Down,Maureen Ryan,Burn It Down (2023),13 hrs 55 mins,835,2023-09-13T13:38:51,2023-01-01,,local://521,520,plex://artist/602cf7e9f0456f002c8370f1
3991,3992,Ocean's Echo,Ocean's Echo,Everina Maxwell,Ocean's Echo (2022) [Winter's Orbit ],17 hrs 26 mins,1046,2023-03-23T00:41:01,2022-11-01,Macmillan Audio,com.plexapp.agents.audnexus://B0B195GYMW_us?lang=en,3990,com.plexapp.agents.audnexus://B088P66SRW?lang=en
3993,3994,Winter's Orbit,Winter's Orbit,Everina Maxwell,Winter's Orbit (2021) [Winter's Orbit ],15 hrs 25 mins,925,2023-03-23T00:40:30,2021-02-02,Macmillan Audio,com.plexapp.agents.audnexus://1250790190_us?lang=en,3990,com.plexapp.agents.audnexus://B088P66SRW?lang=en
6560,6561,Jack the Bodiless,Galactic Milieu Tilogy 1 - Jack the Bodiless,Julian May,Jack the Bodiless (1992) [The Galactic Milieu Trilogy 1],17 hrs 42 mins,1062,2024-11-21T21:37:19,1992-01-01,,local://6560,6557,com.plexapp.agents.audnexus://B000AQ4SPW?lang=en
6558,6559,Magnificat,Galactic Milieu Tilogy 3 - Magnificat,Julian May,Magnificat (1996) [The Galactic Milieu Trilogy 3],17 hrs 28 mins,1048,2024-11-21T21:37:18,1996-01-01,,local://6558,6557,com.plexapp.agents.audnexus://B000AQ4SPW?lang=en
6562,6563,Diamond Mask,Galactic Milieu Trilogy 2 - Diamond Mask,Julian May,Diamond Mask (1994) [The Galactic Milieu Trilogy 2],17 hrs 56 mins,1076,2024-11-21T21:37:19,1994-01-01,,local://6562,6557,com.plexapp.agents.audnexus://B000AQ4SPW?lang=en
6564,6565,The Many-Colored Land,"Saga of the Pliocene Exile, Book 1 - The Many-Colored Land",Julian May,The Many-Colored Land (2010) [Saga of the Pliocene Exile 1],16 hrs 2 mins,962,2024-11-21T21:37:47,2010-10-27,"Blackstone Audio, Inc.",com.plexapp.agents.audnexus://B0049C5MEE_us?lang=en,6557,com.plexapp.agents.audnexus://B000AQ4SPW?lang=en
462,463,Godkiller,Godkiller,Hannah Kaner,Godkiller (2023),12 hrs 54 mins,774,2023-09-27T10:14:49,2023-09-12,Harper Voyager,com.plexapp.agents.audnexus://B0BYF8YTNH_us?lang=en,461,com.plexapp.agents.audnexus://B08JZHKP16?lang=en
2917,2918,Dark Money,Dark Money,"Jane Mayer, Jill Abramson",Dark Money (2016),16 hrs 55 mins,1015,2023-03-29T13:18:05,2016-01-19,Random House Audio,com.plexapp.agents.audnexus://B01A7BVGN6_us?lang=en,2722,com.plexapp.agents.audnexus://B000APC6Q6?lang=en
2723,2724,Strange Justice,Strange Justice: The Selling of Clarence Thomas,"Jane Mayer, Jill Abramson",Strange Justice (1994),17 hrs,1020,2023-03-30T00:52:36,1994-01-01,,local://2723,2722,com.plexapp.agents.audnexus://B000APC6Q6?lang=en
7739,7740,The Infiltrator,The Infiltrator,Robert Mazur,The Infiltrator (2015),12 hrs 18 mins,738,2025-05-10T16:33:58,2015-09-15,Random House Audio,com.plexapp.agents.audnexus://B013PT1ZKQ_us?lang=en,7738,com.plexapp.agents.audnexus://B001PPQP3A?lang=en
8070,8071,The Entrepreneurial State,The Entrepreneurial State,Mariana Mazzucato,The Entrepreneurial State (2019),9 hrs 32 mins,572,2025-05-21T09:34:03,2019-06-25,Tantor Audio,com.plexapp.agents.audnexus://1400171644_us?lang=en,4331,com.plexapp.agents.audnexus://B001HPNNRO?lang=en
5444,5445,No Shortcuts,No Shortcuts,Jane F. McAlevey,No Shortcuts (2019),9 hrs 46 mins,586,2024-07-25T09:09:20,2019-10-22,Tantor Audio,com.plexapp.agents.audnexus://1515948293_us?lang=en,5443,com.plexapp.agents.audnexus://B00BJ7Z7RY?lang=en
7310,7311,Something Coming Through,"Something Coming, Book 1 - Something Coming Through",Paul McAuley,Something Coming Through (2016) [Something Coming 1],13 hrs 23 mins,803,2025-03-10T21:05:13,2016-04-21,Orion Publishing Group,com.plexapp.agents.audnexus://B0186FMW10_us?lang=en,7309,com.plexapp.agents.audnexus://B000APWLS4?lang=en
9022,9023,War of the Maps,War of the Maps,Paul McAuley,War of the Maps (2021),15 hrs 45 mins,945,2026-02-19T15:11:35,2021-06-01,Tantor Audio,com.plexapp.agents.audnexus://1666124729_us?lang=en,7309,com.plexapp.agents.audnexus://B000APWLS4?lang=en
6811,6812,The Ship Who Sang,Brainship 1 - The Ship Who Sang,Anne McCaffrey,The Ship Who Sang () [Brainship 1],8 hrs 56 mins,536,2025-01-06T13:46:13,,,local://6811,6810,com.plexapp.agents.audnexus://B000ARA0JO?lang=en
2574,2575,The Enchantments of Mammon,The Enchantments of Mammon,Eugene McCarraher,The Enchantments of Mammon (2019),1 day 10 hrs 57 mins,2097,2023-04-04T22:13:49,2020-08-04,Tantor Audio,com.plexapp.agents.audnexus://1705214266_us?lang=en,2573,com.plexapp.agents.audnexus://B001KHEXZU?lang=en
1847,1848,The Collapsium,"Queendom of Sol, Book 1 - The Collapsium",Wil McCarthy,The Collapsium (2020) [Queendom of Sol 1],15 hrs 6 mins,906,2023-04-26T10:10:13,2021-04-13,Recorded Books Inc.,com.plexapp.agents.audnexus://1705024548_us?lang=en,1846,com.plexapp.agents.audnexus://B001IXMMAE?lang=en
878,879,In the Shadow of Lightning,"Glass Immortals, Book 1 - In the Shadow of Lightning",Brian McClellan,In the Shadow of Lightning (2022) [Glass Immortals 1],1 day 54 mins,1494,2023-03-23T00:23:31,2022-06-21,Macmillan Audio,com.plexapp.agents.audnexus://B09GBN2PWN_us?lang=en,869,com.plexapp.agents.audnexus://B009IA053A?lang=en
874,875,Promise of Blood,"The Powder Mage Trilogy, Book 1 - Promise of Blood",Brian McClellan,Promise of Blood (2013) [The Powder Mage Trilogy 1],19 hrs 2 mins,1142,2023-07-04T23:46:47,2013-04-16,Orbit,com.plexapp.agents.audnexus://B00C2DMXCG_us?lang=en,869,com.plexapp.agents.audnexus://B009IA053A?lang=en
872,873,The Crimson Campaign,"The Powder Mage Trilogy, Book 2 - The Crimson Campaign",Brian McClellan,The Crimson Campaign (2014) [The Powder Mage Trilogy 2],20 hrs 6 mins,1206,2023-07-04T23:57:19,2014-05-06,Orbit,com.plexapp.agents.audnexus://B00HST38ZK_us?lang=en,869,com.plexapp.agents.audnexus://B009IA053A?lang=en
876,877,The Autumn Republic,"The Powder Mage Trilogy, Book 3 - The Autumn Republic",Brian McClellan,The Autumn Republic (2015) [The Powder Mage Trilogy 3],19 hrs 26 mins,1166,2023-07-04T23:38:04,2015-02-10,Hachette Audio,com.plexapp.agents.audnexus://B00SRRPGUW_us?lang=en,869,com.plexapp.agents.audnexus://B009IA053A?lang=en
870,871,War Cry,War Cry,Brian McClellan,War Cry (2018),2 hrs 27 mins,147,2023-07-09T11:02:15,2018-08-28,Recorded Books,com.plexapp.agents.audnexus://1980005176_us?lang=en,869,com.plexapp.agents.audnexus://B009IA053A?lang=en
3093,3094,Because Internet,Because Internet,Gretchen McCulloch,Because Internet (2019),8 hrs,480,2023-03-28T22:23:57,2019-07-23,Penguin Audio,com.plexapp.agents.audnexus://0525626166_us?lang=en,3092,com.plexapp.agents.audnexus://B07NGW4JSR?lang=en
723,724,"Truth, Lies, and O-Rings","Truth, Lies, and O-Rings","Allan J. McDonald, James R. Hansen - contributor","Truth, Lies, and O-Rings (2018)",1 day 2 hrs 33 mins,1593,2023-08-08T23:55:11,2018-08-07,Tantor Audio,com.plexapp.agents.audnexus://B07FPM49XC_us?lang=en,722,com.plexapp.agents.audnexus://B002A56HN2?lang=en
153,154,Blackwing,"Raven's Mark, Book 1 - Blackwing",Ed McDonald,Blackwing (2017) [Raven's Mark 1],11 hrs 28 mins,688,2023-03-23T00:24:26,2017-10-03,Penguin Audio,com.plexapp.agents.audnexus://B0753HM6XC_us?lang=en,146,com.plexapp.agents.audnexus://B079Y13CD1?lang=en
149,150,Ravencry,"Raven's Mark, Book 2 - Ravencry",Ed McDonald,Ravencry (2018) [Raven's Mark 2],14 hrs 9 mins,849,2023-05-04T22:35:33,2018-08-21,Penguin Audio,com.plexapp.agents.audnexus://B07FXTNXW2_us?lang=en,146,com.plexapp.agents.audnexus://B079Y13CD1?lang=en
151,152,Crowfall,"Raven's Mark, Book 3 - Crowfall",Ed McDonald,Crowfall (2019) [Raven's Mark 3],15 hrs 6 mins,906,2023-05-04T22:34:36,2019-07-02,Penguin Audio,com.plexapp.agents.audnexus://0525498486_us?lang=en,146,com.plexapp.agents.audnexus://B079Y13CD1?lang=en
147,148,Daughter of Redwinter,"The Redwinter Chronicles, Book 1 - Daughter of Redwinter",Ed McDonald,Daughter of Redwinter (2022-06-28) [The Redwinter Chronicles 1],16 hrs 33 mins,993,2024-02-08T09:32:41,2022-06-28,Macmillan Audio,com.plexapp.agents.audnexus://B09GBNQQK6_us?lang=en,146,com.plexapp.agents.audnexus://B079Y13CD1?lang=en
2846,2847,Hopeland,Hopeland,Ian McDonald,Hopeland (2023),19 hrs 36 mins,1176,2023-03-23T00:39:29,2023-02-16,Blackstone Publishing,com.plexapp.agents.audnexus://B0BVJQN8HR_us?lang=en,2843,com.plexapp.agents.audnexus://B004N6ICSO?lang=en
2844,2845,Luna,"The Luna Trilogy, Book 1 - Luna",Ian McDonald,Luna (2015) [The Luna Trilogy 1],16 hrs 37 mins,997,2023-03-29T14:22:39,2015-09-29,"Blackstone Audio, Inc.",com.plexapp.agents.audnexus://B015TU0SWA_us?lang=en,2843,com.plexapp.agents.audnexus://B004N6ICSO?lang=en
6999,7000,The Lazarus Files,The Lazarus Files,Matthew McGough,The Lazarus Files (2019),1 day 3 hrs 13 mins,1633,2025-02-01T23:04:18,2019-04-30,Macmillan Audio,com.plexapp.agents.audnexus://1427298777_us?lang=en,6998,com.plexapp.agents.audnexus://B001KDEW9G?lang=en
1603,1604,Middlegame,"Alchemical Journeys, Book 1 - Middlegame",Seanan McGuire,Middlegame (2019) [Alchemical Journeys 1],17 hrs 30 mins,1050,2023-05-01T12:26:28,2019-05-07,Macmillan Audio,com.plexapp.agents.audnexus://1250223350_us?lang=en,1602,com.plexapp.agents.audnexus://B002R1LJIW?lang=en
1605,1606,Seasonal Fears,"Alchemical Journeys, Book 2 - Seasonal Fears",Seanan McGuire,Seasonal Fears (2022) [Alchemical Journeys 2],16 hrs 28 mins,988,2023-04-30T23:29:54,2022-05-03,Macmillan Audio,com.plexapp.agents.audnexus://B09GHB3NCM_us?lang=en,1602,com.plexapp.agents.audnexus://B002R1LJIW?lang=en
1611,1612,Every Heart a Doorway,"Wayward Children, Book 1 - Every Heart a Doorway",Seanan McGuire,Every Heart a Doorway (2016) [Wayward Children 1],4 hrs 45 mins,285,2023-04-30T23:29:01,2016-04-05,Macmillan Audio,com.plexapp.agents.audnexus://B0161TMJ5C_us?lang=en,1602,com.plexapp.agents.audnexus://B002R1LJIW?lang=en
1609,1610,Down Among the Sticks and Bones,"Wayward Children, Book 2 - Down Among the Sticks and Bones",Seanan McGuire,Down Among the Sticks and Bones (2017) [Wayward Children 2],3 hrs 52 mins,232,2023-04-30T23:29:19,2017-06-13,Macmillan Audio,com.plexapp.agents.audnexus://B072BYLXDL_us?lang=en,1602,com.plexapp.agents.audnexus://B002R1LJIW?lang=en
1615,1616,Beneath the Sugar Sky,"Wayward Children, Book 3 - Beneath the Sugar Sky",Seanan McGuire,Beneath the Sugar Sky (2018) [Wayward Children 3],4 hrs 11 mins,251,2023-04-30T23:19:18,2018-01-09,Macmillan Audio,com.plexapp.agents.audnexus://B076QHWPL7_us?lang=en,1602,com.plexapp.agents.audnexus://B002R1LJIW?lang=en
1607,1608,In an Absent Dream,"Wayward Children, Book 4 - In an Absent Dream",Seanan McGuire,In an Absent Dream (2019) [Wayward Children 4],4 hrs 58 mins,298,2023-04-30T23:29:35,2019-01-08,Macmillan Audio,com.plexapp.agents.audnexus://125031903X_us?lang=en,1602,com.plexapp.agents.audnexus://B002R1LJIW?lang=en
1619,1620,Come Tumbling Down,"Wayward Children, Book 5 - Come Tumbling Down",Seanan McGuire,Come Tumbling Down (2020) [Wayward Children 5],3 hrs 52 mins,232,2023-04-30T23:18:30,2020-01-07,Macmillan Audio,com.plexapp.agents.audnexus://1250264006_us?lang=en,1602,com.plexapp.agents.audnexus://B002R1LJIW?lang=en
1617,1618,Across the Green Grass Fields,"Wayward Children, Book 6 - Across the Green Grass Fields",Seanan McGuire,Across the Green Grass Fields (2021) [Wayward Children 6],4 hrs 4 mins,244,2023-04-30T23:18:51,2021-01-12,Macmillan Audio,com.plexapp.agents.audnexus://1250790107_us?lang=en,1602,com.plexapp.agents.audnexus://B002R1LJIW?lang=en
1613,1614,Where the Drowned Girls Go,"Wayward Children, Book 7 - Where the Drowned Girls Go",Seanan McGuire,Where the Drowned Girls Go (2022) [Wayward Children 7],4 hrs 32 mins,272,2023-04-30T23:19:46,2022-01-04,Macmillan Audio,com.plexapp.agents.audnexus://1250841240_us?lang=en,1602,com.plexapp.agents.audnexus://B002R1LJIW?lang=en
7933,7934,Dreamsnake,Dreamsnake,Vonda McIntyre,Dreamsnake (2008),9 hrs 4 mins,544,2025-05-15T11:32:57,2008-06-22,"Blackstone Audio, Inc.",com.plexapp.agents.audnexus://B002UZLB42_us?lang=en,3079,com.plexapp.agents.audnexus://B000APHE1S?lang=en
3080,3081,The King's Daughter,The King's Daughter,Vonda McIntyre,The King's Daughter (1979),14 hrs 57 mins,897,2023-03-28T23:17:52,2022-01-20,Jo Fletcher Books,com.plexapp.agents.audnexus://B09NYMCFVT_us?lang=en,3079,com.plexapp.agents.audnexus://B000APHE1S?lang=en
762,763,Character,Character,Robert McKee,Character (2021),15 hrs 45 mins,945,2023-07-28T15:11:20,2021-05-25,Twelve,com.plexapp.agents.audnexus://1478907444_us?lang=en,786,com.plexapp.agents.audnexus://B000APNLLA?lang=en
766,767,Dialogue,Dialogue,Robert McKee,Dialogue (2016),11 hrs 10 mins,670,2023-07-25T14:30:34,2016-07-12,Hachette Audio,com.plexapp.agents.audnexus://B01G7CMLR4_us?lang=en,786,com.plexapp.agents.audnexus://B000APNLLA?lang=en
764,765,Story,Story,Robert McKee,Story (1997),6 hrs 6 mins,366,2023-07-25T14:31:49,2006-01-12,Dey Street Books,com.plexapp.agents.audnexus://B002V8DKDS_us?lang=en,786,com.plexapp.agents.audnexus://B000APNLLA?lang=en
787,788,Storynomics,Storynomics,Robert McKee,Storynomics (2018),6 hrs 28 mins,388,2023-07-25T14:31:38,2018-03-20,Hachette Audio,com.plexapp.agents.audnexus://B07B8X452V_us?lang=en,786,com.plexapp.agents.audnexus://B000APNLLA?lang=en
624,625,Easy Money,Easy Money,"Ben McKenzie, Jacob Silverman - contributor",Easy Money (2023),10 hrs 34 mins,634,2023-09-05T21:03:00,2023-07-18,OrangeSky Audio,com.plexapp.agents.audnexus://B0BYF9KHV2_us?lang=en,623,com.plexapp.agents.audnexus://B0C9YKHR5Q?lang=en
2209,2210,The Riddle-Master of Hed,"Riddle-Master Trilogy, Book 1 - The Riddle-Master of Hed",Patricia A. McKillip,The Riddle-Master of Hed (2011) [Riddle-Master Trilogy 1],7 hrs 35 mins,455,2023-04-18T22:55:46,2011-01-25,Audible Studios,com.plexapp.agents.audnexus://B004JK7GZE_us?lang=en,2204,com.plexapp.agents.audnexus://B000AQ4M12?lang=en
2205,2206,Heir of Sea and Fire,"Riddle-Master Trilogy, Book 2 - Heir of Sea and Fire",Patricia A. McKillip,Heir of Sea and Fire (1977) [Riddle-Master Trilogy 2],6 hrs 50 mins,410,2023-04-19T12:15:55,2011-01-25,Audible Studios,com.plexapp.agents.audnexus://B004J4MHO0_us?lang=en,2204,com.plexapp.agents.audnexus://B000AQ4M12?lang=en
2207,2208,Harpist in The Wind,"Riddle-Master Trilogy, Book 3 - Harpist in The Wind",Patricia A. McKillip,Harpist in The Wind () [Riddle-Master Trilogy 3],8 hrs 26 mins,506,2023-04-19T12:15:45,2011-01-25,Audible Studios,com.plexapp.agents.audnexus://B004JJWRAY_us?lang=en,2204,com.plexapp.agents.audnexus://B000AQ4M12?lang=en
1959,1960,A Blade So Black,"The Nightmare-Verse, Book 1 - A Blade So Black",L.L. McKinney,A Blade So Black (2018) [The Nightmare-Verse 1],11 hrs 18 mins,678,2023-04-24T12:23:24,2018-10-09,Macmillan Audio,com.plexapp.agents.audnexus://1250207304_us?lang=en,1956,com.plexapp.agents.audnexus://B079P9YNT5?lang=en
1957,1958,A Dream So Dark,"The Nightmare-Verse, Book 2 - A Dream So Dark",L.L. McKinney,A Dream So Dark (2019) [The Nightmare-Verse 2],12 hrs 8 mins,728,2023-04-24T12:24:03,2019-09-24,Macmillan Audio,com.plexapp.agents.audnexus://1250232929_us?lang=en,1956,com.plexapp.agents.audnexus://B079P9YNT5?lang=en
1942,1943,The Paris Wife,The Paris Wife,Paula McLain,The Paris Wife (2011),11 hrs 26 mins,686,2023-04-24T15:20:07,2011-02-22,Random House Audio,com.plexapp.agents.audnexus://B004KAO9ZI_us?lang=en,1941,com.plexapp.agents.audnexus://B001JP1GSU?lang=en
3813,3814,Priest of Bones,"War for the Rose Throne, Book 1 - Priest of Bones",Peter McLean,Priest of Bones (2018) [War for the Rose Throne 1],10 hrs 29 mins,629,2023-03-23T21:42:08,2018-10-02,Penguin Audio,com.plexapp.agents.audnexus://0525641246_us?lang=en,3812,com.plexapp.agents.audnexus://B0034N6YNW?lang=en
1037,1038,Self-Made Boys: A Great Gatsby Remix,"Remixed Classics, Book 5 - Self-Made Boys: A Great Gatsby Remix","Anna-Marie McLemore, Elliot McLemore",Self-Made Boys (2022) [Remixed Classics 5],8 hrs 34 mins,514,2023-06-23T16:32:20,2022-09-06,Macmillan Young Listeners,com.plexapp.agents.audnexus://B0B75TFN6Y_us?lang=en,1030,com.plexapp.agents.audnexus://B00W2GDN2M?lang=en
8923,8924,The Influencers,The Influencers,"Anna-Marie McLemore, Elliot McLemore",The Influencers (2025),10 hrs 44 mins,644,2026-01-05T11:03:02,2025-04-15,Random House Audio,com.plexapp.agents.audnexus://B0DCHN8LS5_us?lang=en,1030,com.plexapp.agents.audnexus://B00W2GDN2M?lang=en
1031,1032,Venom & Vow,Venom & Vow,"Anna-Marie McLemore, Elliot McLemore",Venom & Vow (2023),9 hrs 59 mins,599,2023-06-23T16:38:06,2023-06-20,Recorded Books,com.plexapp.agents.audnexus://B0BZ91GSHW_us?lang=en,1030,com.plexapp.agents.audnexus://B00W2GDN2M?lang=en
4251,4252,Inside Qatar,Inside Qatar,John McManus,Inside Qatar (2022),8 hrs 7 mins,487,2023-03-22T12:55:50,2022-07-28,W. F. Howes Ltd,com.plexapp.agents.audnexus://B0B781QGHB_us?lang=en,4250,com.plexapp.agents.audnexus://B001HMRGCA?lang=en
6989,6990,I'll Be Gone in the Dark,I'll Be Gone in the Dark,Michelle McNamara,I'll Be Gone in the Dark (2018),9 hrs 46 mins,586,2025-02-01T22:27:32,2018-02-27,Harper,com.plexapp.agents.audnexus://B0783PG2L9_us?lang=en,6988,com.plexapp.agents.audnexus://B074QRPX2P?lang=en
9683,9684,Lupercal's War,Lupercal's War,"Graham McNeill, Aaron Dembski-Bowden, Nick Kyme, Rob Sanders, John French, Chris Wraight, Chris Forrester, James Swallow, Matthew Farrer, Guy Haley, Dan Abnett, Gav Thorpe",Lupercal's War (2022),17 hrs 47 mins,1067,2026-04-17T09:54:10,2022-07-23,Black Library,com.plexapp.agents.audnexus://B0B69PL826_us?lang=en,9682,com.plexapp.agents.audnexus://B00MTCLO4S?lang=en
557,558,AC/DC,AC/DC,Tom McNichol,ACDC (2008),6 hrs 29 mins,389,2023-09-05T21:30:53,2008-05-07,"Blackstone Audio, Inc.",com.plexapp.agents.audnexus://B002V8MJYO_us?lang=en,556,com.plexapp.agents.audnexus://B001HCWTVS?lang=en
4893,4894,Battle Cry of Freedom,Battle Cry of Freedom,James M. McPherson,Battle Cry of Freedom (2020),1 day 15 hrs 41 mins,2381,2024-06-02T23:39:51,2020-10-13,Recorded Books,com.plexapp.agents.audnexus://1705015204_us?lang=en,4819,com.plexapp.agents.audnexus://B000AQ3NV2?lang=en
4820,4821,For Cause and Comrades,For Cause and Comrades,James M. McPherson,For Cause and Comrades (1997),9 hrs 14 mins,554,2024-05-24T17:11:13,2020-03-24,Tantor Audio,com.plexapp.agents.audnexus://1515943895_us?lang=en,4819,com.plexapp.agents.audnexus://B000AQ3NV2?lang=en
2153,2154,One Last Stop,One Last Stop,Casey McQuiston,One Last Stop (2021),12 hrs 11 mins,731,2023-04-19T21:55:43,2021-06-01,Macmillan Audio,com.plexapp.agents.audnexus://1250803187_us?lang=en,2152,com.plexapp.agents.audnexus://B07HNJ5FNV?lang=en
1207,1208,A Strange and Stubborn Endurance,"The Tithenai Chronicles, Book 1 - A Strange and Stubborn Endurance",Foz Meadows,A Strange and Stubborn Endurance (2022) [The Tithenai Chronicles 1],18 hrs 56 mins,1136,2023-06-13T00:00:13,2022-07-26,Macmillan Audio,com.plexapp.agents.audnexus://B09GGGD2K8_us?lang=en,1206,com.plexapp.agents.audnexus://B00IZ7A5G4?lang=en
1600,1601,Very Important People,Very Important People,Ashley Mears,Very Important People (2020),10 hrs 4 mins,604,2023-05-01T12:25:44,2020-05-29,Recorded Books,com.plexapp.agents.audnexus://1980089817_us?lang=en,1599,com.plexapp.agents.audnexus://B004VP7ZT4?lang=en
8738,8739,Sid Meier's Memoir!,Sid Meier's Memoir!,"Sid Meier, Jennifer Lee Noonan - contributor",Sid Meier's Memoir! (2020),8 hrs 33 mins,513,2025-11-29T21:37:58,2020-11-10,"HighBridge, a division of Recorded Books",com.plexapp.agents.audnexus://1696602041_us?lang=en,8737,com.plexapp.agents.audnexus://B00MZ6T882?lang=en
1728,1729,We Set the Dark on Fire,"We Set the Dark on Fire, Book 1 - We Set the Dark on Fire",Tehlor Kay Mejia,We Set the Dark on Fire (2019) [We Set the Dark on Fire 1],9 hrs 54 mins,594,2023-04-28T00:31:39,2019-02-26,HarperCollins,com.plexapp.agents.audnexus://0062907948_us?lang=en,1727,com.plexapp.agents.audnexus://B07QHK1L72?lang=en
1730,1731,We Unleash the Merciless Storm,"We Set the Dark on Fire, Book 2 - We Unleash the Merciless Storm",Tehlor Kay Mejia,We Unleash the Merciless Storm (2020) [We Set the Dark on Fire 2],11 hrs 40 mins,700,2023-04-28T00:27:05,2020-02-25,HarperCollins,com.plexapp.agents.audnexus://006297761X_us?lang=en,1727,com.plexapp.agents.audnexus://B07QHK1L72?lang=en
5201,5202,Running the Show,Running the Show,Jeff Melvoin,Running the Show (2023),9 hrs 42 mins,582,2024-07-01T19:10:29,2023-12-26,Dreamscape Media,com.plexapp.agents.audnexus://B0CKTYWV8Z_us?lang=en,5200,com.plexapp.agents.audnexus://B0CG3NH8H4?lang=en
291,292,Three Rings,Three Rings,Daniel Mendelsohn,Three Rings (2021-11-16),3 hrs 46 mins,226,2024-01-09T15:13:10,2021-11-16,Tantor Audio,com.plexapp.agents.audnexus://B09KSZDNKL_us?lang=en,290,com.plexapp.agents.audnexus://B001I9NA3G?lang=en
4146,4147,Dragon Age: Last Flight,"Dragon Age, Book 5 - Dragon Age: Last Flight",Liane Merciel,Dragon Age (2014) [Dragon Age 5],10 hrs 14 mins,614,2023-03-22T16:51:05,2015-12-27,Tantor Audio,com.plexapp.agents.audnexus://B01GOZGQQG_us?lang=en,4145,com.plexapp.agents.audnexus://B0030YF8A0?lang=en
1056,1057,The Fortunes of Africa,The Fortunes of Africa,Martin Meredith,The Fortunes of Africa (2014),1 day 2 hrs 35 mins,1595,2023-06-19T21:01:36,2019-03-19,Hachette Audio,com.plexapp.agents.audnexus://1549120662_us?lang=en,1055,com.plexapp.agents.audnexus://B001H6O6D8?lang=en
3096,3097,Ballad of the Anarchist Bandits,Ballad of the Anarchist Bandits,John Merriman,Ballad of the Anarchist Bandits (2017),9 hrs 45 mins,585,2023-03-28T22:23:38,2017-10-03,Bold Type Books,com.plexapp.agents.audnexus://B0763TBKTD_us?lang=en,3095,com.plexapp.agents.audnexus://B004N0RCEU?lang=en
8102,8103,Jesus and John Wayne,Jesus and John Wayne,Kristin Kobes du Mez,Jesus and John Wayne (2020),12 hrs 3 mins,723,2025-05-23T22:18:02,2020-07-14,Kalorama,com.plexapp.agents.audnexus://1684579295_us?lang=en,8101,com.plexapp.agents.audnexus://B08584JRRW?lang=en
4681,4682,Breaking Twitter,Breaking Twitter,Ben Mezrich,Breaking Twitter (2023),9 hrs 5 mins,545,2024-05-15T20:16:57,2023-11-07,Grand Central Publishing,com.plexapp.agents.audnexus://B0BWFSJPDF_us?lang=en,4680,com.plexapp.agents.audnexus://B001H6OGU6?lang=en
96,97,05-08 Stormbringer,05-08 Stormbringer,Michael Moorcock (Elric Saga),Stormbringer (2021) - pt01,1 day 3 hrs 50 mins,1670,2024-03-07T10:03:01,2021-01-01,,local://96,95,local://95
4317,4318,American Kleptocracy,American Kleptocracy,Casey Michel,American Kleptocracy (2021),9 hrs 40 mins,580,2023-03-22T12:09:38,2021-11-23,Macmillan Audio,com.plexapp.agents.audnexus://1250829003_us?lang=en,4316,com.plexapp.agents.audnexus://B095428MZX?lang=en
6340,6341,Foreign Agents,Foreign Agents,Casey Michel,Foreign Agents (2024),10 hrs,600,2024-10-17T09:42:55,2024-08-27,Macmillan Audio,com.plexapp.agents.audnexus://B0CLGZKF2L_us?lang=en,4316,com.plexapp.agents.audnexus://B095428MZX?lang=en
7705,7706,"A Spectre, Haunting","A Spectre, Haunting",China Mieville,"A Spectre, Haunting",7 hrs 50 mins,470,2025-05-09T00:39:59,2022-05-20,W. F. Howes Ltd,com.plexapp.agents.audnexus://B0B1VQ3VQ9_us?lang=en,1303,com.plexapp.agents.audnexus://B001IQUN20?lang=en
9869,9870,Embassytown,Embassytown,China Mieville,Embassytown (2011),12 hrs 24 mins,744,2026-04-23T15:34:40,2011-05-17,Random House Audio,com.plexapp.agents.audnexus://B00500HQNE_us?lang=en,1303,com.plexapp.agents.audnexus://B001IQUN20?lang=en
1304,1305,Kraken,Kraken,China Mieville,Kraken (2010),16 hrs 10 mins,970,2023-04-11T10:24:32,2010-06-29,Random House Audio,com.plexapp.agents.audnexus://B003TPS0ZU_us?lang=en,1303,com.plexapp.agents.audnexus://B001IQUN20?lang=en
1312,1313,Perdido Street Station,"New Crobuzon, Book 1 - Perdido Street Station",China Mieville,Perdido Street Station (2003) [New Crobuzon 1],1 day 9 mins,1449,2023-03-23T00:21:30,2009-05-26,Random House Audio,com.plexapp.agents.audnexus://B002V1O2OG_us?lang=en,1303,com.plexapp.agents.audnexus://B001IQUN20?lang=en
1308,1309,The Scar,"New Crobuzon, Book 2 - The Scar",China Mieville,The Scar (2002) [New Crobuzon 2],21 hrs 45 mins,1305,2023-03-28T22:14:19,2014-10-29,Random House Audio,com.plexapp.agents.audnexus://B00OYRN3TU_us?lang=en,1303,com.plexapp.agents.audnexus://B001IQUN20?lang=en
1310,1311,Iron Council,"New Crobuzon, Book 3 - Iron Council",China Mieville,Iron Council (2005) [New Crobuzon 3],17 hrs 43 mins,1063,2023-03-23T00:39:55,2014-10-28,Random House Audio,com.plexapp.agents.audnexus://B00OU1E55G_us?lang=en,1303,com.plexapp.agents.audnexus://B001IQUN20?lang=en
1306,1307,October,October,China Mieville,October (2017),11 hrs 38 mins,698,2023-03-29T18:43:32,2017-05-09,Audible Studios,com.plexapp.agents.audnexus://B06XWG6X42_us?lang=en,1303,com.plexapp.agents.audnexus://B001IQUN20?lang=en
1316,1317,The City &amp; The City,The City &amp; The City,China Mieville,The City & The City (2009),10 hrs 19 mins,619,2023-03-23T00:22:17,2009-05-26,Random House Audio,com.plexapp.agents.audnexus://B002V1CFYU_us?lang=en,1303,com.plexapp.agents.audnexus://B001IQUN20?lang=en
1314,1315,The Last Days of New Paris,The Last Days of New Paris,China Mieville,The Last Days of New Paris (2016),5 hrs 39 mins,339,2023-03-23T16:55:13,2016-08-09,Random House Audio,com.plexapp.agents.audnexus://B01IIA2524_us?lang=en,1303,com.plexapp.agents.audnexus://B001IQUN20?lang=en
275,276,Hunt the Stars,"Starlight’s Shadow, Book 1 - Hunt the Stars",Jessie Mihalik,Hunt the Stars (2022-02-01) [Hunt the Stars 1],12 hrs 2 mins,722,2024-01-09T15:14:04,2022-02-01,HarperAudio,com.plexapp.agents.audnexus://0063051052_us?lang=en,274,com.plexapp.agents.audnexus://B07DKVK7TK?lang=en
714,715,Cask Strength,Cask Strength,Mike Gerrard,Cask Strength (2023),5 hrs 17 mins,317,2023-08-09T00:17:13,2023-07-11,"HighBridge, a division of Recorded Books",com.plexapp.agents.audnexus://B0CBKXL92H_us?lang=en,713,local://713
4398,4399,Creative Endurance,Creative Endurance,Mike Schnaidt,Creative Endurance (2024),4 hrs 14 mins,254,2024-04-18T10:00:30,2024-01-16,Rockport Publishers,com.plexapp.agents.audnexus://B0CNL4BN1Q_us?lang=en,4397,local://4397
2364,2365,Gearbreakers,"Gearbreakers, Book 1 - Gearbreakers",Zoe Hana Mikuta,Gearbreakers (2021) [Gearbreakers 1],12 hrs 5 mins,725,2023-04-13T07:44:15,2021-07-20,Recorded Books,com.plexapp.agents.audnexus://1705043186_us?lang=en,2363,com.plexapp.agents.audnexus://B08XZW9J6P?lang=en
454,455,The Duchess War,"The Brothers Sinister, Book 1 - The Duchess War",Courtney Milan,The Duchess War (2013) [The Brothers Sinister 1],11 hrs 4 mins,664,2023-09-27T10:19:00,2013-10-08,Courtney Milan,com.plexapp.agents.audnexus://B00FOS3GYA_us?lang=en,453,com.plexapp.agents.audnexus://B002D68BUU?lang=en
456,457,The Duke Who Didn't,"Wedgeford Trials, Book 1 - The Duke Who Didn't",Courtney Milan,The Duke Who Didn't (2020) [Wedgeford Trials 1],8 hrs 30 mins,510,2023-03-29T14:20:45,2020-11-03,Courtney Milan,com.plexapp.agents.audnexus://B08L863XT6_us?lang=en,453,com.plexapp.agents.audnexus://B002D68BUU?lang=en
7989,7990,Destiny of the Republic,Destiny of the Republic,Candice Millard,Destiny of the Republic (2011),9 hrs 48 mins,588,2025-05-16T14:17:43,2011-09-20,Random House Audio,com.plexapp.agents.audnexus://B005KM0ME2_us?lang=en,7988,com.plexapp.agents.audnexus://B001ILFMH6?lang=en
8269,8270,Chip War,Chip War,Chris Miller,Chip War (2022),12 hrs 38 mins,758,2025-07-31T23:17:32,2022-10-04,Simon & Schuster Audio,com.plexapp.agents.audnexus://B09TX11LQB_us?lang=en,8268,com.plexapp.agents.audnexus://B0764K9YH3?lang=en
905,906,The Song of Achilles,The Song of Achilles,Madeline Miller,The Song of Achilles (2012),11 hrs 15 mins,675,2023-07-05T13:50:58,2012-03-06,Ecco,com.plexapp.agents.audnexus://B007EZKMP2_us?lang=en,904,com.plexapp.agents.audnexus://B005GG116K?lang=en
3003,3004,Blackfish City,Blackfish City,Sam J. Miller,Blackfish City (2018),10 hrs 24 mins,624,2023-03-29T11:38:24,2018-04-17,Ecco,com.plexapp.agents.audnexus://B078X2HH3H_us?lang=en,3002,com.plexapp.agents.audnexus://B07436CD8B?lang=en
1586,1587,Promises and Pomegranates,"Monsters & Muses, Book 1 - Promises and Pomegranates",Sav R. Miller,Promises and Pomegranates (2022) [Monsters & Muses 1],10 hrs 23 mins,623,2023-05-02T09:23:33,2022-03-08,Podium Audio,com.plexapp.agents.audnexus://B09SJ39FNY_us?lang=en,1585,com.plexapp.agents.audnexus://B08468F525?lang=en
3860,3861,A Canticle for Leibowitz,A Canticle for Leibowitz,Walter M. Miller Jr.,A Canticle for Leibowitz (1959),10 hrs 56 mins,656,2023-03-23T16:55:00,2011-08-01,"Blackstone Audio, Inc.",com.plexapp.agents.audnexus://B005F5ZBRC_us?lang=en,3859,com.plexapp.agents.audnexus://B001IGWZ0S?lang=en
6896,6897,Martin Dressler,Martin Dressler,Steven Millhauser,Martin Dressler (2011),8 hrs 50 mins,530,2025-01-13T22:36:25,2011-03-08,Recorded Books,com.plexapp.agents.audnexus://B004QY6O2E_us?lang=en,6895,com.plexapp.agents.audnexus://B000AQ3L6Y?lang=en
2881,2882,Injustices,Injustices,Ian Millhiser,Injustices (2015),10 hrs 14 mins,614,2023-03-29T13:30:30,2015-03-24,Tantor Audio,com.plexapp.agents.audnexus://B00UJXLTXK_us?lang=en,2880,com.plexapp.agents.audnexus://B00N8AEN8E?lang=en
4352,4353,Ordinary Monsters,"The Talents, Book 1 - Ordinary Monsters",J. M. Miro,Ordinary Monsters (2022) [The Talents 1],1 day 1 hr 22 mins,1522,2023-03-22T12:02:51,2022-06-07,Macmillan Audio,com.plexapp.agents.audnexus://B09GCQJXXF_us?lang=en,4351,com.plexapp.agents.audnexus://B09FPBHJYF?lang=en
2177,2178,Lud-in-the-Mist,Lud-in-the-Mist,Hope Mirrlees,Lud-in-the-Mist (2019),9 hrs 56 mins,596,2023-04-19T12:16:32,2022-12-20,Spoken Realms,com.plexapp.agents.audnexus://B0BP2WLTKD_us?lang=en,2176,com.plexapp.agents.audnexus://B0034P2LB4?lang=en
867,868,Slade House,Slade House,David Mitchell,Slade House (2015),6 hrs 55 mins,415,2023-04-26T08:53:12,2015-10-27,Random House Audio,com.plexapp.agents.audnexus://B0149M30EC_us?lang=en,864,com.plexapp.agents.audnexus://B0034Q40L2?lang=en
865,5960,The Bone Clocks,The Bone Clocks,David Mitchell,The Bone Clocks (2014),1 day 30 mins,1470,2023-04-26T10:09:44,2014-09-02,Recorded Books,com.plexapp.agents.audnexus://B00MNTJP48_us?lang=en,864,com.plexapp.agents.audnexus://B0034Q40L2?lang=en
5279,5280,Unruly,Unruly,David Mitchell,Unruly (2023),11 hrs 40 mins,700,2024-07-11T00:21:00,2023-10-03,Random House Audio,com.plexapp.agents.audnexus://B0C4Z93YCN_us?lang=en,864,com.plexapp.agents.audnexus://B0034Q40L2?lang=en
5149,5150,Ghost in the Wires,Ghost in the Wires,"Kevin Mitnick, William L. Simon",Ghost in the Wires (2011),13 hrs 59 mins,839,2024-06-25T10:25:09,2011-08-15,Blackstone Publishing,com.plexapp.agents.audnexus://B005H3FYR4_us?lang=en,5148,com.plexapp.agents.audnexus://B001IO9WEW?lang=en
4187,4188,Isolate,"The Grand Illusion, Book 1 - Isolate",L. E. Modesitt Jr.,Isolate (2021) [The Grand Illusion 1],1 day 1 hr 6 mins,1506,2023-03-22T16:22:46,2021-11-16,Macmillan Audio,com.plexapp.agents.audnexus://1250824788_us?lang=en,4184,com.plexapp.agents.audnexus://B000APVZ5O?lang=en
4185,4186,Councilor,"The Grand Illusion, Book 2 - Councilor",L. E. Modesitt Jr.,Councilor (2022) [The Grand Illusion 2],22 hrs 15 mins,1335,2023-03-22T16:38:44,2022-08-09,Macmillan Audio,com.plexapp.agents.audnexus://B09GCY54HN_us?lang=en,4184,com.plexapp.agents.audnexus://B000APVZ5O?lang=en
587,588,The Annual Migration of Clouds,The Annual Migration of Clouds,Premee Mohamed,The Annual Migration of Clouds (2021),4 hrs 50 mins,290,2023-09-05T21:20:22,2021-11-30,ECW Press,com.plexapp.agents.audnexus://B09LZZDVVN_us?lang=en,586,com.plexapp.agents.audnexus://B07D3CT6JP?lang=en
7050,7051,The Apple-Tree Throne,The Apple-Tree Throne,Premee Mohamed,The Apple-Tree Throne (2020),3 hrs 2 mins,182,2025-02-18T21:48:31,2020-04-14,Skyboat Media,com.plexapp.agents.audnexus://109413306X_us?lang=en,586,com.plexapp.agents.audnexus://B07D3CT6JP?lang=en
6007,6008,The Siege of Burning Grass,The Siege of Burning Grass,Premee Mohamed,The Siege of Burning Grass (2024),12 hrs 52 mins,772,2024-09-24T15:40:02,2024-08-27,Tantor Audio,com.plexapp.agents.audnexus://B0DCH5N8DJ_us?lang=en,586,com.plexapp.agents.audnexus://B07D3CT6JP?lang=en
9208,9209,The Map of Knowledge,The Map of Knowledge,Violet Moller,The Map of Knowledge (2019),8 hrs 47 mins,527,2026-03-23T17:28:23,2019-05-14,Random House Audio,com.plexapp.agents.audnexus://1984891626_us?lang=en,9207,com.plexapp.agents.audnexus://B07PBBLJQ4?lang=en
8967,8968,Invisible Doctrine,Invisible Doctrine,"George Monbiot, Peter Hutchison",Invisible Doctrine (2024),4 hrs 29 mins,269,2026-01-13T00:31:22,2024-06-04,Random House Audio,com.plexapp.agents.audnexus://B0CKRZR3HD_us?lang=en,8966,com.plexapp.agents.audnexus://B001JSF9W6?lang=en
7658,7659,Engulfed,Engulfed,James Montague,Engulfed (2025),8 hrs 42 mins,522,2025-05-03T17:05:03,2025-03-27,Blink Publishing,com.plexapp.agents.audnexus://B0DJFQPVYV_us?lang=en,7657,com.plexapp.agents.audnexus://B0034NXABQ?lang=en
5352,5353,Stalin,Stalin,Simon Sebag Montefiore,Stalin (2019),1 day 3 hrs 50 mins,1670,2024-07-17T07:46:18,2019-08-06,Random House Audio,com.plexapp.agents.audnexus://1984891278_us?lang=en,5351,com.plexapp.agents.audnexus://B001HCZFKA?lang=en
4389,4390,The Age of Magical Overthinking,The Age of Magical Overthinking,Amanda Montell,The Age of Magical Overthinking (2024),6 hrs 5 mins,365,2024-04-18T10:00:23,2024-04-09,Simon & Schuster Audio,com.plexapp.agents.audnexus://B0CHHB3XTY_us?lang=en,4388,com.plexapp.agents.audnexus://B07NKJQ26T?lang=en
8720,8721,The Murder at World’s End,"Stockingham & Pike, Book 1 - The Murder at World’s End",Ross Montgomery,The Murder at World's End (2026),10 hrs,600,2025-11-14T00:31:58,2025-10-30,Penguin,com.plexapp.agents.audnexus://B0F94BX15W_us?lang=en,8719,com.plexapp.agents.audnexus://B00PIV8AO4?lang=en
103,104,Elric of Melniboné,"Elric Saga, Book 1-3, 8 - Elric of Melniboné","Michael Moorcock, Neil Gaiman",Elric of Melniboné Volume 1 (2022) [Elric Saga ],1 day 12 mins,1452,2024-03-07T10:00:25,2022-02-15,Recorded Books,com.plexapp.agents.audnexus://1705028594_us?lang=en,3856,com.plexapp.agents.audnexus://B000AQ6Q6G?lang=en
3944,3945,The White Wolf,"Elric Saga, Book 3 - The White Wolf","Michael Moorcock, Neil Gaiman",The White Wolf (2022) [Elric Saga 3],1 day 12 hrs 55 mins,2215,2023-03-23T01:04:28,2022-10-25,Recorded Books,com.plexapp.agents.audnexus://B09T5QKNDM_us?lang=en,3856,com.plexapp.agents.audnexus://B000AQ6Q6G?lang=en
3857,3858,Stormbringer,"Elric Saga, Book 6 - Stormbringer","Michael Moorcock, Neil Gaiman",Stormbringer (2021) [Elric Saga 6],1 day 3 hrs 50 mins,1670,2023-03-23T21:21:57,2022-06-07,Recorded Books,com.plexapp.agents.audnexus://B09K4QTJ9Q_us?lang=en,3856,com.plexapp.agents.audnexus://B000AQ6Q6G?lang=en
6623,6624,Von Bek,Von Bek,"Michael Moorcock, Neil Gaiman",Von Bek The Warhound and the World's Pain (2024) [Von Bek Family ],8 hrs 47 mins,527,2024-12-04T11:43:00,2024-12-03,Simon & Schuster Audio,com.plexapp.agents.audnexus://B0D5RDGKMT_us?lang=en,3856,com.plexapp.agents.audnexus://B000AQ6Q6G?lang=en
8610,8611,Von Bek,Von Bek,"Michael Moorcock, Neil Gaiman",Von Bek The City in the Autumn Stars (2024) [Von Bek Family ],15 hrs 16 mins,916,2025-09-01T10:21:46,2024-12-03,Simon & Schuster Audio,com.plexapp.agents.audnexus://B0D682JY59_us?lang=en,3856,com.plexapp.agents.audnexus://B000AQ6Q6G?lang=en
6373,6374,The Great When,"London Quintet, Book 1 - The Great When",Alan Moore,The Great When (2024) [London Quintet 1],13 hrs 29 mins,809,2024-10-19T21:51:08,2024-10-01,Bloomsbury Publishing,com.plexapp.agents.audnexus://B0DGYSWH6H_us?lang=en,6372,com.plexapp.agents.audnexus://B000APL7AC?lang=en
3854,3855,Seven Forges,"Seven Forges, Book 1 - Seven Forges",James A. Moore,Seven Forges (2013) [Seven Forges 1],10 hrs 40 mins,640,2023-03-23T21:22:47,2013-09-24,Brilliance Audio,com.plexapp.agents.audnexus://B00ETEZC8I_us?lang=en,3853,com.plexapp.agents.audnexus://B008MP0DT8?lang=en
5568,5569,I Am Homeless If This Is Not My Home,I Am Homeless If This Is Not My Home,Lorrie Moore,I Am Homeless If This Is Not My Home (2023),6 hrs 16 mins,376,2024-08-14T09:24:50,2023-06-20,Random House Audio,com.plexapp.agents.audnexus://B0BZFMCP7L_us?lang=en,5567,com.plexapp.agents.audnexus://B000APWFEY?lang=en
819,820,Gods of Jade and Shadow,Gods of Jade and Shadow,Silvia Moreno-Garcia,Gods of Jade and Shadow (2019),11 hrs 4 mins,664,2023-04-24T15:21:51,2019-07-23,Random House Audio,com.plexapp.agents.audnexus://1984890360_us?lang=en,812,com.plexapp.agents.audnexus://B004H7M5PA?lang=en
813,814,Silver Nitrate,Silver Nitrate,Silvia Moreno-Garcia,Silver Nitrate (2023),13 hrs 4 mins,784,2023-07-23T11:24:11,2023-07-18,Random House Audio,com.plexapp.agents.audnexus://B0BL8NK7TP_us?lang=en,812,com.plexapp.agents.audnexus://B004H7M5PA?lang=en
815,816,The Beautiful Ones,The Beautiful Ones,Silvia Moreno-Garcia,The Beautiful Ones (2017),12 hrs 19 mins,739,2023-04-24T21:11:19,2021-04-27,Macmillan Audio,com.plexapp.agents.audnexus://1250808286_us?lang=en,812,com.plexapp.agents.audnexus://B004H7M5PA?lang=en
817,818,The Daughter of Doctor Moreau,The Daughter of Doctor Moreau,Silvia Moreno-Garcia,The Daughter of Doctor Moreau (2022),11 hrs 40 mins,700,2023-04-24T21:06:55,2022-07-19,Random House Audio,com.plexapp.agents.audnexus://B09R2JZ37T_us?lang=en,812,com.plexapp.agents.audnexus://B004H7M5PA?lang=en
2617,2618,The Steel Remains,"A Land Fit for Heroes, Book 1 - The Steel Remains",Richard K. Morgan,The Steel Remains (2009) [A Land Fit for Heroes 1],15 hrs 7 mins,907,2023-04-04T13:44:52,2009-01-20,Tantor Audio,com.plexapp.agents.audnexus://B002V5IYBO_us?lang=en,2616,com.plexapp.agents.audnexus://B000APOIZS?lang=en
2619,2620,Altered Carbon,"Takeshi Kovacs Trilogy, Book 1 - Altered Carbon",Richard K. Morgan,Altered Carbon (2005) [Takeshi Kovacs Trilogy 1],17 hrs 11 mins,1031,2023-03-29T11:17:15,2005-04-22,Tantor Audio,com.plexapp.agents.audnexus://B002V1O6X8_us?lang=en,2616,com.plexapp.agents.audnexus://B000APOIZS?lang=en
2623,2624,Broken Angels,"Takeshi Kovacs Trilogy, Book 2 - Broken Angels",Richard K. Morgan,Broken Angels (2003) [Takeshi Kovacs Trilogy 2],16 hrs 10 mins,970,2023-03-23T21:23:08,2005-06-16,Tantor Audio,com.plexapp.agents.audnexus://B002V8H59I_us?lang=en,2616,com.plexapp.agents.audnexus://B000APOIZS?lang=en
2621,2622,Woken Furies,"Takeshi Kovacs Trilogy, Book 3 - Woken Furies",Richard K. Morgan,Woken Furies (2005) [Takeshi Kovacs Trilogy 3],22 hrs 5 mins,1325,2023-03-23T21:23:19,2006-04-14,Tantor Audio,com.plexapp.agents.audnexus://B002V59ZZI_us?lang=en,2616,com.plexapp.agents.audnexus://B000APOIZS?lang=en
6706,6707,Woken Furies,"Takeshi Kovacs Trilogy, Book 3 - Woken Furies",Richard K. Morgan,Woken Furies (2014) [Takeshi Kovacs Trilogy 3],21 hrs 50 mins,1310,2024-12-19T15:58:06,2014-11-27,Orion Publishing Group,com.plexapp.agents.audnexus://B00OL67D36_us?lang=en,2616,com.plexapp.agents.audnexus://B000APOIZS?lang=en
1221,1222,These are the Plunderers,These are the Plunderers,"Gretchen Morgenson, Joshua Rosner",These Are the Plunderers (2023),11 hrs 53 mins,713,2023-06-12T22:20:48,2023-04-25,Simon & Schuster Audio,com.plexapp.agents.audnexus://B0BK766GZW_us?lang=en,1220,com.plexapp.agents.audnexus://B001HD1DGE?lang=en
1189,1190,The Night Circus,The Night Circus,Erin Morgenstern,The Night Circus (2011),13 hrs 45 mins,825,2023-06-13T13:10:36,2011-09-13,Random House Audio,com.plexapp.agents.audnexus://B005HIR9VI_us?lang=en,1188,com.plexapp.agents.audnexus://B004U5WA68?lang=en
1191,1192,The Starless Sea,The Starless Sea,Erin Morgenstern,The Starless Sea (2019),18 hrs 38 mins,1118,2023-03-23T21:24:04,2019-11-05,Random House Audio,com.plexapp.agents.audnexus://0735207887_us?lang=en,1188,com.plexapp.agents.audnexus://B004U5WA68?lang=en
6661,6662,Parnassus on Wheels,"Parnassus, Book 1 - Parnassus on Wheels",Christopher Morley,Parnassus on Wheels (2004) [Parnassus 1],3 hrs 29 mins,209,2024-12-10T12:01:21,2004-01-29,"Blackstone Audio, Inc.",com.plexapp.agents.audnexus://B002V0PY0I_us?lang=en,6658,com.plexapp.agents.audnexus://B000AP8NMC?lang=en
6659,6660,The Haunted Bookshop,"Parnassus, Book 2 - The Haunted Bookshop",Christopher Morley,The Haunted Bookshop (2014) [Parnassus 2],6 hrs 4 mins,364,2024-12-10T12:01:21,2014-10-02,"Skyboat Media, Inc.",com.plexapp.agents.audnexus://B00O3ICJZ4_us?lang=en,6658,com.plexapp.agents.audnexus://B000AP8NMC?lang=en
4371,4372,A Great and Terrible King,A Great and Terrible King,Marc Morris,A Great and Terrible King (2009),18 hrs 29 mins,1109,2023-03-22T11:50:25,2015-03-24,Tantor Audio,com.plexapp.agents.audnexus://B00UK7DB7M_us?lang=en,4370,com.plexapp.agents.audnexus://B001J3NOHS?lang=en
3851,3852,The Time Traveler's Guide to Elizabethan England,The Time Traveler's Guide to Elizabethan England,Ian Mortimer,The Time Traveler's Guide to Elizabethan England (2012) [Time Traveler’s Guides ],17 hrs 45 mins,1065,2023-03-23T21:24:48,2013-06-27,Recorded Books,com.plexapp.agents.audnexus://B00DEMCFT0_us?lang=en,3846,com.plexapp.agents.audnexus://B001HOEHI4?lang=en
3847,3848,The Time Traveller's Guide to Regency Britain,The Time Traveller's Guide to Regency Britain,Ian Mortimer,The Time Traveller's Guide to Regency Britain (2020),17 hrs 33 mins,1053,2023-03-23T21:26:05,2020-11-14,Penguin Audio,com.plexapp.agents.audnexus://1473590205_us?lang=en,3846,com.plexapp.agents.audnexus://B001HOEHI4?lang=en
3849,3850,The Time Traveler&rsquo;s Guide to Restoration Britain A Handbook for Visitors to the Seventeenth Century,Time Traveler’s Guides  - The Time Traveler&rsquo;s Guide to Restoration Britain A Handbook for Visitors to the Seventeenth Century,Ian Mortimer,The Time Traveler&rsquo;s Guide to Restoration Britain A Handbook for Visitors to the Seventeenth Century (2017) [Time Traveler’s Guides ],20 hrs 17 mins,1217,2023-03-23T21:25:30,2017-01-01,,local://3849,3846,com.plexapp.agents.audnexus://B001HOEHI4?lang=en
1481,1482,The Bone Orchard,The Bone Orchard,Sara A. Mueller,The Bone Orchard (2022),14 hrs 8 mins,848,2023-05-05T23:52:59,2022-03-22,Macmillan Audio,com.plexapp.agents.audnexus://1250840600_us?lang=en,1480,com.plexapp.agents.audnexus://B09543Z7LD?lang=en
1345,1346,Extra Virginity,Extra Virginity,Tom Mueller,Extra Virginity (2012),10 hrs 11 mins,611,2023-05-12T15:00:06,2011-12-15,"Dreamscape Media, LLC",com.plexapp.agents.audnexus://B006M4ODEW_us?lang=en,1344,com.plexapp.agents.audnexus://B0069GFOM8?lang=en
884,885,Princess Floralinda and the Forty-Flight Tower,Princess Floralinda and the Forty-Flight Tower,Tamsyn Muir,Princess Floralinda and the Forty-Flight Tower (2020),4 hrs 10 mins,250,2023-07-09T10:59:37,2020-11-30,"Recorded Books, Inc.",com.plexapp.agents.audnexus://1705004571_us?lang=en,883,com.plexapp.agents.audnexus://B07B3X5H5H?lang=en
892,893,Gideon the Ninth,"The Locked Tomb Trilogy, Book 1 - Gideon the Ninth",Tamsyn Muir,Gideon the Ninth (2019) [The Locked Tomb Trilogy 1],16 hrs 51 mins,1011,2023-03-29T13:24:17,2019-09-10,Recorded Books,com.plexapp.agents.audnexus://1980004900_us?lang=en,883,com.plexapp.agents.audnexus://B07B3X5H5H?lang=en
890,891,Harrow the Ninth,"The Locked Tomb Trilogy, Book 2 - Harrow the Ninth",Tamsyn Muir,Harrow the Ninth (2020) [The Locked Tomb Trilogy 2],19 hrs 52 mins,1192,2023-03-29T13:29:29,2020-08-04,Recorded Books,com.plexapp.agents.audnexus://1980004935_us?lang=en,883,com.plexapp.agents.audnexus://B07B3X5H5H?lang=en
888,889,Nona the Ninth,"The Locked Tomb Trilogy, Book 3 - Nona the Ninth",Tamsyn Muir,Nona the Ninth (2022) [The Locked Tomb Trilogy 3],17 hrs 47 mins,1067,2023-03-29T13:32:28,2022-09-13,Recorded Books,com.plexapp.agents.audnexus://B0B1QVZKZG_us?lang=en,883,com.plexapp.agents.audnexus://B07B3X5H5H?lang=en
886,887,Undercover,Undercover,Tamsyn Muir,Undercover (2022) [Into Shadow collection ],2 hrs 2 mins,122,2023-05-31T16:50:10,2022-11-15,Amazon Original Stories,com.plexapp.agents.audnexus://B0BJFRFWCC_us?lang=en,883,com.plexapp.agents.audnexus://B07B3X5H5H?lang=en
6925,6926,What Matters in Jane Austen,What Matters in Jane Austen,John Mullan,What Matters in Jane Austen (2013),10 hrs 37 mins,637,2025-01-17T16:58:53,2013-03-01,Audible Studios for Bloomsbury,com.plexapp.agents.audnexus://B00BMSL2MO_us?lang=en,6924,com.plexapp.agents.audnexus://B001IXUBOI?lang=en
1844,1845,Kafka on the Shore,Kafka on the Shore,Haruki Murakami,Kafka on the Shore (2005),19 hrs 6 mins,1146,2023-04-26T10:10:31,2013-08-06,Random House Audio,com.plexapp.agents.audnexus://B00E83NFUC_us?lang=en,1843,com.plexapp.agents.audnexus://B000AP7AFI?lang=en
7994,7995,Underground,Underground,Haruki Murakami,Underground (2013),13 hrs 33 mins,813,2025-05-16T14:21:11,2013-09-03,Random House Audio,com.plexapp.agents.audnexus://B00ESK1QEM_us?lang=en,1843,com.plexapp.agents.audnexus://B000AP7AFI?lang=en
2233,2234,You're Not Listening,You're Not Listening,Kate Murphy,You're Not Listening (2019),6 hrs 31 mins,391,2023-04-17T08:56:03,2020-01-07,Macmillan Audio,com.plexapp.agents.audnexus://1250263727_us?lang=en,2232,com.plexapp.agents.audnexus://B082MR92TY?lang=en
6038,6039,The Bee Sting,The Bee Sting,Paul Murray,The Bee Sting (2023),1 day 2 hrs 10 mins,1570,2024-09-26T12:41:01,2023-10-10,Audible Studios,com.plexapp.agents.audnexus://B0CKLVXZ7Z_us?lang=en,6037,com.plexapp.agents.audnexus://B001K8XS82?lang=en
2028,2029,The Man Without Qualities,The Man Without Qualities,Robert Musil,The Man Without Qualities (1995),2 days 12 hrs 32 mins,3632,2023-04-22T14:37:40,2022-04-08,Ukemi Audiobooks from W. F. Howes Ltd,com.plexapp.agents.audnexus://B09WZ6PMQ1_us?lang=en,2027,com.plexapp.agents.audnexus://B005GLG7U0?lang=en
2835,2836,Nexus,"Nexus (Naam), Book 1 - Nexus",Ramez Naam,Nexus (2012) [Nexus (Naam) 1],13 hrs 13 mins,793,2023-03-29T14:24:29,2013-07-25,Angry Robot on Brilliance Audio,com.plexapp.agents.audnexus://B00E4PK0RU_us?lang=en,2834,com.plexapp.agents.audnexus://B001IOH84S?lang=en
3842,3843,"Ada, or Ardor","Ada, or Ardor",Vladimir Nabokov,"Ada, or Ardor (1969)",20 hrs 51 mins,1251,2023-03-23T21:27:12,2011-09-20,Brilliance Audio ,com.plexapp.agents.audnexus://B005MKCCC2_us?lang=en,3841,com.plexapp.agents.audnexus://B000AQ2CJ6?lang=en
6861,6862,Invitation to a Beheading,Invitation to a Beheading,Vladimir Nabokov,Invitation to a Beheading (2010),6 hrs 11 mins,371,2025-01-11T23:42:25,2010-11-29,Audible Studios,com.plexapp.agents.audnexus://B004EB9X0Y_us?lang=en,3841,com.plexapp.agents.audnexus://B000AQ2CJ6?lang=en
3844,3845,The Eye,The Eye,Vladimir Nabokov,The Eye (1930),2 hrs 37 mins,157,2023-03-23T21:26:20,2011-01-20,Brilliance Audio ,com.plexapp.agents.audnexus://B004JOBB6U_us?lang=en,3841,com.plexapp.agents.audnexus://B000AQ2CJ6?lang=en
6866,6867,Transparent Things,Transparent Things,Vladimir Nabokov,Transparent Things (2011),3 hrs 15 mins,195,2025-01-11T23:43:30,2011-10-20,Brilliance Audio,com.plexapp.agents.audnexus://B005UGBDJ6_us?lang=en,3841,com.plexapp.agents.audnexus://B000AQ2CJ6?lang=en
6016,6017,The Future Was Now,The Future Was Now,Chris Nashawaty,The Future Was Now (2024),9 hrs 5 mins,545,2024-09-24T21:58:40,2024-07-30,Brilliance Audio,com.plexapp.agents.audnexus://B0CVCFYXST_us?lang=en,6015,com.plexapp.agents.audnexus://B00L3OS6MG?lang=en
7682,7683,Muppets in Moscow,Muppets in Moscow,"Natasha Lance Rogoff, Gary Knell - afterword",Muppets in Moscow (2022),11 hrs,660,2025-05-04T13:17:47,2022-10-17,Lance Productions,com.plexapp.agents.audnexus://B0BGT1RRXM_us?lang=en,7681,local://7681
3124,3125,Crooked,Crooked,Nathan Masters,Crooked (2023),12 hrs 34 mins,754,2023-03-28T22:12:46,2023-01-01,,local://3124,3123,plex://artist/5d07bf1f403c640290716dd2
6582,6583,The Mountain in the Sea,The Mountain in the Sea,Ray Nayler,The Mountain in the Sea (2022),11 hrs 6 mins,666,2024-11-24T14:05:31,2022-10-04,Macmillan Audio,com.plexapp.agents.audnexus://B09Q77S5JH_us?lang=en,6581,com.plexapp.agents.audnexus://B008LTR0XM?lang=en
6981,6982,Gridlinked,Gridlinked,Neal Asher 	 					 Narrated by:,Gridlinked (2017),17 hrs 54 mins,1074,2025-01-31T22:48:57,2017-01-01,,local://6981,6980,local://6980
7950,7951,When France Fell,When France Fell,Michael S. Neiberg,When France Fell (2021),10 hrs 53 mins,653,2025-05-15T15:54:02,2021-11-09,Tantor Audio,com.plexapp.agents.audnexus://B09KHL2NJ2_us?lang=en,7949,com.plexapp.agents.audnexus://B001HMTQ1Y?lang=en
1232,1233,A Taste for Poison,A Taste for Poison,Neil Bradbury Ph.D.,A Taste for Poison (2021),7 hrs 15 mins,435,2023-06-12T22:19:12,2022-02-01,Macmillan Audio,com.plexapp.agents.audnexus://125082169X_us?lang=en,1231,local://1231
2558,2559,Kings of Paradise,"Ash and Sand Series, Book 1 - Kings of Paradise",Richard Nell,Kings of Paradise (2017) [Ash and Sand Series 1],1 day 1 hr 32 mins,1532,2023-04-05T21:42:55,2018-10-05,Richard Nell,com.plexapp.agents.audnexus://B07HZKWGFR_us?lang=en,2557,com.plexapp.agents.audnexus://B074R6GMXL?lang=en
3642,3643,These Violent Delights,"Violent Ends, Book 1 - These Violent Delights",Micah Nemerever,These Violent Delights (2020),14 hrs 13 mins,853,2023-03-23T23:43:09,2021-01-26,Tantor Audio,com.plexapp.agents.audnexus://1705283829_us?lang=en,3641,com.plexapp.agents.audnexus://B089PR1JSN?lang=en
545,546,We Had a Little Real Estate Problem,We Had a Little Real Estate Problem,Kliph Nesteroff,We Had a Little Real Estate Problem (2021),9 hrs 35 mins,575,2023-09-06T20:28:47,2021-02-16,Simon & Schuster Audio,com.plexapp.agents.audnexus://1797118935_us?lang=en,544,com.plexapp.agents.audnexus://B07JBHF2KV?lang=en
8003,8004,Things Are Never So Bad That They Can't Get Worse,Things Are Never So Bad That They Can't Get Worse,William Neuman,Things Are Never So Bad That They Can't Get Worse (2022),11 hrs 46 mins,706,2025-05-17T09:56:46,2022-03-15,Macmillan Audio,com.plexapp.agents.audnexus://1250839718_us?lang=en,8002,com.plexapp.agents.audnexus://B098R69GJ3?lang=en
749,750,A History of What Comes Next,"Take Them to the Stars, Book 1 - A History of What Comes Next",Sylvain Neuvel,A History of What Comes Next (2021) [Take Them to the Stars 1],9 hrs 23 mins,563,2023-06-19T13:08:12,2021-02-02,Macmillan Audio,com.plexapp.agents.audnexus://1250790131_us?lang=en,740,com.plexapp.agents.audnexus://B00NWXS2Q6?lang=en
747,748,Until the Last of Me,"Take Them to the Stars, Book 2 - Until the Last of Me",Sylvain Neuvel,Until the Last of Me (2022) [Take Them to the Stars 2],8 hrs 42 mins,522,2023-06-19T20:44:47,2022-03-29,Macmillan Audio,com.plexapp.agents.audnexus://1250841232_us?lang=en,740,com.plexapp.agents.audnexus://B00NWXS2Q6?lang=en
745,746,Sleeping Giants,"Themis Files, Book 1 - Sleeping Giants",Sylvain Neuvel,Sleeping Giants (2016) [Themis Files 1],8 hrs 27 mins,507,2023-07-31T22:48:40,2016-04-26,Random House Audio,com.plexapp.agents.audnexus://B01A98UKAC_us?lang=en,740,com.plexapp.agents.audnexus://B00NWXS2Q6?lang=en
743,744,Waking Gods,"Themis Files, Book 2 - Waking Gods",Sylvain Neuvel,Waking Gods (2017) [Themis Files 2],9 hrs 3 mins,543,2023-07-31T22:49:40,2017-04-04,Random House Audio,com.plexapp.agents.audnexus://B01NGUBLBW_us?lang=en,740,com.plexapp.agents.audnexus://B00NWXS2Q6?lang=en
741,742,Only Human,"Themis Files, Book 3 - Only Human",Sylvain Neuvel,Only Human (2018) [Themis Files 3],8 hrs 44 mins,524,2023-07-31T22:55:07,2018-05-01,Random House Audio,com.plexapp.agents.audnexus://B07B41P3D6_us?lang=en,740,com.plexapp.agents.audnexus://B00NWXS2Q6?lang=en
6256,6257,Astounding,Astounding,Alec Nevala-Lee,Astounding (2018),13 hrs 13 mins,793,2024-10-05T22:56:31,2018-10-23,HarperAudio,com.plexapp.agents.audnexus://0062847392_us?lang=en,6255,com.plexapp.agents.audnexus://B0062DMJ0S?lang=en
3839,3840,The Terraformers,The Terraformers,Annalee Newitz,The Terraformers (2023),13 hrs 18 mins,798,2023-03-23T21:28:50,2023-01-31,Macmillan Audio,com.plexapp.agents.audnexus://B09XVP737G_us?lang=en,3838,com.plexapp.agents.audnexus://B000APBA2M?lang=en
1989,1990,A River Called Time,A River Called Time,Courttia Newland,A River Called Time (2021),18 hrs 18 mins,1098,2023-04-23T22:00:54,2021-04-06,Random House Audio,com.plexapp.agents.audnexus://0593458907_us?lang=en,1988,com.plexapp.agents.audnexus://B0034OLPBM?lang=en
1681,1682,Planetfall,"Planetfall, Book 1 - Planetfall",Emma Newman,Planetfall (2015) [Planetfall 1],10 hrs 2 mins,602,2023-03-29T21:09:20,2015-11-03,"Blackstone Audio, Inc.",com.plexapp.agents.audnexus://B014X9O12Q_us?lang=en,1664,com.plexapp.agents.audnexus://B0046HGYMQ?lang=en
1679,1680,After Atlas,"Planetfall, Book 2 - After Atlas",Emma Newman,After Atlas (2018) [Planetfall 2],12 hrs 47 mins,767,2023-04-29T23:25:48,2016-11-08,"Blackstone Audio, Inc.",com.plexapp.agents.audnexus://B01M68KPDV_us?lang=en,1664,com.plexapp.agents.audnexus://B0046HGYMQ?lang=en
1677,1678,Before Mars,"Planetfall, Book 3 - Before Mars",Emma Newman,Before Mars (2018) [Planetfall 3],12 hrs 1 min,721,2023-04-29T23:26:24,2018-04-17,Tantor Audio,com.plexapp.agents.audnexus://B07BWJ2LRQ_us?lang=en,1664,com.plexapp.agents.audnexus://B0046HGYMQ?lang=en
1675,1676,Atlas Alone,"Planetfall, Book 4 - Atlas Alone",Emma Newman,Atlas Alone (2019) [Planetfall 4],10 hrs 50 mins,650,2023-04-29T23:26:56,2019-04-16,Tantor Audio,com.plexapp.agents.audnexus://1541478924_us?lang=en,1664,com.plexapp.agents.audnexus://B0046HGYMQ?lang=en
1669,1670,Between Two Thorns,"The Split Worlds, Book 1 - Between Two Thorns",Emma Newman,Between Two Thorns (2013) [The Split Worlds 1],1 day 2 mins,1442,2023-04-30T21:32:14,2013-02-26,Angry Robot on Brilliance Audio,com.plexapp.agents.audnexus://B00B2OXZ00_us?lang=en,1664,com.plexapp.agents.audnexus://B0046HGYMQ?lang=en
1673,1674,Any Other Name,"The Split Worlds, Book 2 - Any Other Name",Emma Newman,Any Other Name (2013) [The Split Worlds 2],12 hrs 21 mins,741,2023-04-29T23:28:22,2013-05-28,Brilliance Audio,com.plexapp.agents.audnexus://B00CX9DHEC_us?lang=en,1664,com.plexapp.agents.audnexus://B0046HGYMQ?lang=en
1665,1666,All Is Fair,"The Split Worlds, Book 3 - All Is Fair",Emma Newman,All Is Fair (2013) [The Split Worlds 3],12 hrs 54 mins,774,2023-04-30T23:23:32,2013-10-10,Angry Robot on Brilliance Audio,com.plexapp.agents.audnexus://B00FPXR708_us?lang=en,1664,com.plexapp.agents.audnexus://B0046HGYMQ?lang=en
1667,1668,A Little Knowledge,"The Split Worlds, Book 4 - A Little Knowledge",Emma Newman,A Little Knowledge (2016) [The Split Worlds 4],14 hrs 5 mins,845,2023-04-30T21:33:09,2017-01-10,Tantor Audio,com.plexapp.agents.audnexus://B01NBN3IJJ_us?lang=en,1664,com.plexapp.agents.audnexus://B0046HGYMQ?lang=en
1671,1672,All Good Things,"The Split Worlds, Book 5 - All Good Things",Emma Newman,All Good Things (2017) [The Split Worlds 5],14 hrs 14 mins,854,2023-04-29T23:28:56,2017-06-01,Tantor Audio,com.plexapp.agents.audnexus://B0728BXSVM_us?lang=en,1664,com.plexapp.agents.audnexus://B0046HGYMQ?lang=en
1692,1693,The Deathless,"Deathless, Book 1 - The Deathless",Peter Newman,The Deathless (2018) [Deathless 1],14 hrs 18 mins,858,2023-04-29T23:25:16,2018-06-14,HarperCollins Publishers Limited,com.plexapp.agents.audnexus://B07CN44MPS_us?lang=en,1683,com.plexapp.agents.audnexus://B00MAAUZA8?lang=en
1690,1691,The Ruthless,"Deathless, Book 2 - The Ruthless",Peter Newman,The Ruthless (2019) [Deathless 2],13 hrs 47 mins,827,2023-04-30T21:23:57,2019-06-13,HarperCollins Publishers Limited,com.plexapp.agents.audnexus://0008229074_us?lang=en,1683,com.plexapp.agents.audnexus://B00MAAUZA8?lang=en
1686,1687,The Seven,"Nell Buchanan & Ivan Lucic Series, Book 3 - The Seven",Peter Newman,The Seven (2017) [The Vagrant 3],15 hrs 30 mins,930,2023-04-30T21:22:54,2023-10-03,Wavesound from W. F. Howes Ltd,com.plexapp.agents.audnexus://B0CJ3VRVWP_us?lang=en,1683,com.plexapp.agents.audnexus://B00MAAUZA8?lang=en
1688,1689,The Vagrant (The Vagrant Trilogy),"The Vagrant, Book 1 - The Vagrant (The Vagrant Trilogy)",Peter Newman,The Vagrant (2015) [The Vagrant 1],13 hrs 25 mins,805,2023-03-23T21:29:53,2015-04-23,HarperCollins Publishers Limited,com.plexapp.agents.audnexus://B00VUS19W4_us?lang=en,1683,com.plexapp.agents.audnexus://B00MAAUZA8?lang=en
1684,1685,The Malice (The Vagrant Trilogy),"The Vagrant, Book 2 - The Malice (The Vagrant Trilogy)",Peter Newman,The Malice (2016) [The Vagrant 2],14 hrs 43 mins,883,2023-04-30T21:25:36,2016-05-19,HarperCollins Publishers Limited,com.plexapp.agents.audnexus://B01BLUHZY6_us?lang=en,1683,com.plexapp.agents.audnexus://B00MAAUZA8?lang=en
5407,5408,Under the Pendulum Sun,Under the Pendulum Sun,Jeannette Ng,Under the Pendulum Sun (2018),12 hrs 36 mins,756,2024-07-22T15:17:17,2018-08-28,Tantor Audio,com.plexapp.agents.audnexus://1541443993_us?lang=en,5406,com.plexapp.agents.audnexus://B0776P18LC?lang=en
4140,4141,We Have Always Been Here,We Have Always Been Here,Lena Nguyen,We Have Always Been Here (2021),18 hrs 12 mins,1092,2023-03-22T16:53:02,2021-07-06,Recorded Books,com.plexapp.agents.audnexus://1980085382_us?lang=en,4139,com.plexapp.agents.audnexus://B00DPGOCK0?lang=en
5396,5397,Angels Before Man,"Angels, Book 1 - Angels Before Man",Rafael Nicolás,Angels Before Man (2024),15 hrs 10 mins,910,2024-07-21T08:44:14,2024-06-18,Tantor Audio,com.plexapp.agents.audnexus://B0D5FJGZBB_us?lang=en,5395,com.plexapp.agents.audnexus://B0BH27GBFL?lang=en
5636,5637,Angels & Man,"Angels, Book 2 - Angels & Man",Rafael Nicolás,Angels & Man (2023) [Angels 2],18 hrs 39 mins,1119,2024-08-28T18:26:37,2024-08-20,Tantor Audio,com.plexapp.agents.audnexus://B0DBXBTS51_us?lang=en,5395,com.plexapp.agents.audnexus://B0BH27GBFL?lang=en
2662,2663,The Men Who Would Be King,The Men Who Would Be King,Nicole LaPorte,The Men Who Would Be King (2010),18 hrs 1 min,1081,2023-03-30T01:05:39,2010-05-05,Tantor Audio,com.plexapp.agents.audnexus://B003KQL9AQ_us?lang=en,2661,local://2661
2967,2968,Thus Spoke Zarathustra,Thus Spoke Zarathustra,"Friedrich Nietzsche, Thomas Common - translator",Thus Spoke Zarathustra (2011),11 hrs 27 mins,687,2023-03-29T12:06:20,2011-05-23,Tantor Audio,com.plexapp.agents.audnexus://B0051JLQ1W_us?lang=en,2966,com.plexapp.agents.audnexus://B000APYT8O?lang=en
6916,6917,The Darkening Age,The Darkening Age,Catherine Nixey,The Darkening Age (2018),9 hrs 20 mins,560,2025-01-16T17:34:23,2018-06-14,Macmillan Digital Audio,com.plexapp.agents.audnexus://B07B8TCLP1_us?lang=en,6915,com.plexapp.agents.audnexus://B075SDKVC8?lang=en
8985,8986,Gogmagog,"The Chronicles of Ludwich, Book 1 - Gogmagog","Jeff Noon, Steve Beard",Gogmagog (2024) [The Chronicles of Ludwich 1],11 hrs 52 mins,712,2026-02-09T20:17:04,2024-02-13,Dreamscape Lore,com.plexapp.agents.audnexus://B0CPYYDRKM_us?lang=en,8984,com.plexapp.agents.audnexus://B000AQ40AK?lang=en
8987,8988,Ludluda: The Second Chronicle of Ludwich,"The Chronicles of Ludwich, Book 2 - Ludluda: The Second Chronicle of Ludwich","Jeff Noon, Steve Beard",Ludluda The Second Chronicle of Ludwich (2024) [The Chronicles of Ludwich 2],11 hrs 15 mins,675,2026-02-09T20:20:14,2024-12-03,Dreamscape Lore,com.plexapp.agents.audnexus://B0DFYZJH38_us?lang=en,8984,com.plexapp.agents.audnexus://B000AQ40AK?lang=en
2390,2391,The Design of Everyday Things,The Design of Everyday Things,Don Norman,The Design of Everyday Things (2013),10 hrs 40 mins,640,2023-04-12T22:09:14,2018-12-07,Basic Books,com.plexapp.agents.audnexus://B07L5YQDRT_us?lang=en,2389,com.plexapp.agents.audnexus://B072JTX52K?lang=en
3836,3837,Notes from the Burning Age,Notes from the Burning Age,Claire North,Notes from the Burning Age (2021),13 hrs 2 mins,782,2023-03-23T21:38:41,2021-07-20,Orbit,com.plexapp.agents.audnexus://1549136356_us?lang=en,3835,com.plexapp.agents.audnexus://B00QU8OLDI?lang=en
6832,6833,In Universes,In Universes,Emet North,In Universes (2024),7 hrs 37 mins,457,2025-01-09T23:51:18,2024-04-30,HarperAudio,com.plexapp.agents.audnexus://B0CFCF7N53_us?lang=en,6831,com.plexapp.agents.audnexus://B003DWFXXG?lang=en
2884,2885,How to Invent Everything,How to Invent Everything,Ryan North,How to Invent Everything (2018),12 hrs 56 mins,776,2023-03-29T13:30:10,2018-09-18,Penguin Audio,com.plexapp.agents.audnexus://0525640495_us?lang=en,2883,com.plexapp.agents.audnexus://B004SAN7VM?lang=en
6536,6537,Absolute Monarchs,Absolute Monarchs,John Julius Norwich,Absolute Monarchs (2011),18 hrs 59 mins,1139,2024-11-14T22:58:00,2011-09-14,Tantor Audio,com.plexapp.agents.audnexus://B005MSHW9C_us?lang=en,6515,com.plexapp.agents.audnexus://B004MO4WCW?lang=en
6516,6517,Sicily,Sicily,John Julius Norwich,Sicily (2015),14 hrs 25 mins,865,2024-11-08T14:21:49,2015-07-21,Tantor Audio,com.plexapp.agents.audnexus://B011DISB8A_us?lang=en,6515,com.plexapp.agents.audnexus://B004MO4WCW?lang=en
5195,5196,Cue the Sun!,Cue the Sun!,Emily Nussbaum,Cue the Sun! (2024),15 hrs 12 mins,912,2024-07-01T11:47:48,2024-06-25,Random House Audio,com.plexapp.agents.audnexus://B0CPTHHB9D_us?lang=en,3361,com.plexapp.agents.audnexus://B07KMJS9XJ?lang=en
3362,3363,I Like to Watch,I Like to Watch,Emily Nussbaum,I Like to Watch (2019),13 hrs 42 mins,822,2023-03-28T14:55:59,2019-06-25,Random House Audio,com.plexapp.agents.audnexus://1984841270_us?lang=en,3361,com.plexapp.agents.audnexus://B07KMJS9XJ?lang=en
6817,6818,Poached,Poached,Rachel Love Nuwer,Poached (2018),16 hrs 34 mins,994,2025-01-08T11:39:30,2018-09-25,"HighBridge, a division of Recorded Books",com.plexapp.agents.audnexus://B07HKQMY6D_us?lang=en,6816,com.plexapp.agents.audnexus://B07B1M4DCN?lang=en
3143,3144,The Final Unfinished Voyage of Jack Aubrey,"Aubrey/Maturin (abridged), Book 21 - The Final Unfinished Voyage of Jack Aubrey",Patrick O'Brian,The Final Unfinished Voyage of Jack Aubrey (2010) [AubreyMaturin (abridged) 21],1 hr 58 mins,118,2023-03-28T21:55:29,2010-05-03,HarperCollins Publishers Limited,com.plexapp.agents.audnexus://B003KIQOY0_us?lang=en,3138,com.plexapp.agents.audnexus://B002BLL3ZC?lang=en
3139,3140,The Hundred Days,"Aubrey/Maturin, Book 19 - The Hundred Days",Patrick O'Brian,The Hundred Days (1998) [AubreyMaturin 19],8 hrs 54 mins,534,2023-03-28T21:58:50,2004-06-04,Recorded Books,com.plexapp.agents.audnexus://B002V8NA6U_us?lang=en,3138,com.plexapp.agents.audnexus://B002BLL3ZC?lang=en
3141,3142,Blue at the Mizzen,"Aubrey/Maturin, Book 20 - Blue at the Mizzen",Patrick O'Brian,Blue at the Mizzen (2005) [AubreyMaturin 20],8 hrs 16 mins,496,2023-03-28T21:56:17,2003-12-25,Recorded Books,com.plexapp.agents.audnexus://B002V5BB0K_us?lang=en,3138,com.plexapp.agents.audnexus://B002BLL3ZC?lang=en
927,928,At Swim-Two-Birds,At Swim-Two-Birds,Flann O'Brien,At Swim-Two-Birds (2019),8 hrs 14 mins,494,2023-07-05T11:45:50,2019-11-12,Blackstone Publishing,com.plexapp.agents.audnexus://1094065226_us?lang=en,926,com.plexapp.agents.audnexus://B001H6GK50?lang=en
929,930,The Third Policeman,The Third Policeman,Flann O'Brien,The Third Policeman (2007),6 hrs 44 mins,404,2023-04-04T22:13:04,2012-10-08,Naxos AudioBooks,com.plexapp.agents.audnexus://B002V1BJE2_us?lang=en,926,com.plexapp.agents.audnexus://B001H6GK50?lang=en
447,448,Steal the Sky,"Beautiful Nightmares, Book 2 - Steal the Sky",Megan E. O'Keefe,Steal the Sky (2016) [Scorched Continent 1],12 hrs 33 mins,753,2023-04-21T23:32:31,2024-03-05,Podium Audio,com.plexapp.agents.audnexus://B0CT5WF65K_us?lang=en,442,com.plexapp.agents.audnexus://B00IMSE6VQ?lang=en
443,444,The Blighted Stars,"Devoured Worlds, Book 1 - The Blighted Stars",Megan E. O'Keefe,The Blighted Stars (2023) [Devoured Worlds 1],17 hrs 49 mins,1069,2023-09-27T10:19:54,2023-05-23,Orbit,com.plexapp.agents.audnexus://B0BJ4JLW57_us?lang=en,442,com.plexapp.agents.audnexus://B00IMSE6VQ?lang=en
449,450,Break the Chains,"Scorched Continent, Book 2 - Break the Chains",Megan E. O'Keefe,Break the Chains (2016) [Scorched Continent 2],11 hrs 27 mins,687,2023-04-21T23:32:00,2017-03-16,Recorded Books,com.plexapp.agents.audnexus://B06XPQKJHJ_us?lang=en,442,com.plexapp.agents.audnexus://B00IMSE6VQ?lang=en
451,452,Velocity Weapon,"The Protectorate, Book 1 - Velocity Weapon",Megan E. O'Keefe,Velocity Weapon (2019) [The Protectorate 1],18 hrs 21 mins,1101,2023-03-23T21:31:51,2019-06-11,Orbit,com.plexapp.agents.audnexus://1549148982_us?lang=en,442,com.plexapp.agents.audnexus://B00IMSE6VQ?lang=en
445,446,Chaos Vector,"The Protectorate, Book 2 - Chaos Vector",Megan E. O'Keefe,Chaos Vector (2020),19 hrs 6 mins,1146,2023-04-21T23:32:36,2020-07-28,Hachette Audio,com.plexapp.agents.audnexus://1549133071_us?lang=en,442,com.plexapp.agents.audnexus://B00IMSE6VQ?lang=en
9201,9202,The First Jesuits,The First Jesuits,John W. O'Malley,The First Jesuits (2023),20 hrs 4 mins,1204,2026-03-16T12:11:23,2023-06-06,Tantor Audio,com.plexapp.agents.audnexus://B0C5L1XFT5_us?lang=en,9142,com.plexapp.agents.audnexus://B001ITVNX0?lang=en
9162,9163,Vatican I,Vatican I,John W. O'Malley,Vatican I (2018),8 hrs 21 mins,501,2026-03-06T11:02:06,2018-10-16,"Blackstone Audio, Inc.",com.plexapp.agents.audnexus://B07HPBR1TW_us?lang=en,9142,com.plexapp.agents.audnexus://B001ITVNX0?lang=en
9143,9144,Vatican II,Vatican II,John W. O'Malley,Vatican II (2017),4 hrs 50 mins,290,2026-03-06T10:51:31,2017-08-18,Learn25,com.plexapp.agents.audnexus://B074WC6WLH_us?lang=en,9142,com.plexapp.agents.audnexus://B001ITVNX0?lang=en
4311,4312,Chaos,Chaos,"Tom O'Neill, Dan Piepenbring",Chaos (2019),16 hrs 15 mins,975,2023-03-22T12:19:14,2019-06-25,"Little, Brown & Company",com.plexapp.agents.audnexus://1478998997_us?lang=en,4310,com.plexapp.agents.audnexus://B07SHTR4KT?lang=en
2805,2806,Warlock,Warlock,"Oakley Hall, Robert Stone",Warlock (1958),22 hrs 6 mins,1326,2023-03-29T18:52:41,2018-06-05,Tantor Audio,com.plexapp.agents.audnexus://B07D9QVYVM_us?lang=en,2804,local://2804
7484,7485,The Panama Papers,The Panama Papers,"Frederik Obermaier, Bastian Obermayer",The Panama Papers (2016),12 hrs 3 mins,723,2025-03-31T23:21:29,2016-10-06,Audible Studios,com.plexapp.agents.audnexus://B01L0NJ6J6_us?lang=en,7483,com.plexapp.agents.audnexus://B00JIV1TIY?lang=en
4643,4644,Tripped,Tripped,Norman Ohler,Tripped (2024),6 hrs 13 mins,373,2024-05-08T19:10:28,2024-04-09,Mariner Books,com.plexapp.agents.audnexus://B0CBNK97GZ_us?lang=en,4642,com.plexapp.agents.audnexus://B001K1SFFU?lang=en
5561,5563,Binti,"Binti, Book 1 - Binti",Nnedi Okorafor,Binti (2018) [Binti 2],4 hrs 11 mins,251,2024-08-14T08:05:10,2015-09-22,Macmillan Audio,com.plexapp.agents.audnexus://B010HEGGO2_us?lang=en,5560,com.plexapp.agents.audnexus://B001IYTVPM?lang=en
6901,6902,Death of the Author,Death of the Author,Nnedi Okorafor,Death of the Author (2025),16 hrs 13 mins,973,2025-01-15T22:06:02,2025-01-14,William Morrow,com.plexapp.agents.audnexus://B0D6NQ3ZWC_us?lang=en,5560,com.plexapp.agents.audnexus://B001IYTVPM?lang=en
5565,5566,Lost Ark Dreaming,Lost Ark Dreaming,Suyi Davies Okungbowa,Lost Ark Dreaming (2024),5 hrs 1 min,301,2024-08-14T08:10:26,2024-05-21,Audible Studios,com.plexapp.agents.audnexus://B0D4BCXNXS_us?lang=en,5564,com.plexapp.agents.audnexus://B07S7KFBGB?lang=en
856,857,Infomocracy,"The Centenal Cycle, Book 1 - Infomocracy",Malka Older,Infomocracy (2016) [The Centenal Cycle 1],9 hrs 43 mins,583,2023-07-11T08:49:48,2016-06-07,Macmillan Audio,com.plexapp.agents.audnexus://B01GF3VT2S_us?lang=en,855,com.plexapp.agents.audnexus://B01G2DRDX0?lang=en
7576,7577,The Imposition of Unnecessary Obstacles,"The Investigations of Mossa and Pleiti, Book 2 - The Imposition of Unnecessary Obstacles",Malka Older,The Imposition of Unnecessary Obstacles (2024) [The Investigations of Mossa and Pleiti 2],4 hrs 58 mins,298,2025-04-13T08:45:55,2024-08-13,Recorded Books,com.plexapp.agents.audnexus://B0CZ7PXSXZ_us?lang=en,855,com.plexapp.agents.audnexus://B01G2DRDX0?lang=en
7517,7518,The Mimicking of Known Successes,The Mimicking of Known Successes,Malka Older,The Mimicking of Known Successes (2023),4 hrs 27 mins,267,2025-04-05T20:29:51,2023-03-07,Blackstone Publishing,com.plexapp.agents.audnexus://B0BKR5JBBD_us?lang=en,855,com.plexapp.agents.audnexus://B01G2DRDX0?lang=en
1249,1250,Once upon a Tome,Once upon a Tome,Oliver Darkshire,Once upon a Tome (2022),5 hrs 41 mins,341,2023-06-07T16:01:04,2023-04-25,Tantor Media,com.plexapp.agents.audnexus://B0C2W3VQT8_us?lang=en,1248,local://1248
5146,5147,The Secret Library,The Secret Library,Oliver Tearle,The Secret Library (2024),8 hrs 25 mins,505,2024-06-23T09:43:37,2024-03-21,W. F. Howes Ltd,com.plexapp.agents.audnexus://B0CV5Y8V7K_us?lang=en,5145,local://5145
5677,5678,Abandoned Prayers,Abandoned Prayers,"Gregg Olsen, Rebecca Morris",Abandoned Prayers (2021),11 hrs 51 mins,711,2024-08-31T23:51:36,2021-08-10,Gregg Olsen,com.plexapp.agents.audnexus://B09C8YMGMC_us?lang=en,5095,com.plexapp.agents.audnexus://B000APG6AS?lang=en
5096,5097,If I Can't Have You,If I Can't Have You,"Gregg Olsen, Rebecca Morris",If I Can't Have You (2014),10 hrs 35 mins,635,2024-06-16T03:49:09,2014-05-06,Crime Rant Classics,com.plexapp.agents.audnexus://B00K58Y09O_us?lang=en,5095,com.plexapp.agents.audnexus://B000APG6AS?lang=en
5496,5497,The Amish Wife,The Amish Wife,"Gregg Olsen, Rebecca Morris",The Amish Wife (2024),10 hrs 37 mins,637,2024-07-31T10:45:56,2024-03-26,Brilliance Audio,com.plexapp.agents.audnexus://B0CWVW8QRJ_us?lang=en,5095,com.plexapp.agents.audnexus://B000APG6AS?lang=en
5834,5835,Elite Capture,Elite Capture,Olúfẹ́mi O. Táíwò,Elite Capture (2022),3 hrs 16 mins,196,2024-09-08T23:22:38,2022-05-03,Blackstone Publishing,com.plexapp.agents.audnexus://B09VJVD98X_us?lang=en,5833,local://5833
8116,8117,The Library Book,The Library Book,Susan Orlean,The Library Book (2018),12 hrs 9 mins,729,2025-05-27T07:45:38,2018-10-16,Simon & Schuster Audio,com.plexapp.agents.audnexus://B07DR6WFH1_us?lang=en,8115,com.plexapp.agents.audnexus://B001IOFENA?lang=en
6743,6744,The Lasting Harm,The Lasting Harm,Lucia Osborne-Crowley,The Lasting Harm (2024),10 hrs 31 mins,631,2024-12-31T10:37:05,2024-07-04,Fourth Estate,com.plexapp.agents.audnexus://B0CZP9RYRX_us?lang=en,6742,com.plexapp.agents.audnexus://B07ZRXFR7K?lang=en
8688,8689,The Thursday Murder Club,"A Thursday Murder Club Mystery, Book 1 - The Thursday Murder Club",Richard Osman,The Thursday Murder Club (2020) [A Thursday Murder Club Mystery 1],10 hrs 29 mins,629,2025-11-06T13:13:35,2020-09-22,Penguin Audio,com.plexapp.agents.audnexus://0593289501_us?lang=en,8687,com.plexapp.agents.audnexus://B074KL81KM?lang=en
720,721,Splendiferous Speech,Splendiferous Speech,Rosemarie Ostler,Splendiferous Speech (2018),8 hrs 55 mins,535,2023-08-08T23:59:55,2018-11-27,Tantor Audio,com.plexapp.agents.audnexus://1977332064_us?lang=en,719,com.plexapp.agents.audnexus://B001JP23QO?lang=en
8235,8236,A Deadly Affection,"Dr. Genevieve Summerford Mysteries, Book 1 - A Deadly Affection",Cuyler Overholt,A Deadly Affection (2016) [Dr. Genevieve Summerford Mysteries 1],16 hrs 18 mins,978,2025-07-04T09:05:45,2016-09-06,Recorded Books,com.plexapp.agents.audnexus://B01KP4R8UK_us?lang=en,8234,com.plexapp.agents.audnexus://B006ZKWCDM?lang=en
4306,4307,Deviations: Bondage,"The Deviations, Book 4 - Deviations: Bondage","Chris OWen, Jodi Payne",Deviations (2008) [The Deviations 4],12 hrs 32 mins,752,2023-03-22T12:22:55,2019-02-20,"Tygerseye Publishing, LLC",com.plexapp.agents.audnexus://B07NSF4RLD_us?lang=en,4303,com.plexapp.agents.audnexus://B001JP3H00?lang=en
4308,4309,Deviations: Bondage,"The Deviations, Book 4 - Deviations: Bondage","Chris OWen, Jodi Payne",Deviations (2007) [The Deviations 1],8 hrs 57 mins,537,2023-03-22T12:21:27,2019-02-20,"Tygerseye Publishing, LLC",com.plexapp.agents.audnexus://B07NSF4RLD_us?lang=en,4303,com.plexapp.agents.audnexus://B001JP3H00?lang=en
4304,4305,Safe Words: A Deviations Novel,"The Deviations, Book 5 - Safe Words: A Deviations Novel","Chris OWen, Jodi Payne",Safe Words (2008) [The Deviations 5],7 hrs 39 mins,459,2023-03-22T12:23:19,2019-06-25,Tygerseye Publishing LLC,com.plexapp.agents.audnexus://B07T8KHDQM_us?lang=en,4303,com.plexapp.agents.audnexus://B001JP3H00?lang=en
2141,2142,The Book of Form and Emptiness,The Book of Form and Emptiness,Ruth Ozeki,The Book of Form and Emptiness (2021),18 hrs 53 mins,1133,2023-04-19T21:59:04,2021-09-21,Penguin Audio,com.plexapp.agents.audnexus://0593417917_us?lang=en,2140,com.plexapp.agents.audnexus://B000APJB0A?lang=en
1280,1281,Beau Geste,"Beau Geste, Book 1 - Beau Geste",P.C. Wren,Beau Geste (Cop) [Beau Geste 1],15 hrs,900,2023-06-01T22:21:19,2006-03-22,"Blackstone Audio, Inc.",com.plexapp.agents.audnexus://B002V0KRAK_us?lang=en,1279,local://1279
6013,6014,Drunk Flies and Stoned Dolphins,Drunk Flies and Stoned Dolphins,Oné R. Pagán,Drunk Flies and Stoned Dolphins (2022-01-13),9 hrs 9 mins,549,2024-09-24T15:41:06,2022-01-13,BenBella Books,com.plexapp.agents.audnexus://B09QB1TX92_us?lang=en,6012,com.plexapp.agents.audnexus://B00J6J1FCI?lang=en
8294,8295,Inventing the Renaissance,Inventing the Renaissance,Ada Palmer,Inventing the Renaissance (2025),1 day 6 hrs 19 mins,1819,2025-08-04T07:36:26,2025-03-28,University of Chicago Press,com.plexapp.agents.audnexus://B0F1GDQ6TP_us?lang=en,2667,com.plexapp.agents.audnexus://B00JPHEZVY?lang=en
2668,2669,The Will to Battle,"Terra Ignota, Book 3 - The Will to Battle",Ada Palmer,The Will to Battle (2017) [Terra Ignota 3],17 hrs 8 mins,1028,2023-03-30T01:04:14,2017-12-19,Recorded Books,com.plexapp.agents.audnexus://B077XNFNWL_us?lang=en,2667,com.plexapp.agents.audnexus://B00JPHEZVY?lang=en
569,570,The Shamshine Blind,The Shamshine Blind,Paz Pardo,The Shamshine Blind (2023),11 hrs 2 mins,662,2023-09-05T21:27:08,2023-02-14,Simon & Schuster Audio,com.plexapp.agents.audnexus://B0B4T9J7SY_us?lang=en,568,com.plexapp.agents.audnexus://B0B98P6P79?lang=en
3827,3828,Blackshirts and Reds,Blackshirts and Reds,Michael Parenti,Blackshirts and Reds (1997),5 hrs 29 mins,329,2023-03-22T12:09:04,2022-02-01,Tantor Media,com.plexapp.agents.audnexus://B09QRKKRX9_us?lang=en,3824,com.plexapp.agents.audnexus://B000APNF70?lang=en
3825,3826,The Assassination of Julius Caesar,The Assassination of Julius Caesar,Michael Parenti,The Assassination of Julius Caesar (2003),7 hrs 19 mins,439,2023-03-23T21:33:43,2022-02-15,Tantor Audio,com.plexapp.agents.audnexus://B09R5YYLWP_us?lang=en,3824,com.plexapp.agents.audnexus://B000APNF70?lang=en
952,953,She Who Became the Sun,"The Radiant Emperor Duology, Book 1 - She Who Became the Sun",Shelley Parker-Chan,She Who Became the Sun (2021) [The Radiant Emperor Duology 1],14 hrs 37 mins,877,2023-07-04T23:21:48,2021-07-20,Macmillan Audio,com.plexapp.agents.audnexus://1250807808_us?lang=en,951,com.plexapp.agents.audnexus://B08FSX16TT?lang=en
6462,6463,Saevus Corax Deals With the Dead,"Corax, Book 1 - Saevus Corax Deals With the Dead",K. J. Parker,Saevus Corax Deals with the Dead (Unabridged) (2023) [Corax ],13 hrs 44 mins,824,2024-11-04T17:31:32,2023-10-03,Orbit,com.plexapp.agents.audnexus://B0BWHLFGLH_us?lang=en,6461,com.plexapp.agents.audnexus://B001ILKHK8?lang=en
8680,8681,Making History,Making History,K. J. Parker,Making History (2025),3 hrs 6 mins,186,2025-10-14T15:06:21,2025-09-02,Podium Audio,com.plexapp.agents.audnexus://B0FN6R4Z5N_us?lang=en,6461,com.plexapp.agents.audnexus://B001ILKHK8?lang=en
663,664,I'm a Fan,I'm a Fan,Sheena Patel,I'm a Fan (2023),4 hrs 31 mins,271,2023-09-02T12:25:24,2023-09-05,Recorded Books,com.plexapp.agents.audnexus://B0CG6QMS1X_us?lang=en,662,com.plexapp.agents.audnexus://B00CJ37JWS?lang=en
249,250,Kaikeyi,Kaikeyi,Vaishnavi Patel,Kaikeyi (2022-04-26),17 hrs 22 mins,1042,2024-01-09T15:16:41,2022-04-26,Redhook,com.plexapp.agents.audnexus://B09S27X33M_us?lang=en,248,com.plexapp.agents.audnexus://B09CYK65GQ?lang=en
7664,7665,Terrible Humans,Terrible Humans,Patrick Alley,Terrible Humans (2024),11 hrs 4 mins,664,2025-05-03T17:46:05,2024-05-23,Monoray,com.plexapp.agents.audnexus://B0CPQ9H6CT_us?lang=en,7663,local://7663
1644,1645,Order from Chaos,Order from Chaos,Jaclyn Paul,Order from Chaos (2018),6 hrs 37 mins,397,2023-04-30T21:34:11,2021-05-25,Tantor Media,com.plexapp.agents.audnexus://1666126446_us?lang=en,1643,com.plexapp.agents.audnexus://B07B6T7YRS?lang=en
6656,6657,A Naked Singularity,A Naked Singularity,Sergio De La Pava,A Naked Singularity (2016),1 day 3 hrs 13 mins,1633,2024-12-08T20:41:49,2016-06-22,Recorded Books,com.plexapp.agents.audnexus://B01HBT0GDS_us?lang=en,3370,com.plexapp.agents.audnexus://B006L329NQ?lang=en
7228,7229,Every Arc Bends Its Radian,Every Arc Bends Its Radian,Sergio De La Pava,Every Arc Bends Its Radian (2024),7 hrs 18 mins,438,2025-03-07T13:21:20,2024-11-12,Simon & Schuster Audio,com.plexapp.agents.audnexus://B0CW7QP3BP_us?lang=en,3370,com.plexapp.agents.audnexus://B006L329NQ?lang=en
3371,3372,Lost Empress,Lost Empress,Sergio De La Pava,Lost Empress (2018),19 hrs 9 mins,1149,2023-03-28T14:49:07,2018-05-08,Random House Audio,com.plexapp.agents.audnexus://B07CSW5H46_us?lang=en,3370,com.plexapp.agents.audnexus://B006L329NQ?lang=en
5185,5186,History of the American Frontier 1763-1893,History of the American Frontier 1763-1893,Frederic L. Paxson,History of the American Frontier 1763-1893 (2022),1 day 55 mins,1495,2024-06-29T10:42:24,2022-01-01,,local://5185,5184,com.plexapp.agents.audnexus://B001KHTIB4?lang=en
6490,6491,The Anatomy of Fascism,The Anatomy of Fascism,Robert O. Paxton,The Anatomy of Fascism (2017),11 hrs 2 mins,662,2024-11-06T19:47:44,2017-04-06,"Blackstone Audio, Inc.",com.plexapp.agents.audnexus://B06XXRHVGP_us?lang=en,6489,com.plexapp.agents.audnexus://B000APO5QK?lang=en
9017,9018,Where Are Your Boys Tonight?,Where Are Your Boys Tonight?,Chris Payne,Where Are Your Boys Tonight (2023),13 hrs 54 mins,834,2026-02-14T13:01:38,2023-06-06,HarperAudio,com.plexapp.agents.audnexus://B09SGLPDBP_us?lang=en,9016,com.plexapp.agents.audnexus://B0BP8B8WWS?lang=en
4299,4300,Deviations: Discipline,"The Deviations, Book 3 - Deviations: Discipline",Jodi Payne,Deviations (2007) [The Deviations 3],8 hrs 1 min,481,2023-03-22T12:22:19,2018-07-03,Tygerseye Publishing LLC,com.plexapp.agents.audnexus://B07F49NTWX_us?lang=en,4295,com.plexapp.agents.audnexus://B002BLY7O6?lang=en
4301,4302,Deviations: Discipline,"The Deviations, Book 3 - Deviations: Discipline",Jodi Payne,Deviations (2005) [The Deviations 2],8 hrs 15 mins,495,2023-03-22T12:21:48,2018-07-03,Tygerseye Publishing LLC,com.plexapp.agents.audnexus://B07F49NTWX_us?lang=en,4295,com.plexapp.agents.audnexus://B002BLY7O6?lang=en
4296,4297,Soft Limits: A Deviations Novel,"The Deviations, Book 6 - Soft Limits: A Deviations Novel",Jodi Payne,Soft Limits (2019) [The Deviations 6],5 hrs 21 mins,321,2023-03-22T12:23:49,2019-11-11,Tygerseye Publishing LLC,com.plexapp.agents.audnexus://B08193DGW3_us?lang=en,4295,com.plexapp.agents.audnexus://B002BLY7O6?lang=en
7745,7746,"A History of Fascism, 1914-1945","A History of Fascism, 1914-1945",Stanley G. Payne,"A History of Fascism, 1914-1945 (2018)",20 hrs 25 mins,1225,2025-05-10T16:35:04,2018-01-01,,local://7745,7744,com.plexapp.agents.audnexus://B001HCW7Z6?lang=en
3970,3971,Titus Groan,"Gormenghast, Book 1 - Titus Groan",Mervyn Peake,Titus Groan (1967) [Gormenghast 1],17 hrs 28 mins,1048,2023-03-23T00:49:20,2001-10-11,"Blackstone Audio, Inc.",com.plexapp.agents.audnexus://B002V1OMVE_us?lang=en,3969,com.plexapp.agents.audnexus://B004MP8GJQ?lang=en
4131,4132,The Dante Club,"The Dante Club, Book 1 - The Dante Club",Matthew Pearl,The Dante Club (2006) [The Dante Club 1],14 hrs 22 mins,862,2023-03-22T16:56:35,2006-06-01,Simon & Schuster Audio,com.plexapp.agents.audnexus://B002V1BNES_us?lang=en,4130,com.plexapp.agents.audnexus://B001IXU14I?lang=en
8000,8001,The Writer's Library,The Writer's Library,"Nancy Pearl, Jeff Schwager",The Writer's Library (2020),11 hrs 22 mins,682,2025-05-16T17:36:44,2020-09-08,HarperAudio,com.plexapp.agents.audnexus://0063034751_us?lang=en,7999,com.plexapp.agents.audnexus://B001JRWYE8?lang=en
5262,5263,An Instance of the Fingerpost,An Instance of the Fingerpost,Iain Pears,An Instance of the Fingerpost (2011),1 day 4 hrs 54 mins,1734,2024-07-08T10:37:18,2011-07-26,Isis Publishing Ltd,com.plexapp.agents.audnexus://B005EHTM4E_us?lang=en,3972,com.plexapp.agents.audnexus://B000ARBIFE?lang=en
3973,3974,Arcadia,Arcadia,Iain Pears,Arcadia (2016),20 hrs 13 mins,1213,2023-03-23T00:48:52,2016-02-09,Random House Audio,com.plexapp.agents.audnexus://B01AKPEIR0_us?lang=en,3972,com.plexapp.agents.audnexus://B000ARBIFE?lang=en
5646,5647,Stone's Fall,Stone's Fall,Iain Pears,Stone's Fall (2009),1 day 7 mins,1447,2024-08-30T09:23:03,2009-05-05,Random House Audio,com.plexapp.agents.audnexus://B002V8MJ6W_us?lang=en,3972,com.plexapp.agents.audnexus://B000ARBIFE?lang=en
7501,7502,A Short Stay in Hell,A Short Stay in Hell,Steven L. Peck,A Short Stay in Hell (2012),2 hrs 43 mins,163,2025-04-02T23:25:43,2012-06-06,Strange Violin Editions,com.plexapp.agents.audnexus://B00892QB6S_us?lang=en,7500,com.plexapp.agents.audnexus://B001K8EL2Y?lang=en
9926,9927,The Duke I Tempted,"The Secrets of Charlotte Street, Book 1 - The Duke I Tempted",Scarlett Peckham,The Duke I Tempted (2019) [The Secrets of Charlotte Street 1],9 hrs 4 mins,544,2026-05-12T09:26:23,2019-03-04,Lantern Audio,com.plexapp.agents.audnexus://B07P9BS7SW_us?lang=en,9923,com.plexapp.agents.audnexus://B07CXNFR3M?lang=en
9924,9925,The Lord I Left,"The Secrets of Charlotte Street, Book 3 - The Lord I Left",Scarlett Peckham,The Lord I Left (2020) [The Secrets of Charlotte Street 3],8 hrs 21 mins,501,2026-05-07T10:43:02,2020-05-14,Lantern Audio,com.plexapp.agents.audnexus://B088KM4DQG_us?lang=en,9923,com.plexapp.agents.audnexus://B07CXNFR3M?lang=en
3822,3823,Live Work Work Work Die,Live Work Work Work Die,Corey Pein,Live Work Work Work Die (2018),8 hrs 39 mins,519,2023-03-23T21:35:15,2018-04-24,Macmillan Audio,com.plexapp.agents.audnexus://B077JC8YMQ_us?lang=en,3821,com.plexapp.agents.audnexus://B07BGJ8K42?lang=en
6939,6940,Mood Machine,Mood Machine,Liz Pelly,Mood Machine (2025),11 hrs 51 mins,711,2025-01-21T09:48:09,2025-01-07,Simon & Schuster Audio,com.plexapp.agents.audnexus://B0DH6R6MQ3_us?lang=en,6938,com.plexapp.agents.audnexus://B0DRW65259?lang=en
4885,4886,Strange Angel,Strange Angel,George Pendle,Strange Angel (2019),11 hrs 16 mins,676,2024-05-31T14:52:13,2019-05-14,Brilliance Audio,com.plexapp.agents.audnexus://1721348913_us?lang=en,4884,com.plexapp.agents.audnexus://B001IQXCUU?lang=en
2519,2520,The Diary of Samuel Pepys,"The Diary of Samuel Pepys, Book 2 - The Diary of Samuel Pepys",Samuel Pepys,The Diary of Samuel Pepys (1983) [The Diary of Samuel Pepys 1],1 day 19 hrs 23 mins,2603,2023-04-06T22:58:35,2015-02-20,Naxos AudioBooks,com.plexapp.agents.audnexus://B00TPVVBUS_us?lang=en,2518,com.plexapp.agents.audnexus://B001ITRM8A?lang=en
2521,2522,The Diary of Samuel Pepys,"The Diary of Samuel Pepys, Book 2 - The Diary of Samuel Pepys",Samuel Pepys,The Diary of Samuel Pepys () [The Diary of Samuel Pepys 3],1 day 12 hrs 17 mins,2177,2023-04-06T22:57:33,2015-02-20,Naxos AudioBooks,com.plexapp.agents.audnexus://B00TPVVBUS_us?lang=en,2518,com.plexapp.agents.audnexus://B001ITRM8A?lang=en
2523,2524,The Diary of Samuel Pepys,"The Diary of Samuel Pepys, Book 2 - The Diary of Samuel Pepys",Samuel Pepys,The Diary of Samuel Pepys Volume II () [The Diary of Samuel Pepys 2],1 day 13 hrs 48 mins,2268,2023-04-06T22:56:42,2015-02-20,Naxos AudioBooks,com.plexapp.agents.audnexus://B00TPVVBUS_us?lang=en,2518,com.plexapp.agents.audnexus://B001ITRM8A?lang=en
2296,2297,Love in the Ruins,Love in the Ruins,Walker Percy,Love in the Ruins (1971),11 hrs 30 mins,690,2023-04-14T22:24:52,2012-11-15,"Blackstone Audio, Inc.",com.plexapp.agents.audnexus://B00A6TEJ7K_us?lang=en,2293,com.plexapp.agents.audnexus://B000APVFL8?lang=en
1218,1219,Captain Alatriste,"Captain Alatriste Series, Book 1 - Captain Alatriste",Arturo Pérez-Reverte,Captain Alatriste () [Captain Alatriste 1],6 hrs 58 mins,418,2023-06-12T22:23:45,2005-04-29,Penguin Audio,com.plexapp.agents.audnexus://B002V1CDUG_us?lang=en,1215,com.plexapp.agents.audnexus://B01DLY0UWY?lang=en
1216,1217,The Club Dumas,The Club Dumas,Arturo Pérez-Reverte,The Club Dumas (2006),6 hrs 4 mins,364,2023-06-12T22:24:05,2009-11-05,Phoenix Books,com.plexapp.agents.audnexus://B0036IOYNC_us?lang=en,1215,com.plexapp.agents.audnexus://B01DLY0UWY?lang=en
2686,2687,Before the Storm,Before the Storm,Rick Perlstein,Before the Storm (2017),1 day 4 hrs 8 mins,1688,2023-03-29T11:37:40,2017-11-06,Bold Type Books,com.plexapp.agents.audnexus://B0774Y6V6N_us?lang=en,2679,com.plexapp.agents.audnexus://B001I9OL9S?lang=en
2684,2685,Nixonland,Nixonland,Rick Perlstein,Nixonland (2008),1 day 12 hrs 46 mins,2206,2023-03-29T18:42:09,2009-05-22,"Blackstone Audio, Inc.",com.plexapp.agents.audnexus://B002V5GR6I_us?lang=en,2679,com.plexapp.agents.audnexus://B001I9OL9S?lang=en
2682,2683,Reaganland: America's Right Turn 1976-1980 (Unabridged),Reaganland: America's Right Turn 1976-1980 (Unabridged),Rick Perlstein,Reaganland America's Right Turn 1976-1980 (Unabridged) (2020),1 day 21 hrs 19 mins,2719,2023-03-29T21:40:32,2020-01-01,,local://2682,2679,com.plexapp.agents.audnexus://B001I9OL9S?lang=en
2680,2681,The Invisible Bridge,The Invisible Bridge,Rick Perlstein,The Invisible Bridge (2014),1 day 15 hrs 1 min,2341,2023-03-30T01:00:39,2010-05-04,Random House Audio,com.plexapp.agents.audnexus://B003GZ57Z4_us?lang=en,2679,com.plexapp.agents.audnexus://B001I9OL9S?lang=en
8946,8947,Pro Bono,Pro Bono,Thomas Perry,Pro Bono (2025),10 hrs 43 mins,643,2026-01-07T10:51:54,2025-01-14,Highbridge Audio,com.plexapp.agents.audnexus://B0DRDTHBMG_us?lang=en,8945,com.plexapp.agents.audnexus://B000AP7K94?lang=en
6703,6704,Darkly,Darkly,Marisha Pessl,Darkly (2024),11 hrs 17 mins,677,2024-12-19T15:43:09,2024-11-26,Listening Library,com.plexapp.agents.audnexus://B0CVSLP82G_us?lang=en,5554,com.plexapp.agents.audnexus://B0045AMDR4?lang=en
5555,5556,Night Film,Night Film,Marisha Pessl,Night Film (2013),23 hrs 10 mins,1390,2024-08-13T22:45:20,2013-08-20,Random House Audio,com.plexapp.agents.audnexus://B00CP6YGWA_us?lang=en,5554,com.plexapp.agents.audnexus://B0045AMDR4?lang=en
7619,7620,"The Girls: An All-American Town, a Predatory Doctor, and the Untold Story of the Gymnasts Who Brought Him Down (Unabridged)","Girls: An All-American Town, a Predatory Doctor, and the Untold Story of the Gymnasts Who Brought Him Down (Unabridged)",Abigail Pesta,"The Girls An All-American Town, a Predatory Doctor, and the Untold Story of the Gymnasts Who Brought Him Down (Unabridged) (2019)",8 hrs 1 min,481,2025-04-27T23:39:19,2019-01-01,,local://7619,7618,com.plexapp.agents.audnexus://B07HFGD1W5?lang=en
5303,5304,Spycraft,Spycraft,"Pete Langman, Nadine Akkerman",Spycraft (2024),9 hrs 2 mins,542,2024-07-13T08:53:07,2024-06-25,Tantor Audio,com.plexapp.agents.audnexus://B0D6NN38SN_us?lang=en,5302,local://5302
590,591,Royal Bastards,Royal Bastards,"Peter Beauclerk-Dewar, Roger Powell",Royal Bastards (2021),9 hrs 14 mins,554,2023-09-05T21:18:05,2021-04-27,Tantor Audio,com.plexapp.agents.audnexus://166610728X_us?lang=en,589,local://589
8917,8918,A History of Ghosts,A History of Ghosts,Peter H. Aykroyd,A History of Ghosts (2010),9 hrs 32 mins,572,2026-01-05T10:55:09,2010-03-02,Audible Studios,com.plexapp.agents.audnexus://B003ADQ4VS_us?lang=en,8916,local://8916
2433,2434,The Satyricon,Satyricon,Petronius,The Satyricon (2017),6 hrs 56 mins,416,2023-04-12T09:55:31,2017-01-01,,local://2433,2432,plex://artist/5d07be56403c640290680b1c
79,80,The Gray House,The Gray House,"Mariam Petrosyan, Yuri Machkasov - translator",The Gray House (2017-04-25),1 day 12 hrs 48 mins,2208,2024-03-07T10:22:21,2017-04-25,Brilliance Audio,com.plexapp.agents.audnexus://B06XWHSHFN_us?lang=en,78,com.plexapp.agents.audnexus://B01B9O2YBI?lang=en
3819,3820,The Library,The Library,"Andrew Pettegree, Arthur Der Weduwen",The Library (2021),15 hrs 24 mins,924,2023-03-23T21:35:43,2021-11-09,Basic Books,com.plexapp.agents.audnexus://B09F5PY2HG_us?lang=en,3818,com.plexapp.agents.audnexus://B001IXOCY8?lang=en
3833,3834,Learn Like a Pro,Learn Like a Pro,"Barbara Oakley PhD, Olav Schewe",Learn like a Pro (2021),3 hrs 38 mins,218,2023-03-23T21:32:01,2021-06-01,Macmillan Audio,com.plexapp.agents.audnexus://1250803519_us?lang=en,3832,com.plexapp.agents.audnexus://B000AP9ZR4?lang=en
4882,4883,Mordew,"Cities of the Weft Series, Book 1 - Mordew",Alex Pheby,Mordew (2021) [Cities of the Weft Series 1],18 hrs 30 mins,1110,2024-05-31T14:50:16,2021-09-14,Macmillan Audio,com.plexapp.agents.audnexus://125081832X_us?lang=en,4881,com.plexapp.agents.audnexus://B0034NH666?lang=en
7083,7084,The Exegesis of Philip K. Dick,The Exegesis of Philip K. Dick,Philip K. Dick 	 					 Narrated by:,The Exegesis of Philip K. Dick (2021),2 days 4 hrs 7 mins,3127,2025-02-22T08:30:15,2021-01-01,,local://7083,7082,local://7082
1252,1253,"James Tiptree, Jr.","James Tiptree, Jr.",Julie Phillips,"James Tiptree, Jr. (2006)",21 hrs 33 mins,1293,2023-06-07T09:54:25,2020-02-04,Audible Studios,com.plexapp.agents.audnexus://B084GDQVQ6_us?lang=en,1251,com.plexapp.agents.audnexus://B001IU0HU4?lang=en
987,988,Woman on the Edge of Time,Woman on the Edge of Time,Marge Piercy,Woman on the Edge of Time (2020),14 hrs 58 mins,898,2023-07-03T12:51:41,2016-09-06,Tantor Audio,com.plexapp.agents.audnexus://B01L0KQIEA_us?lang=en,986,com.plexapp.agents.audnexus://B000AP769I?lang=en
3639,3640,A Brief History of Equality,A Brief History of Equality,Thomas Piketty,A Brief History of Equality (2022),8 hrs 43 mins,523,2023-03-23T23:43:22,2022-04-19,Harvard University Press,com.plexapp.agents.audnexus://B09V5PXBCL_us?lang=en,3638,com.plexapp.agents.audnexus://B004MZ9VCW?lang=en
8292,8293,Capital in the Twenty-First Century,Capital in the Twenty-First Century,Thomas Piketty,Capital in the Twenty-First Century (2014),1 day 1 hr 1 min,1501,2025-08-04T01:37:15,2014-05-22,Audible Studios,com.plexapp.agents.audnexus://B00K33KA7M_us?lang=en,3638,com.plexapp.agents.audnexus://B004MZ9VCW?lang=en
8695,8696,Equality Is a Struggle,Equality Is a Struggle,Thomas Piketty,Equality Is a Struggle (2025),6 hrs 35 mins,395,2025-11-10T12:21:28,2025-10-01,Yale Press Audio,com.plexapp.agents.audnexus://B0FTGN1VFH_us?lang=en,3638,com.plexapp.agents.audnexus://B004MZ9VCW?lang=en
1656,1657,Dirty Laundry,Dirty Laundry,"Richard Pink, Roxanne Emery",Dirty Laundry (2023),4 hrs 3 mins,243,2023-04-30T21:29:45,2023-07-18,Random House Audio,com.plexapp.agents.audnexus://B0C7LHLCJT_us?lang=en,1655,com.plexapp.agents.audnexus://B0BSP16WYG?lang=en
2007,7470,The Worm and His Kings,"Worm and His Kings, Book 1 - The Worm and His Kings",Hailey Piper,The Worm and His Kings (2021) [Worm and His Kings 1],4 hrs 52 mins,292,2023-04-23T01:17:15,2021-04-22,Fireside Audio,com.plexapp.agents.audnexus://B08ZSZN7QR_us?lang=en,2006,com.plexapp.agents.audnexus://B07HDYFL2C?lang=en
6056,6057,The Highest Law in the Land,The Highest Law in the Land,Jessica Pishko,The Highest Law in the Land (2024),14 hrs 27 mins,867,2024-09-29T00:13:39,2024-09-17,Penguin Audio,com.plexapp.agents.audnexus://B0CR4D1KD3_us?lang=en,6055,com.plexapp.agents.audnexus://B00ISEXJDU?lang=en
4445,4446,Exit Black,Exit Black,Joe Pitkin,Exit Black (2024),7 hrs 41 mins,461,2024-04-18T12:50:12,2024-02-20,Blackstone Publishing,com.plexapp.agents.audnexus://B0CDDJ1DC8_us?lang=en,4444,com.plexapp.agents.audnexus://B0CT9D8ZXL?lang=en
2753,2754,The Republic,The Republic,Plato,The Republic (2010),11 hrs 59 mins,719,2023-03-30T00:46:45,2008-11-24,"Blackstone Audio, Inc.",com.plexapp.agents.audnexus://B002UZHXF8_us?lang=en,2752,com.plexapp.agents.audnexus://B00K9AJ9JO?lang=en
6005,6006,The Narrative of Arthur Gordon Pym of Nantucket,The Narrative of Arthur Gordon Pym of Nantucket,Edgar Allan Poe,The Narrative of Arthur Gordon Pym of Nantucket (2022),8 hrs 46 mins,526,2024-09-24T15:39:39,2022-01-14,SNR Audio,com.plexapp.agents.audnexus://B09QD4GHXZ_us?lang=en,6004,com.plexapp.agents.audnexus://B06X6F3MTY?lang=en
7930,7931,Man Plus,Man Plus,Frederik Pohl,Man Plus (2009),7 hrs 13 mins,433,2025-05-15T11:26:57,2009-09-08,Audible Studios,com.plexapp.agents.audnexus://B002V1M30Q_us?lang=en,7929,com.plexapp.agents.audnexus://B000APJH4A?lang=en
6499,6500,Shadow Men,Shadow Men,James Polchin,Shadow Men (2024),11 hrs 8 mins,668,2024-11-07T21:07:34,2024-11-05,Tantor Audio,com.plexapp.agents.audnexus://B0DKG2M5XC_us?lang=en,6498,com.plexapp.agents.audnexus://B07L6SMCN3?lang=en
3988,3989,Even Though I Knew the End,Even Though I Knew the End,C. Polk,Even Though I Knew the End (2022),3 hrs 52 mins,232,2023-03-23T00:41:50,2022-11-08,Recorded Books,com.plexapp.agents.audnexus://B0B8PTQHZV_us?lang=en,46,com.plexapp.agents.audnexus://B075HJ8BWR?lang=en
3985,3986,Stormsong,"The Kingston Cycle, Book 2 - Stormsong",C. Polk,Stormsong (2020) [The Kingston Cycle 2],11 hrs 20 mins,680,2023-03-23T00:43:38,2020-02-11,Recorded Books,com.plexapp.agents.audnexus://1980002096_us?lang=en,46,com.plexapp.agents.audnexus://B075HJ8BWR?lang=en
47,48,The Midnight Bargain,The Midnight Bargain,C. Polk,The Midnight Bargain (2020-10-13),11 hrs 50 mins,710,2024-03-16T21:49:03,2020-10-13,Recorded Books,com.plexapp.agents.audnexus://1705011632_us?lang=en,46,com.plexapp.agents.audnexus://B075HJ8BWR?lang=en
432,433,The Introvert&rsquo;s Edge to Networking,The Introvert's Edge to Networking,"Matthew Pollard, Derek Lewis - contributor, Jeb Blount - foreword",The Introvert&rsquo;s Edge to Networking (2021),7 hrs 30 mins,450,2023-10-21T11:53:52,2021-01-01,,local://432,431,com.plexapp.agents.audnexus://B073KVV97L?lang=en
2138,2139,The City Beautiful,The City Beautiful,Aden Polydoros,The City Beautiful (2021),12 hrs 46 mins,766,2023-04-19T21:59:59,2021-10-05,Recorded Books,com.plexapp.agents.audnexus://B09G8ZZDMJ_us?lang=en,2137,com.plexapp.agents.audnexus://B074B3N426?lang=en
8139,8140,Projections,Projections,S.E. Porter,Projections (2024),19 hrs 55 mins,1195,2025-05-30T17:11:30,2024-02-20,Audible Studios,com.plexapp.agents.audnexus://B0CVS8ZYVV_us?lang=en,8135,com.plexapp.agents.audnexus://B01LA5JNA6?lang=en
3982,3983,Masters of Atlantis,Masters of Atlantis,Charles Portis,Masters of Atlantis (1985),8 hrs 40 mins,520,2023-03-23T00:43:55,2022-05-10,Recorded Books,com.plexapp.agents.audnexus://B09YVWYRLF_us?lang=en,3981,com.plexapp.agents.audnexus://B000APD732?lang=en
7515,7516,Every Sky a Grave,"The Ascendance Series, Book 1 - Every Sky a Grave",Jay Posey,Every Sky a Grave (2020) [The Ascendance Series 1],12 hrs 38 mins,758,2025-04-05T20:24:38,2020-07-07,Simon & Schuster Audio,com.plexapp.agents.audnexus://1797111027_us?lang=en,7514,com.plexapp.agents.audnexus://B00J2161YM?lang=en
3056,3057,A Dance to the Music of Time,Dance to the Music of Time 1 - A Dance to the Music of Time,Anthony Powell,A Dance to the Music of Time (2010) [Dance to the Music of Time 1],21 hrs,1260,2023-03-29T11:08:42,2010-01-01,,local://3056,3051,com.plexapp.agents.audnexus://B000AQ6T0Y?lang=en
3054,3055,A Dance to the Music of Time,Dance to the Music of Time 2 - A Dance to the Music of Time,Anthony Powell,A Dance to the Music of Time (2010) [Dance to the Music of Time 2],20 hrs 31 mins,1231,2023-03-29T11:09:14,2010-01-01,,local://3054,3051,com.plexapp.agents.audnexus://B000AQ6T0Y?lang=en
3052,3053,A Dance to the Music of Time,Dance to the Music of Time 3 - A Dance to the Music of Time,Anthony Powell,A Dance to the Music of Time (2010) [Dance to the Music of Time 3],19 hrs 44 mins,1184,2023-03-29T11:09:38,2010-01-01,,local://3052,3051,com.plexapp.agents.audnexus://B000AQ6T0Y?lang=en
5320,5321,Embers of War,"The Embers of War Series, Book 1 - Embers of War",Gareth L. Powell,Embers of War (2018) [The Embers of War Series 1],10 hrs 39 mins,639,2024-07-15T22:16:09,2018-06-19,"Blackstone Audio, Inc.",com.plexapp.agents.audnexus://B07D9QZ29B_us?lang=en,5319,com.plexapp.agents.audnexus://B003UP5EBC?lang=en
5419,5420,Fleet of Knives: An Embers of War Novel,"The Embers of War Series, Book 2 - Fleet of Knives: An Embers of War Novel",Gareth L. Powell,Fleet of Knives (2019) [The Embers of War Series 2],9 hrs 51 mins,591,2024-07-23T22:48:56,2019-02-19,"Blackstone Audio, Inc.",com.plexapp.agents.audnexus://1982526688_us?lang=en,5319,com.plexapp.agents.audnexus://B003UP5EBC?lang=en
5421,5422,Light of Impossible Stars,"The Embers of War Series, Book 3 - Light of Impossible Stars",Gareth L. Powell,Light of Impossible Stars (2020) [The Embers of War Series 3],9 hrs 59 mins,599,2024-07-23T22:49:25,2020-02-18,Blackstone Publishing,com.plexapp.agents.audnexus://1982526769_us?lang=en,5319,com.plexapp.agents.audnexus://B003UP5EBC?lang=en
3816,3817,Wilder Girls,Wilder Girls,Rory Power,Wilder Girls (2019),8 hrs 48 mins,528,2023-03-23T21:41:46,2019-07-09,"Blackstone Audio, Inc.",com.plexapp.agents.audnexus://1982602023_us?lang=en,3815,com.plexapp.agents.audnexus://B07K2H8Z74?lang=en
9951,9952,Declare,Declare,Tim Powers,Declare (2011),21 hrs 45 mins,1305,2026-05-13T19:12:46,2011-01-11,"Blackstone Audio, Inc.",com.plexapp.agents.audnexus://B004ILXUMM_us?lang=en,9938,com.plexapp.agents.audnexus://B000APYVZ0?lang=en
9941,9942,Dinner at Deviant's Palace,Dinner at Deviant's Palace,Tim Powers,Dinner at Deviant's Palace,9 hrs 51 mins,591,2026-05-12T11:25:29,2025-07-29,Tantor Media,com.plexapp.agents.audnexus://B0FBN632C7_us?lang=en,9938,com.plexapp.agents.audnexus://B000APYVZ0?lang=en
9939,9940,Last Call,"Fault Lines, Book 1 - Last Call",Tim Powers,Last Call,19 hrs 33 mins,1173,2026-05-12T11:25:19,2010-12-02,"Blackstone Audio, Inc.",com.plexapp.agents.audnexus://B004EKOZQ2_us?lang=en,9938,com.plexapp.agents.audnexus://B000APYVZ0?lang=en
9943,9944,The Anubis Gates,The Anubis Gates,Tim Powers,Tim Powers,15 hrs 39 mins,939,2026-05-12T11:25:32,2016-01-12,"Blackstone Audio, Inc.",com.plexapp.agents.audnexus://B019G0PCMU_us?lang=en,9938,com.plexapp.agents.audnexus://B000APYVZ0?lang=en
4346,4347,The Darker Nations,The Darker Nations,Vijay Prashad,The Darker Nations (2007),12 hrs 22 mins,742,2023-03-22T12:04:39,2021-10-19,Tantor Audio,com.plexapp.agents.audnexus://B09HR55MB3_us?lang=en,3594,com.plexapp.agents.audnexus://B001HQ5GFA?lang=en
3595,3596,Washington Bullets,Washington Bullets,Vijay Prashad,Washington Bullets (2020),5 hrs 29 mins,329,2023-03-24T00:10:43,2021-09-14,Tantor Audio,com.plexapp.agents.audnexus://B09DZ2679N_us?lang=en,3594,com.plexapp.agents.audnexus://B001HQ5GFA?lang=en
1283,1284,Guards! Guards!,"Discworld, Book 8 - Guards! Guards!","Terry Pratchett, Ben Aaronovitch - afterword",Guards! Guards! (1989) [Discworld Ankh-Morpork City Watch 1],13 hrs 26 mins,806,2023-06-01T15:27:03,2023-05-25,Transworld Digital,com.plexapp.agents.audnexus://B09M8WGGBN_us?lang=en,1282,com.plexapp.agents.audnexus://B000AQ0NN8?lang=en
1812,1813,Men at Arms,"Discworld, Book 15 - Men at Arms","Terry Pratchett, Ben Aaronovitch - afterword",Men at Arms (1993) [Discworld 15],12 hrs 59 mins,779,2023-06-01T15:29:35,2023-05-25,Transworld Digital,com.plexapp.agents.audnexus://B09MDKMN8R_us?lang=en,1282,com.plexapp.agents.audnexus://B000AQ0NN8?lang=en
1806,1807,Feet Of Clay,"Discworld, Book 19 - Feet Of Clay","Terry Pratchett, Ben Aaronovitch - afterword",Feet of Clay (1996) [Discworld Ankh-Morpork City Watch 3],12 hrs 21 mins,741,2023-06-01T22:29:34,2023-05-25,Transworld Digital,com.plexapp.agents.audnexus://B09M8Y536Y_us?lang=en,1282,com.plexapp.agents.audnexus://B000AQ0NN8?lang=en
1814,1815,Jingo,"Discworld, Book 21 - Jingo","Terry Pratchett, Ben Aaronovitch - afterword",Jingo (1997) [Discworld 21],13 hrs 38 mins,818,2023-06-01T15:28:06,2023-05-25,Penguin Audio,com.plexapp.agents.audnexus://B09M8YBLKH_us?lang=en,1282,com.plexapp.agents.audnexus://B000AQ0NN8?lang=en
1808,1809,The Fifth Elephant,"Discworld, Book 24 - The Fifth Elephant","Terry Pratchett, Ben Aaronovitch - afterword",The Fifth Elephant (1999) [Discworld Ankh-Morpork City Watch 5],10 hrs 46 mins,646,2023-04-05T21:47:12,2023-05-25,Transworld Digital,com.plexapp.agents.audnexus://B09M8X6H8X_us?lang=en,1282,com.plexapp.agents.audnexus://B000AQ0NN8?lang=en
1818,1819,Thief Of Time,"Discworld, Book 26 - Thief Of Time","Terry Pratchett, Ben Aaronovitch - afterword",Thief of Time (2001) [Discworld Death 5],10 hrs 53 mins,653,2023-04-26T20:37:37,2022-10-27,Transworld Digital,com.plexapp.agents.audnexus://B09LZ3PWYB_us?lang=en,1282,com.plexapp.agents.audnexus://B000AQ0NN8?lang=en
1810,1811,Night Watch,"Discworld, Book 29 - Night Watch","Terry Pratchett, Ben Aaronovitch - afterword",Night Watch (1992) [Discworld Ankh-Morpork City Watch 6],10 hrs 45 mins,645,2023-04-05T21:44:36,2023-05-25,Transworld Digital,com.plexapp.agents.audnexus://B09M8XH27V_us?lang=en,1282,com.plexapp.agents.audnexus://B000AQ0NN8?lang=en
1820,1821,Monstrous Regiment,"Discworld, Book 31 - Monstrous Regiment","Terry Pratchett, Ben Aaronovitch - afterword",Monstrous Regiment (2003) [Discworld Industrial Revolution 3],11 hrs 39 mins,699,2023-04-05T21:44:10,2004-12-23,Harper,com.plexapp.agents.audnexus://B002V8LLYI_us?lang=en,1282,com.plexapp.agents.audnexus://B000AQ0NN8?lang=en
1816,1817,Thud!,"Discworld, Book 34 - Thud!","Terry Pratchett, Ben Aaronovitch - afterword",Thud! (2005) [Discworld 34],10 hrs 31 mins,631,2023-04-05T21:36:44,2005-09-13,Harper,com.plexapp.agents.audnexus://B002V8LA3A_us?lang=en,1282,com.plexapp.agents.audnexus://B000AQ0NN8?lang=en
1822,1823,Making Money,"Discworld, Book 36 - Making Money","Terry Pratchett, Ben Aaronovitch - afterword",Making Money (2007) [Discworld Moist von Lipwig 2],11 hrs 4 mins,664,2023-04-05T21:43:42,2007-09-18,Harper,com.plexapp.agents.audnexus://B002V0Q7KE_us?lang=en,1282,com.plexapp.agents.audnexus://B000AQ0NN8?lang=en
1824,1825,Unseen Academicals,"Discworld, Book 37 - Unseen Academicals","Terry Pratchett, Ben Aaronovitch - afterword",Unseen Academicals (2009) [Discworld Rincewind 8],12 hrs 37 mins,757,2023-04-05T21:41:22,2009-10-06,Harper,com.plexapp.agents.audnexus://B002VA3GXK_us?lang=en,1282,com.plexapp.agents.audnexus://B000AQ0NN8?lang=en
2067,2068,The Science of Discworld,"Science of Discworld, Book 1 - The Science of Discworld","Terry Pratchett, Ben Aaronovitch - afterword",The Science of Discworld (1999) [Science of Discworld 1],13 hrs 45 mins,825,2023-04-22T14:15:33,2014-06-03,Random House Audio,com.plexapp.agents.audnexus://B00KHYRK8E_us?lang=en,1282,com.plexapp.agents.audnexus://B000AQ0NN8?lang=en
2069,2070,The Science Of Discworld II,"Science of Discworld, Book 2 - The Science Of Discworld II","Terry Pratchett, Ben Aaronovitch - afterword",The Science of Discworld II (2002) [Science of Discworld 2],12 hrs 45 mins,765,2023-04-22T14:14:11,2012-07-05,RH AudioGo,com.plexapp.agents.audnexus://B007X62EW6_us?lang=en,1282,com.plexapp.agents.audnexus://B000AQ0NN8?lang=en
2071,2072,Science of Discworld III: Darwin's Watch,"Science of Discworld, Book 3 - Science of Discworld III: Darwin's Watch","Terry Pratchett, Ben Aaronovitch - afterword",The Science of Discworld III (2012) [Science of Discworld 3],11 hrs 27 mins,687,2023-04-22T14:13:51,2012-09-27,RH AudioGo,com.plexapp.agents.audnexus://B0083KCATS_us?lang=en,1282,com.plexapp.agents.audnexus://B000AQ0NN8?lang=en
2073,2074,The Science of Discworld IV,"Science of Discworld, Book 4 - The Science of Discworld IV","Terry Pratchett, Ben Aaronovitch - afterword",The Science of Discworld IV (2013) [Science of Discworld 4],12 hrs 16 mins,736,2023-04-22T14:13:12,2013-04-11,RH AudioGo,com.plexapp.agents.audnexus://B00CAXTVXM_us?lang=en,1282,com.plexapp.agents.audnexus://B000AQ0NN8?lang=en
2776,2777,The War of Art,The War of Art,Steven Pressfield,The War of Art (2011),2 hrs 29 mins,149,2023-03-29T21:05:35,2019-04-04,Black Irish Entertainment LLC,com.plexapp.agents.audnexus://B07PQ9GLDV_us?lang=en,2775,com.plexapp.agents.audnexus://B000AQ8R8Q?lang=en
4646,4647,Extinction,"Cash & Colcord, Book 1 - Extinction",Douglas Preston,Extinction (2024),12 hrs 9 mins,729,2024-05-09T13:21:44,2024-04-23,Macmillan Audio,com.plexapp.agents.audnexus://B0C31S55BF_us?lang=en,4645,com.plexapp.agents.audnexus://B000AQ0AWW?lang=en
7736,7737,Fall,Fall,John Preston,Fall (2021),11 hrs 24 mins,684,2025-05-10T16:33:11,2021-02-09,HarperAudio,com.plexapp.agents.audnexus://0062997521_us?lang=en,7735,com.plexapp.agents.audnexus://B000APO1EG?lang=en
82,83,Children of Ash and Elm,Children of Ash and Elm,Neil Price,Children of Ash and Elm (2020-08-25),17 hrs 26 mins,1046,2024-03-07T10:05:22,2020-08-25,Recorded Books,com.plexapp.agents.audnexus://1980074879_us?lang=en,81,com.plexapp.agents.audnexus://B0034ORXVI?lang=en
7301,7302,The Affirmation,Affirmation,Christopher Priest,The Affirmation (1981),7 hrs 13 mins,433,2025-03-10T21:04:19,1981-01-01,,local://7301,1101,com.plexapp.agents.audnexus://B000AP7ZWG?lang=en
1108,1109,Expect Me Tomorrow,Expect Me Tomorrow,Christopher Priest,Expect Me Tomorrow (2022),9 hrs 31 mins,571,2023-03-29T12:18:33,2022-09-15,Gollancz,com.plexapp.agents.audnexus://B0B4PN6NDM_us?lang=en,1101,com.plexapp.agents.audnexus://B000AP7ZWG?lang=en
1102,1103,The Gradual,Gradual,Christopher Priest,The Gradual (2016),12 hrs 18 mins,738,2023-06-19T11:55:42,2016-01-01,,local://1102,1101,com.plexapp.agents.audnexus://B000AP7ZWG?lang=en
7433,7434,Inverted World,Inverted World,Christopher Priest,Inverted World (1974),9 hrs 40 mins,580,2025-03-25T22:52:38,2012-11-02,Audible Studios,com.plexapp.agents.audnexus://B009ZI06IE_us?lang=en,1101,com.plexapp.agents.audnexus://B000AP7ZWG?lang=en
1116,1117,The Adjacent,The Adjacent,Christopher Priest,The Adjacent (2013),15 hrs 18 mins,918,2023-03-23T00:44:59,2013-01-01,,local://1116,1101,com.plexapp.agents.audnexus://B000AP7ZWG?lang=en
1114,1115,The Dream Archipelago,The Dream Archipelago,Christopher Priest,The Dream Archipelago (2012),10 hrs 19 mins,619,2023-03-23T00:45:20,2012-01-01,,local://1114,1101,com.plexapp.agents.audnexus://B000AP7ZWG?lang=en
1106,1107,The Evidence,The Evidence,Christopher Priest,The Evidence (2020),8 hrs 28 mins,508,2023-03-30T00:47:52,2020-10-15,Gollancz,com.plexapp.agents.audnexus://147323140X_us?lang=en,1101,com.plexapp.agents.audnexus://B000AP7ZWG?lang=en
1118,1119,The Glamour,The Glamour,Christopher Priest,The Glamour (2012),9 hrs 22 mins,562,2023-03-23T00:44:35,2012-01-01,,local://1118,1101,com.plexapp.agents.audnexus://B000AP7ZWG?lang=en
1104,1105,The Islanders,The Islanders,Christopher Priest,The Islanders (2012),11 hrs 22 mins,682,2023-06-15T21:23:06,2012-01-01,,com.plexapp.agents.none://1104?lang=xn,1101,com.plexapp.agents.audnexus://B000AP7ZWG?lang=en
1112,1113,The Quiet Woman,The Quiet Woman,Christopher Priest,The Quiet Woman (2012),8 hrs 23 mins,503,2023-03-23T00:45:42,2012-01-01,,com.plexapp.agents.none://1112?lang=xn,1101,com.plexapp.agents.audnexus://B000AP7ZWG?lang=en
1110,1111,The Separation,The Separation,Christopher Priest,The Separation (2012),13 hrs 31 mins,811,2023-03-23T00:46:09,2012-01-01,,com.plexapp.agents.none://1110?lang=xn,1101,com.plexapp.agents.audnexus://B000AP7ZWG?lang=en
2084,2085,The Secret History,The Secret History,Procopius,The Secret History (Cop),5 hrs 2 mins,302,2023-04-20T09:34:33,2023-07-11,Random House Audio,com.plexapp.agents.audnexus://B0C6FLWX5X_us?lang=en,2083,com.plexapp.agents.audnexus://B0034NUIBG?lang=en
2756,2757,Remembrance of Things Past: Swann's Way,"Remembrance of Things Past, Book 1 - Remembrance of Things Past: Swann's Way","Marcel Proust, Scott Moncrieff - translator",Remembrance of Things Past (Unabridged) (2009),19 hrs 45 mins,1185,2023-03-29T22:30:45,2009-02-12,Audible Studios,com.plexapp.agents.audnexus://B002V9ZH3S_us?lang=en,2755,com.plexapp.agents.audnexus://B00J9SSFOC?lang=en
1173,1174,Dinner with the President,Dinner with the President,Alex Prud'homme,Dinner With the President (2023),16 hrs 13 mins,973,2023-06-13T21:29:43,2023-06-13,Dreamscape Media,com.plexapp.agents.audnexus://B0C15C2SVW_us?lang=en,1172,com.plexapp.agents.audnexus://B00J0REULO?lang=en
1794,1795,The Bedlam Stacks,The Bedlam Stacks,Natasha Pulley,The Bedlam Stacks (2017),13 hrs 24 mins,804,2023-03-23T00:46:53,2017-07-13,Audible Studios for Bloomsbury,com.plexapp.agents.audnexus://B06Y2JGK9P_us?lang=en,1789,com.plexapp.agents.audnexus://B00JHSCZ04?lang=en
1792,1793,The Watchmaker of Filigree Street,"The Watchmaker of Filigree Street, Book 1 - The Watchmaker of Filigree Street",Natasha Pulley,The Watchmaker of Filigree Street (2015) [The Watchmaker of Filigree Street 1],10 hrs 11 mins,611,2023-04-26T22:01:16,2022-07-03,Bloomsbury Publishing Plc,com.plexapp.agents.audnexus://B0B4PK7SJS_us?lang=en,1789,com.plexapp.agents.audnexus://B00JHSCZ04?lang=en
1790,1791,The Lost Future of Pepperharrow,"The Watchmaker of Filigree Street, Book 2 - The Lost Future of Pepperharrow",Natasha Pulley,The Lost Future of Pepperharrow (2020) [The Watchmaker of Filigree Street 2],13 hrs 41 mins,821,2023-04-27T15:23:05,2020-03-05,Bloomsbury Publishing Plc,com.plexapp.agents.audnexus://1526617811_us?lang=en,1789,com.plexapp.agents.audnexus://B00JHSCZ04?lang=en
2891,2892,His Dark Materials,His Dark Materials 2 - His Dark Materials,Philip Pullman,His Dark Materials (2003) [His Dark Materials 2],8 hrs 56 mins,536,2023-03-29T13:29:53,2003-01-01,,local://2891,2886,com.plexapp.agents.audnexus://B000AQ74C6?lang=en
2889,2890,The Golden Compass,"His Dark Materials, Book 1 - The Golden Compass",Philip Pullman,The Golden Compass (2003) [His Dark Materials 1],11 hrs 43 mins,703,2023-04-12T10:03:03,2003-10-23,Listening Library,com.plexapp.agents.audnexus://B002V1NG16_us?lang=en,2886,com.plexapp.agents.audnexus://B000AQ74C6?lang=en
2887,2888,The Amber Spyglass,"His Dark Materials, Book 3 - The Amber Spyglass",Philip Pullman,The Amber Spyglass (2000) [His Dark Materials 3],14 hrs 53 mins,893,2023-04-12T10:06:26,2003-10-23,Listening Library,com.plexapp.agents.audnexus://B002V5BA06_us?lang=en,2886,com.plexapp.agents.audnexus://B000AQ74C6?lang=en
341,342,Evgenii Onegin,Evgenii Onegin,"Alexander Pushkin, Mary Hobson - translator",Evgenii Onegin (2012),4 hrs 27 mins,267,2023-12-14T21:02:17,2012-05-22,Naxos AudioBooks,com.plexapp.agents.audnexus://B00852GS42_us?lang=en,340,com.plexapp.agents.audnexus://B004I9MI0E?lang=en
2802,2803,Against the Day,Against the Day,Thomas Pynchon,Against the Day (2006),1 day 3 hrs 43 mins,1663,2023-03-22T14:59:09,2007-01-12,Tantor Audio,com.plexapp.agents.audnexus://B002V5BJ5W_us?lang=en,3132,com.plexapp.agents.audnexus://B000APMBHA?lang=en
7444,7445,Bleeding Edge,Bleeding Edge,Thomas Pynchon,Bleeding Edge (2013),18 hrs 39 mins,1119,2025-03-30T23:10:23,2013-09-17,Penguin Audio,com.plexapp.agents.audnexus://B00ELMWOFM_us?lang=en,3132,com.plexapp.agents.audnexus://B000APMBHA?lang=en
6577,6578,Gravity's Rainbow,Gravity's Rainbow,Thomas Pynchon,Gravity's Rainbow (2014),1 day 13 hrs 22 mins,2242,2024-11-22T00:01:27,2014-10-16,Penguin Audio,com.plexapp.agents.audnexus://B00OJYHA5G_us?lang=en,3132,com.plexapp.agents.audnexus://B000APMBHA?lang=en
2800,2801,Mason & Dixon,Mason & Dixon,Thomas Pynchon,Mason & Dixon (1997),1 day 9 hrs 56 mins,2036,2023-03-29T13:31:48,2019-07-23,Recorded Books,com.plexapp.agents.audnexus://1980007640_us?lang=en,3132,com.plexapp.agents.audnexus://B000APMBHA?lang=en
8663,8664,Shadow Ticket,Shadow Ticket,Thomas Pynchon,Shadow Ticket (2025),10 hrs,600,2025-10-07T07:48:52,2025-10-07,Penguin Audio,com.plexapp.agents.audnexus://B0F3Y1G33X_us?lang=en,3132,com.plexapp.agents.audnexus://B000APMBHA?lang=en
7465,7466,The Crying of Lot 49,The Crying of Lot 49,Thomas Pynchon,The Crying of Lot 49 (2007),6 hrs 15 mins,375,2025-03-31T11:04:05,2007-07-11,Recorded Books,com.plexapp.agents.audnexus://B002V8KOWS_us?lang=en,3132,com.plexapp.agents.audnexus://B000APMBHA?lang=en
4654,4655,V,V,Thomas Pynchon,V. (1962),1 day 16 hrs 11 mins,2411,2024-05-14T09:18:29,2019-04-05,Sandra Rains DeBusk,com.plexapp.agents.audnexus://B07Q5H14XH_us?lang=en,3132,com.plexapp.agents.audnexus://B000APMBHA?lang=en
2798,2799,Vineland,Vineland,Thomas Pynchon,Vineland (1990),15 hrs 28 mins,928,2023-03-29T18:53:04,2018-11-27,Recorded Books,com.plexapp.agents.audnexus://B07KWDQMM6_us?lang=en,3132,com.plexapp.agents.audnexus://B000APMBHA?lang=en
8726,8727,There Is No Antimemetics Division,There Is No Antimemetics Division,qntm,There Is No Antimemetics Division (2025),8 hrs 48 mins,528,2025-11-22T16:20:49,2025-11-11,Random House Audio,com.plexapp.agents.audnexus://B0DWC5SRXV_us?lang=en,8725,com.plexapp.agents.audnexus://B091P6ZQLW?lang=en
2150,2151,She Drives Me Crazy,She Drives Me Crazy,Kelly Quindlen,She Drives Me Crazy (2021),7 hrs 4 mins,424,2023-04-19T21:56:10,2021-04-22,Tantor Audio,com.plexapp.agents.audnexus://170526834X_us?lang=en,2149,com.plexapp.agents.audnexus://B00MC01J0Q?lang=en
2903,2904,Crash Override,Crash Override,Zoë Quinn,Crash Override (2017),7 hrs 10 mins,430,2023-03-29T13:20:47,2017-09-05,Hachette Audio,com.plexapp.agents.audnexus://B074WDL7JJ_us?lang=en,2902,com.plexapp.agents.audnexus://B071KTLDRW?lang=en
7729,7730,Five Families,Five Families,Selwyn Raab,Five Families (2015),1 day 9 hrs 56 mins,2036,2025-05-09T09:00:06,2015-10-06,Tantor Audio,com.plexapp.agents.audnexus://B015QGVJ2K_us?lang=en,7728,com.plexapp.agents.audnexus://B001IGJL8W?lang=en
7307,7308,Revolutionary Love,Revolutionary Love,Rabbi Michael Lerner,Revolutionary Love (2024),10 hrs 19 mins,619,2025-03-10T21:04:36,2024-05-23,University Press Audiobooks,com.plexapp.agents.audnexus://B0D4ZXQQK7_us?lang=en,7306,local://7306
8189,8190,The Psychic Lives of Statues,The Psychic Lives of Statues,Rahul Rao,The Psychic Lives of Statues (2025),8 hrs 3 mins,483,2025-06-12T16:19:58,2025-06-10,Tantor Media,com.plexapp.agents.audnexus://B0F1GVT54J_us?lang=en,8188,local://8188
6513,6514,The Absinthe Forger,The Absinthe Forger,Evan Rail,The Absinthe Forger (2024),8 hrs 23 mins,503,2024-11-08T14:17:27,2024-10-15,Tantor Audio,com.plexapp.agents.audnexus://B0DJC6D9CV_us?lang=en,6512,com.plexapp.agents.audnexus://B001MOTJ1E?lang=en
4917,4918,Maps of Consciousness,Maps of Consciousness,"Ralph Metzner Ph.D., David E. Presti - foreword",Maps of Consciousness (2023),9 hrs 29 mins,569,2024-06-06T23:32:34,2023-10-24,Simon & Schuster/ Inner Traditions,com.plexapp.agents.audnexus://B0CKTQMLTK_us?lang=en,4916,local://4916
8034,8035,"City of Light, City of Shadows","City of Light, City of Shadows",Mike Rapport,"City of Light, City of Shadows (2024)",14 hrs 48 mins,888,2025-05-19T23:45:32,2024-05-14,Basic Books,com.plexapp.agents.audnexus://B0CJGWYKKW_us?lang=en,8033,com.plexapp.agents.audnexus://B072PXF6KQ?lang=en
8205,8206,Little Bosses Everywhere,Little Bosses Everywhere,Bridget Read,Little Bosses Everywhere (2025),11 hrs 1 min,661,2025-06-26T20:51:29,2025-05-06,Random House Audio,com.plexapp.agents.audnexus://B0DCZWW1ZP_us?lang=en,8204,com.plexapp.agents.audnexus://B0DSGF266J?lang=en
8012,8013,The Dreyfus Affair,The Dreyfus Affair,Piers Paul Read,The Dreyfus Affair (2013),16 hrs 42 mins,1002,2025-05-18T07:53:59,2013-03-04,Audible Studios for Bloomsbury,com.plexapp.agents.audnexus://B00BLCVYR4_us?lang=en,8011,com.plexapp.agents.audnexus://B005JGQFPO?lang=en
2299,2300,Mafia Summit,Mafia Summit,Gil Reavill,Mafia Summit (2012),8 hrs 8 mins,488,2023-04-14T22:25:19,2013-01-22,"Blackstone Audio, Inc.",com.plexapp.agents.audnexus://B009PPLSKC_us?lang=en,2298,com.plexapp.agents.audnexus://B001H9TWPW?lang=en
8297,8298,The Gentleman and His Vowsmith,The Gentleman and His Vowsmith,Rebecca Ide,The Gentleman and His Vowsmith (2025),15 hrs 6 mins,906,2025-08-04T07:43:37,2025-04-15,Simon & Schuster Audio,com.plexapp.agents.audnexus://B0DPR58BX2_us?lang=en,8296,local://8296
1933,1934,The Invention of the Restaurant (2nd Edition),The Invention of the Restaurant (2nd Edition),"Rebecca L. Spang, Adam Gopnik - foreword",The Invention of the Restaurant (2nd Edition) (2000),12 hrs 20 mins,740,2023-04-24T15:26:29,2023-04-11,Tantor Audio,com.plexapp.agents.audnexus://B0C1F178BH_us?lang=en,1932,local://1932
675,676,Fourth Wing,"Fourth Wing, Book 1 - Fourth Wing",Rebecca Yarros,Fourth Wing (2023) [Empyrean 1],20 hrs 47 mins,1247,2023-08-26T20:09:00,2023-05-02,Recorded Books,com.plexapp.agents.audnexus://B0BVD25SYT_us?lang=en,674,com.plexapp.agents.audnexus://B00HYKBU1W?lang=en
7020,7021,Onyx Storm v2 Feb7,The Empyrean 3 - Onyx Storm,Rebecca Yarros,Onyx Storm v2 Feb7 (2025) [The Empyrean 3],23 hrs 53 mins,1433,2025-02-07T13:03:50,2025-01-01,,local://7020,674,com.plexapp.agents.audnexus://B00HYKBU1W?lang=en
4700,4701,Iron Flame,"The Empyrean, Book 2 - Iron Flame",Rebecca Yarros,Iron Flame (2023) [The Empyrean 2],1 day 4 hrs 17 mins,1697,2024-05-22T15:49:19,2023-11-07,Recorded Books,com.plexapp.agents.audnexus://B0C9V5SLQQ_us?lang=en,674,com.plexapp.agents.audnexus://B00HYKBU1W?lang=en
6936,6937,Onyx Storm,"The Empyrean, Book 3 - Onyx Storm",Rebecca Yarros,Onyx Storm (2025) [The Empyrean 3],23 hrs 53 mins,1433,2025-01-21T09:26:01,2025-01-21,Recorded Books,com.plexapp.agents.audnexus://B0CZFKLZ9M_us?lang=en,674,com.plexapp.agents.audnexus://B00HYKBU1W?lang=en
2614,2615,The Red Wolf Conspiracy,"Chathrand Voyage, Book 1 - The Red Wolf Conspiracy",Robert V. S. Redick,The Red Wolf Conspiracy (2009) [Chathrand Voyage 1],19 hrs 14 mins,1154,2023-04-04T13:45:10,2009-10-05,Tantor Audio,com.plexapp.agents.audnexus://B002VA9AWQ_us?lang=en,2613,com.plexapp.agents.audnexus://B001TPVHBG?lang=en
1527,1528,Villains of All Nations,Villains of All Nations,Marcus Rediker,Villains of All Nations (2004),7 hrs 13 mins,433,2023-05-03T14:41:17,2019-03-26,Beacon Press Audio,com.plexapp.agents.audnexus://0807081124_us?lang=en,1526,com.plexapp.agents.audnexus://B001IGJXYE?lang=en
5231,5232,The Impostor Heiress,The Impostor Heiress,Annie Reed,The Impostor Heiress (2024),9 hrs 52 mins,592,2024-07-04T08:40:55,2024-06-11,Tantor Audio,com.plexapp.agents.audnexus://B0D5DHM1NJ_us?lang=en,5230,com.plexapp.agents.audnexus://B006G1P9YO?lang=en
5271,5272,Black Pill,Black Pill,Elle Reeve,Black Pill (2024),8 hrs 28 mins,508,2024-07-11T00:09:44,2024-07-09,Simon & Schuster Audio,com.plexapp.agents.audnexus://B0CLGW7P6C_us?lang=en,5270,com.plexapp.agents.audnexus://B0D9BZ3S9X?lang=en
6487,6488,A Spell for Heartsickness: A Romantasy,"The Rune Tithe, Book 1 - A Spell for Heartsickness: A Romantasy",Alistair Reeves,A Spell for Heartsickness A Cozy Romantasy (2024) [The Rune Tithe 1],13 hrs 49 mins,829,2024-11-06T19:46:23,2024-10-15,Podium Audio,com.plexapp.agents.audnexus://B0D324JHWW_us?lang=en,6486,com.plexapp.agents.audnexus://B0D2HMTWPL?lang=en
5490,5491,The Book of Elsewhere,The Book of Elsewhere,"Keanu Reeves, China Miéville",The Book of Elsewhere (2024),12 hrs 2 mins,722,2024-07-30T17:06:06,2024-07-23,Random House Audio,com.plexapp.agents.audnexus://B0CPFZQBLB_us?lang=en,5489,com.plexapp.agents.audnexus://B01B8KNPYI?lang=en
3810,3811,Delicious!,Delicious!,Ruth Reichl,Delicious! (2014),12 hrs 59 mins,779,2023-03-23T21:42:47,2014-05-06,Random House Audio,com.plexapp.agents.audnexus://B00J5QI61K_us?lang=en,3809,com.plexapp.agents.audnexus://B000AQ403C?lang=en
6835,6836,Come and Get It: A GMA Book Club Pick,Come and Get It: A GMA Book Club Pick,Kiley Reid,Come and Get It (2024),12 hrs 53 mins,773,2025-01-09T23:55:13,2024-01-30,Penguin Audio,com.plexapp.agents.audnexus://B0C2WQFV7Q_us?lang=en,6834,com.plexapp.agents.audnexus://B07YCD5JLD?lang=en
2108,2109,The Angel,The Angel,Tiffany Reisz,The Angel (2012) [The Original Sinners Collection 2],14 hrs 4 mins,844,2023-03-28T23:48:27,2017-04-25,Tantor Audio,com.plexapp.agents.audnexus://B06ZZT31C7_us?lang=en,2103,com.plexapp.agents.audnexus://B004FSQI6S?lang=en
6534,6535,The Headmaster,The Headmaster,Tiffany Reisz,The Headmaster (2015),5 hrs 3 mins,303,2024-11-14T22:43:39,2015-09-08,"Harlequin Enterprises, Ltd.",com.plexapp.agents.audnexus://B011480SH6_us?lang=en,2103,com.plexapp.agents.audnexus://B004FSQI6S?lang=en
2120,2121,The King,The King,Tiffany Reisz,The King (2014) [The Original Sinners The White Years Quartet 2],14 hrs 44 mins,884,2023-03-28T15:44:06,2022-11-08,Simon & Schuster Audio,com.plexapp.agents.audnexus://B0BH546L65_us?lang=en,2103,com.plexapp.agents.audnexus://B004FSQI6S?lang=en
2104,2105,The Queen Original Sinners,The Original Sinners Collection 8 - The Queen Original Sinners,Tiffany Reisz,The Queen Original Sinners (2015) [The Original Sinners Collection 8],14 hrs,840,2023-06-13T13:41:52,2015-01-01,,local://2104,2103,com.plexapp.agents.audnexus://B004FSQI6S?lang=en
2106,2107,Michael's Wings,"The Original Sinners Collection, Book 6.5 - Michael's Wings",Tiffany Reisz,Michael's Wings (2017) [The Original Sinners Collection 6.5],8 hrs 31 mins,511,2023-03-29T14:24:02,2017-11-07,Tantor Audio,com.plexapp.agents.audnexus://B076X8NR4Y_us?lang=en,2103,com.plexapp.agents.audnexus://B004FSQI6S?lang=en
2114,2115,The Priest,"The Original Sinners Collection, Book 9 - The Priest",Tiffany Reisz,The Priest (2020) [The Original Sinners Collection 9],10 hrs 47 mins,647,2023-03-23T01:06:03,2020-04-20,Tantor Audio,com.plexapp.agents.audnexus://1541418816_us?lang=en,2103,com.plexapp.agents.audnexus://B004FSQI6S?lang=en
2127,2128,The Siren,"The Original Sinners: The Red Years Quartet, Book 1 - The Siren",Tiffany Reisz,The Siren (2012) [The Original Sinners The Red Years Quartet 1],12 hrs 43 mins,763,2023-03-28T23:34:22,2012-08-01,Harlequin Books S.A.,com.plexapp.agents.audnexus://B008PT432Y_us?lang=en,2103,com.plexapp.agents.audnexus://B004FSQI6S?lang=en
2110,2111,The Prince,"The Original Sinners: The Red Years Quartet, Book 3 - The Prince",Tiffany Reisz,The Prince (2012) [The Original Sinners Collection 3],12 hrs 26 mins,746,2023-03-28T23:47:55,2012-12-01,Harlequin Books S.A.,com.plexapp.agents.audnexus://B00AEDP8OQ_us?lang=en,2103,com.plexapp.agents.audnexus://B004FSQI6S?lang=en
2112,2113,The Mistress,"The Original Sinners: The Red Years Quartet, Book 4 - The Mistress",Tiffany Reisz,The Mistress (2013) [The Original Sinners Collection 4],11 hrs 38 mins,698,2023-03-28T23:18:16,2013-07-30,Harlequin Books S.A.,com.plexapp.agents.audnexus://B00E3C45XY_us?lang=en,2103,com.plexapp.agents.audnexus://B004FSQI6S?lang=en
2116,2117,The Virgin Original Sinners,The Original Sinners: The White Years Quartet 3 - The Virgin Original Sinners,Tiffany Reisz,The Virgin Original Sinners (2015) [The Original Sinners The White Years Quartet 3],14 hrs 3 mins,843,2023-06-13T13:31:55,2015-01-01,,local://2116,2103,com.plexapp.agents.audnexus://B004FSQI6S?lang=en
2118,2119,The Saint,"The Original Sinners: The White Years Quartet, Book 1 - The Saint",Tiffany Reisz,The Saint (2014) [The Original Sinners The White Years Quartet 1],14 hrs 42 mins,882,2023-03-28T23:25:53,2014-06-24,Tantor Audio,com.plexapp.agents.audnexus://B00KY67JX6_us?lang=en,2103,com.plexapp.agents.audnexus://B004FSQI6S?lang=en
2129,2130,The Pearl,The Pearl,Tiffany Reisz,The Pearl (2020),8 hrs 6 mins,486,2023-03-23T01:06:31,2021-02-16,Tantor Media,com.plexapp.agents.audnexus://1705268722_us?lang=en,2103,com.plexapp.agents.audnexus://B004FSQI6S?lang=en
2124,2125,The Red,The Red,Tiffany Reisz,The Red (2016),7 hrs 13 mins,433,2023-03-23T01:05:10,2017-08-29,Tantor Audio,com.plexapp.agents.audnexus://B074WGWB1Q_us?lang=en,2103,com.plexapp.agents.audnexus://B004FSQI6S?lang=en
2122,2123,The Rose,The Rose,Tiffany Reisz,The Rose (2019),11 hrs 32 mins,692,2023-04-19T22:02:57,2019-04-16,Harlequin Audio,com.plexapp.agents.audnexus://1488205973_us?lang=en,2103,com.plexapp.agents.audnexus://B004FSQI6S?lang=en
3976,3977,Secret Ingredients,Secret Ingredients,David Remnick,Secret Ingredients (2007),1 day 58 mins,1498,2023-03-23T00:48:18,2007-12-04,Random House Audio,com.plexapp.agents.audnexus://B002V5CK32_us?lang=en,3975,com.plexapp.agents.audnexus://B000APBCB6?lang=en
7622,7623,The King of Diamonds,The King of Diamonds,Rena Pederson,The King of Diamonds (Unabridged) (2024),13 hrs 43 mins,823,2025-04-27T23:39:36,2024-04-02,Dreamscape Media,com.plexapp.agents.audnexus://B0CRJ4LQPD_us?lang=en,7621,local://7621
3802,3803,The Bull from The Sea,The Bull from The Sea,Mary Renault,The Bull from The Sea (1962),11 hrs 7 mins,667,2023-03-22T16:44:55,2015-04-09,Audible Studios,com.plexapp.agents.audnexus://B00VAGTGOY_us?lang=en,3799,com.plexapp.agents.audnexus://B000AP5EFQ?lang=en
3804,3805,The Last of the Wine,The Last of the Wine,Mary Renault,The Last of the Wine (1956),16 hrs 36 mins,996,2023-03-22T16:44:34,2015-03-19,Audible Studios ,com.plexapp.agents.audnexus://B00UC7J9R6_us?lang=en,3799,com.plexapp.agents.audnexus://B000AP5EFQ?lang=en
3800,3801,The King Must Die,"Theseus, Book 1 - The King Must Die",Mary Renault,The King Must Die (1958) [Theseus 1],15 hrs 46 mins,946,2023-03-23T21:48:43,2015-03-12,Audible Studios ,com.plexapp.agents.audnexus://B00UG0PDFQ_us?lang=en,3799,com.plexapp.agents.audnexus://B000AP5EFQ?lang=en
6732,6733,True Crime Addict,True Crime Addict,James Renner,True Crime Addict (2016),6 hrs 45 mins,405,2024-12-23T17:12:06,2016-05-24,Random House Audio,com.plexapp.agents.audnexus://B01EIC0R80_us?lang=en,6731,com.plexapp.agents.audnexus://B001JP8JTE?lang=en
5438,5439,A Land So Strange,A Land So Strange,Andres Resendez,A Land So Strange (2011),7 hrs 14 mins,434,2024-07-25T08:31:00,2011-10-07,Audible Studios,com.plexapp.agents.audnexus://B005R352US_us?lang=en,5437,com.plexapp.agents.audnexus://B001ITXOKA?lang=en
5446,5447,The Other Slavery,The Other Slavery,Andres Resendez,The Other Slavery (2016),12 hrs 39 mins,759,2024-07-25T09:13:17,2016-11-04,Audible Studios,com.plexapp.agents.audnexus://B01MQDHQX1_us?lang=en,5437,com.plexapp.agents.audnexus://B001ITXOKA?lang=en
2550,2551,Eversion,Eversion,Alastair Reynolds,Eversion (2022),10 hrs 3 mins,603,2023-03-23T22:12:00,2022-08-02,Orbit,com.plexapp.agents.audnexus://B0B2HK58DN_us?lang=en,2545,com.plexapp.agents.audnexus://B000APTREU?lang=en
2552,2553,Pushing Ice,Pushing Ice,Alastair Reynolds,Pushing Ice (2008),19 hrs 32 mins,1172,2023-03-23T21:52:39,2010-11-02,Tantor Audio,com.plexapp.agents.audnexus://B0049WSD36_us?lang=en,2545,com.plexapp.agents.audnexus://B000APTREU?lang=en
9047,9048,Revelation Space,"Revelation Space, Book 1 - Revelation Space",Alastair Reynolds,Revelation Space (2009) [Revelation Space 1],22 hrs 10 mins,1330,2026-02-23T19:16:44,2009-01-12,Tantor Audio,com.plexapp.agents.audnexus://B002V5GYHA_us?lang=en,2545,com.plexapp.agents.audnexus://B000APTREU?lang=en
9053,9054,Chasm City,"Revelation Space, Book 2 - Chasm City",Alastair Reynolds,[2001] Chasm City,23 hrs 1 min,1381,2026-02-23T19:22:19,2009-12-15,Tantor Audio,com.plexapp.agents.audnexus://B0030MTMLS_us?lang=en,2545,com.plexapp.agents.audnexus://B000APTREU?lang=en
9051,9052,Redemption Ark,"Revelation Space, Book 3 - Redemption Ark",Alastair Reynolds,[2002] Redemption Ark,1 day 3 hrs 15 mins,1635,2026-02-23T19:22:19,2009-02-27,Tantor Audio,com.plexapp.agents.audnexus://B002V1O58E_us?lang=en,2545,com.plexapp.agents.audnexus://B000APTREU?lang=en
9055,9056,Absolution Gap,"Revelation Space, Book 4 - Absolution Gap",Alastair Reynolds,[2003] 2 Absolution Gap,1 day 3 hrs 7 mins,1627,2026-02-23T19:22:19,2009-07-06,Tantor Audio,com.plexapp.agents.audnexus://B002V5B3BW_us?lang=en,2545,com.plexapp.agents.audnexus://B000APTREU?lang=en
9049,9050,The Prefect,"Revelation Space, Book 5 - The Prefect",Alastair Reynolds,[2007] The Prefect,19 hrs 39 mins,1179,2026-02-23T19:22:19,2011-02-28,Tantor Audio,com.plexapp.agents.audnexus://B004P7VGWU_us?lang=en,2545,com.plexapp.agents.audnexus://B000APTREU?lang=en
2548,2549,"Diamond Dogs, Turquoise Days","Revelation Space, Book 6 - Diamond Dogs, Turquoise Days",Alastair Reynolds,"Diamond Dogs, Turquoise Days (2002) [Revelation Space 6]",6 hrs 59 mins,419,2023-03-27T21:32:11,2015-08-04,Tantor Audio,com.plexapp.agents.audnexus://B0128481DI_us?lang=en,2545,com.plexapp.agents.audnexus://B000APTREU?lang=en
2546,2547,Revenger,"The Revenger Series, Book 1 - Revenger",Alastair Reynolds,Revenger (2016) [The Revenger Series 1],14 hrs 40 mins,880,2023-04-05T21:46:02,2017-02-28,Orbit,com.plexapp.agents.audnexus://B01N4PGYYB_us?lang=en,2545,com.plexapp.agents.audnexus://B000APTREU?lang=en
3797,3798,On the Principles of Political Economy and Taxation,On the Principles of Political Economy and Taxation,David Ricardo,On the Principles of Political Economy and Taxation (2018),13 hrs 14 mins,794,2023-03-23T22:12:27,2018-10-25,Ukemi Audiobooks from W. F. Howes Ltd,com.plexapp.agents.audnexus://B07JQ5K7X9_us?lang=en,3796,com.plexapp.agents.audnexus://B001HPCWEO?lang=en
6477,6478,"Perdurabo, Revised and Expanded Edition","Perdurabo, Revised and Expanded Edition",Richard Kaczynski,Perdurabo (Revised and Expanded Edition) (2024),1 day 6 hrs 26 mins,1826,2024-11-06T19:41:58,2024-10-29,North Atlantic Books,com.plexapp.agents.audnexus://B0CZ19LSXT_us?lang=en,6476,local://6476
1261,1262,Self Under Siege: Philosophy in the 20th Century,Self Under Siege: Philosophy in the 20th Century,Rick Roderick,Self Under Siege Philosophy in the 20th Century (),6 hrs 3 mins,363,2023-06-06T11:13:35,,,local://1261,1260,plex://artist/5e20414706e48128f839da48
5991,5992,The Wine of Angels,"Merrily Watkins, Book 1 - The Wine of Angels",Phil Rickman,The Wine of Angels (2021) [Merrily Watkins 1],16 hrs 2 mins,962,2024-09-21T07:17:48,2021-10-01,Bolinda audio,com.plexapp.agents.audnexus://B09H3CNQ53_us?lang=en,5990,com.plexapp.agents.audnexus://B000APIPYI?lang=en
1327,1328,Active Measures,Active Measures,Thomas Rid,Active Measures (2020),14 hrs 46 mins,886,2023-05-17T09:05:35,2020-04-21,Macmillan Audio,com.plexapp.agents.audnexus://1250261678_us?lang=en,1326,com.plexapp.agents.audnexus://B001HOFGX4?lang=en
3965,3966,The Duke Heist,"The Wild Wynchesters, Book 1 - The Duke Heist",Erica Ridley,The Duke Heist (2021) [The Wild Wynchesters 1],10 hrs 25 mins,625,2023-04-18T22:20:38,2021-02-09,Forever,com.plexapp.agents.audnexus://1549187716_us?lang=en,3964,com.plexapp.agents.audnexus://B0036LMFC6?lang=en
3967,3968,The Perks of Loving a Wallflower,"The Wild Wynchesters, Book 2 - The Perks of Loving a Wallflower",Erica Ridley,The Perks of Loving a Wallflower (2021) [The Wild Wynchesters 2],10 hrs 28 mins,628,2023-03-23T00:49:42,2021-10-26,Forever,com.plexapp.agents.audnexus://B09HN8NPY1_us?lang=en,3964,com.plexapp.agents.audnexus://B0036LMFC6?lang=en
6888,6889,My Rogue to Ruin,"The Wild Wynchesters, Book 4 - My Rogue to Ruin",Erica Ridley,My Rogue to Ruin (2023) [The Wild Wynchesters 4],10 hrs 33 mins,633,2025-01-13T09:50:59,2023-09-12,Forever,com.plexapp.agents.audnexus://B0BWGCV7CH_us?lang=en,3964,com.plexapp.agents.audnexus://B0036LMFC6?lang=en
846,847,Razzle Dazzle,Razzle Dazzle,Michael Riedel,Razzle Dazzle (2015),16 hrs 40 mins,1000,2023-07-12T19:46:01,2015-10-06,"Blackstone Audio, Inc.",com.plexapp.agents.audnexus://B01604H728_us?lang=en,845,com.plexapp.agents.audnexus://B08FBYDDMG?lang=en
3468,3469,Ringmaster,Ringmaster,Abraham Riesman,Ringmaster (2023),15 hrs 11 mins,911,2023-03-28T09:48:43,2023-03-28,Simon & Schuster Audio,com.plexapp.agents.audnexus://B0BDT6PJBM_us?lang=en,3467,com.plexapp.agents.audnexus://B084GWNKVJ?lang=en
3470,3471,True Believer: The Rise and Fall of Stan Lee,True Believer: The Rise and Fall of Stan Lee,Abraham Riesman,True Believer (2020),14 hrs 1 min,841,2023-03-23T22:34:53,2021-02-16,Random House Audio,com.plexapp.agents.audnexus://0593287630_us?lang=en,3467,com.plexapp.agents.audnexus://B084GWNKVJ?lang=en
1246,1247,Slaying the Dragon,Slaying the Dragon,Ben Riggs,Slaying the Dragon (2022),10 hrs 29 mins,629,2023-06-07T16:11:28,2022-07-19,Macmillan Audio,com.plexapp.agents.audnexus://B09GCT9L78_us?lang=en,1245,com.plexapp.agents.audnexus://B09FM48CF9?lang=en
6343,6344,Graveyard Shift,Graveyard Shift,M. L. Rio,Graveyard Shift (2024),3 hrs 9 mins,189,2024-10-17T09:43:46,2024-09-24,Macmillan Audio,com.plexapp.agents.audnexus://B0CQRW4RRP_us?lang=en,6342,com.plexapp.agents.audnexus://B01N9JT3IV?lang=en
5116,5117,Black Sun,"Between Earth and Sky, Book 1 - Black Sun",Rebecca Roanhorse,Black Sun (2020) [Between Earth and Sky 1],12 hrs 47 mins,767,2024-06-19T13:33:03,2020-10-13,Simon & Schuster Audio,com.plexapp.agents.audnexus://1508283060_us?lang=en,5115,com.plexapp.agents.audnexus://B0788YCRS2?lang=en
938,939,Robert Anton Wilson Explains Everything (or Old Bob Exposes His Ignorance),Robert Anton Wilson Explains Everything (or Old Bob Exposes His Ignorance),Robert Anton Wilson PhD,Robert Anton Wilson Explains Everything (or Old Bob Exposes His Ignorance) (2007),6 hrs 2 mins,362,2023-07-05T00:12:04,2014-12-09,Sounds True,com.plexapp.agents.audnexus://B00QPRCYJM_us?lang=en,937,plex://artist/5d07bc25403c6402904c5bcd
5191,5192,Young Eliot,Young Eliot,Robert Crawford,Young Eliot (2024),1 day 28 mins,1468,2024-06-29T14:24:14,2024-02-06,Tantor Audio,com.plexapp.agents.audnexus://B0CTBJZHKS_us?lang=en,5190,local://5190
5466,5467,The Myth of Race,The Myth of Race,Robert Wald Sussman,The Myth of Race (2018),15 hrs 27 mins,927,2024-07-26T20:24:23,2018-03-13,Tantor Audio,com.plexapp.agents.audnexus://B07B53V3Q6_us?lang=en,5465,local://5465
8174,8175,Stolen Fragments,Stolen Fragments,Roberta Mazza,Stolen Fragments (2025),8 hrs 44 mins,524,2025-06-04T15:39:46,2025-05-27,Tantor Media,com.plexapp.agents.audnexus://B0F7TFV2D7_us?lang=en,8173,local://8173
8973,8974,The This,The This,Adam Roberts,The This (2022),10 hrs 24 mins,624,2026-02-09T20:07:33,2022-02-03,Gollancz,com.plexapp.agents.audnexus://B09KJ2L2YH_us?lang=en,8972,com.plexapp.agents.audnexus://B000APS2GE?lang=en
3791,3792,Pavane,Pavane,Keith Roberts,Pavane (2011),9 hrs 20 mins,560,2023-03-23T22:37:41,2011-10-25,Audible Studios,com.plexapp.agents.audnexus://B005XN9EQ0_us?lang=en,3790,com.plexapp.agents.audnexus://B000APOA3I?lang=en
666,667,The Baudelaire Fractal,The Baudelaire Fractal,Lisa Robertson,The Baudelaire Fractal (2021),6 hrs 47 mins,407,2023-09-02T12:25:00,2021-04-01,Coach House Books,com.plexapp.agents.audnexus://177056697X_us?lang=en,665,com.plexapp.agents.audnexus://B001K8S45O?lang=en
7625,7626,The Stars Undying,The Stars Undying,Emery Robin,The Stars Undying (Unabridged) (2022),16 hrs 33 mins,993,2025-04-27T23:40:00,2022-11-08,Orbit,com.plexapp.agents.audnexus://B0B2HYCZQ7_us?lang=en,7624,com.plexapp.agents.audnexus://B09SFH5W4V?lang=en
3788,3789,Son of a Trickster,"Trickster, Book 1 - Son of a Trickster",Eden Robinson,Son of a Trickster (2017) [Trickster 1],9 hrs 8 mins,548,2023-03-23T22:38:34,2017-08-14,Audible Studios,com.plexapp.agents.audnexus://B074QV15KK_us?lang=en,3787,com.plexapp.agents.audnexus://B004N7YFT8?lang=en
424,425,MCU,MCU,"Joanna Robinson, Dave Gonzales, Gavin Edwards",MCU (2023),16 hrs 41 mins,1001,2023-10-28T11:48:27,2023-10-10,Recorded Books,com.plexapp.agents.audnexus://B0CFRLR5F7_us?lang=en,423,com.plexapp.agents.audnexus://B0CKQRSQBH?lang=en
5538,5539,The Ministry for the Future,The Ministry for the Future,Kim Stanley Robinson,The Ministry for the Future (2020),20 hrs 42 mins,1242,2024-08-07T22:10:28,2020-10-06,Orbit,com.plexapp.agents.audnexus://1549186434_us?lang=en,5537,com.plexapp.agents.audnexus://B000APVJXC?lang=en
1545,1546,High Times in the Low Parliament,High Times in the Low Parliament,Kelly Robson,High Times in the Low Parliament (2019),4 hrs 37 mins,277,2023-05-02T14:52:06,2022-08-09,Recorded Books,com.plexapp.agents.audnexus://B09XN83Q82_us?lang=en,1544,com.plexapp.agents.audnexus://B00Y56SGWY?lang=en
7031,7032,Information Desk,Information Desk,Robyn Schiff,Information Desk (2023),1 hr 55 mins,115,2025-02-08T22:55:43,2023-08-15,Penguin Audio,com.plexapp.agents.audnexus://B0BP5D1938_us?lang=en,7030,local://7030
5343,5344,Deal with the Devil,"A Mercenary Librarians Novel, Book 1 - Deal with the Devil",Kit Rocha,Deal with the Devil (2020) [A Mercenary Librarians Novel 1],12 hrs 36 mins,756,2024-07-16T23:03:38,2020-07-28,Macmillan Audio,com.plexapp.agents.audnexus://125026409X_us?lang=en,5342,com.plexapp.agents.audnexus://B009BXVGAU?lang=en
9961,9962,Beyond Shame,"Beyond, Book 1 - Beyond Shame",Kit Rocha,Beyond Shame (2013) [Beyond 1],9 hrs 8 mins,548,2026-05-14T17:00:22,2013-01-21,Tantor Audio,com.plexapp.agents.audnexus://B00B1HUOT8_us?lang=en,5342,com.plexapp.agents.audnexus://B009BXVGAU?lang=en
5546,5547,Consort of Fire,"Bound to Fire and Steel, Book 1 - Consort of Fire",Kit Rocha,Consort of Fire (2023) [Bound to Fire and Steel 1],12 hrs 32 mins,752,2024-08-10T09:10:10,2023-11-28,Brilliance Audio,com.plexapp.agents.audnexus://B0C7LJPBKG_us?lang=en,5342,com.plexapp.agents.audnexus://B009BXVGAU?lang=en
1752,1753,"Your Brain at Work, Revised and Updated","Your Brain at Work, Revised and Updated",David Rock,"Your Brain at Work, Revised and Updated (2020)",9 hrs 25 mins,565,2023-04-27T23:50:57,2020-08-11,HarperAudio,com.plexapp.agents.audnexus://0063050625_us?lang=en,1751,com.plexapp.agents.audnexus://B001IOH938?lang=en
3665,3666,The Good Boy,"The Boy, Book 1 - The Good Boy","J.A. Rock, Lisa Henry",The Good Boy (2021) [The Boy 1],12 hrs 39 mins,759,2023-03-23T23:38:11,2021-04-15,"Tales Told, LLC",com.plexapp.agents.audnexus://B092B925XT_us?lang=en,3784,com.plexapp.agents.audnexus://B00807ANWU?lang=en
3785,3786,A Husband for Hartwell,"The Lords of Bucknall Club, Book 1 - A Husband for Hartwell","J.A. Rock, Lisa Henry",A Husband for Hartwell (2021) [The Lords of Bucknall Club 1],7 hrs 37 mins,457,2023-03-23T22:41:45,2021-11-29,"Tales Told, LLC",com.plexapp.agents.audnexus://B09MLKFXXF_us?lang=en,3784,com.plexapp.agents.audnexus://B00807ANWU?lang=en
8150,8151,Decolonial Marxism,Decolonial Marxism,Walter Rodney,Decolonial Marxism (2022),10 hrs 13 mins,613,2025-05-30T17:39:06,2022-08-02,Tantor Audio,com.plexapp.agents.audnexus://B0B75LRLCY_us?lang=en,8149,com.plexapp.agents.audnexus://B001HQ1N5C?lang=en
8153,8154,How Europe Underdeveloped Africa,How Europe Underdeveloped Africa,Walter Rodney,How Europe Underdeveloped Africa (2018),13 hrs 22 mins,802,2025-05-30T17:39:59,2018-10-23,Tantor Audio,com.plexapp.agents.audnexus://1977379559_us?lang=en,8149,com.plexapp.agents.audnexus://B001HQ1N5C?lang=en
1489,1490,The Starless Crown,"Moonfall, Book 1 - The Starless Crown",James Rollins,The Starless Crown (2022) [Moonfall 1],22 hrs 5 mins,1325,2023-05-05T11:25:57,2022-01-04,Macmillan Audio,com.plexapp.agents.audnexus://1250845483_us?lang=en,1488,com.plexapp.agents.audnexus://B001H6U9DE?lang=en
9176,9177,Jane Austen's Bookshelf,Jane Austen's Bookshelf,Rebecca Romney,Jane Austen's Bookshelf (2025),13 hrs 32 mins,812,2026-03-16T11:54:33,2025-02-18,Simon & Schuster Audio,com.plexapp.agents.audnexus://B0D7WFCTBM_us?lang=en,9175,com.plexapp.agents.audnexus://B06XKWQRCQ?lang=en
3136,3137,Hitler's Aristocrats,Hitler's Aristocrats,Susan Ronald,Hitler's Aristocrats (2023),14 hrs 40 mins,880,2023-03-28T22:06:04,2023-03-21,Blackstone Publishing,com.plexapp.agents.audnexus://B0BLJ6TNFQ_us?lang=en,3135,com.plexapp.agents.audnexus://B001BY8QZ0?lang=en
3782,3783,For All the Tea in China,For All the Tea in China,Sarah Rose,For All the Tea in China (2010),7 hrs 43 mins,463,2023-03-23T22:42:24,2010-03-18,Tantor Audio,com.plexapp.agents.audnexus://B003BKLT1U_us?lang=en,3781,com.plexapp.agents.audnexus://B002SEHWWK?lang=en
5300,5301,The Best Minds,The Best Minds,Jonathan Rosen,The Best Minds (2023),16 hrs 44 mins,1004,2024-07-12T23:36:00,2023-04-18,Penguin Audio,com.plexapp.agents.audnexus://B0B9P1X85D_us?lang=en,5299,com.plexapp.agents.audnexus://B000APL4RS?lang=en
3962,3963,Confessions of the Fox,Confessions of the Fox,Jordy Rosenberg,Confessions of the Fox (2018),10 hrs 46 mins,646,2023-03-23T00:50:14,2018-07-10,"HighBridge, a division of Recorded Books",com.plexapp.agents.audnexus://B07F9ZGWV8_us?lang=en,3961,com.plexapp.agents.audnexus://B075XTC5CY?lang=en
2058,2059,The Measure of Man,The Measure of Man,Lawrence Rothfield,The Measure of Man (2021),7 hrs 10 mins,430,2023-04-22T14:17:24,2021-03-01,Tantor Audio,com.plexapp.agents.audnexus://1666104965_us?lang=en,2057,com.plexapp.agents.audnexus://B001J3PRUA?lang=en
3365,3366,The Depths,The Depths,Jonathan Rottenberg,The Depths (2014),5 hrs 32 mins,332,2023-03-28T14:51:12,2014-02-18,Ascent Audio,com.plexapp.agents.audnexus://B00IGHDIXA_us?lang=en,3364,com.plexapp.agents.audnexus://B00E8JT6MC?lang=en
3959,3960,Salvaged,Salvaged,Madeleine Roux,Salvaged (2019),12 hrs 4 mins,724,2023-03-23T00:50:42,2019-10-15,Penguin Audio,com.plexapp.agents.audnexus://059315147X_us?lang=en,3958,com.plexapp.agents.audnexus://B083J1K24G?lang=en
2962,2963,Carry On,"Simon Snow, Book 1 - Carry On",Rainbow Rowell,Carry On (2015) [Simon Snow Trilogy 1],13 hrs 39 mins,819,2023-03-29T12:16:42,2015-10-06,Macmillan Audio,com.plexapp.agents.audnexus://B014K0N83G_us?lang=en,2961,com.plexapp.agents.audnexus://B0042IIWBU?lang=en
2964,2965,Wayward Son,"Simon Snow, Book 2 - Wayward Son",Rainbow Rowell,Wayward Son (2019) [Simon Snow Trilogy 2],8 hrs 58 mins,538,2023-03-29T12:06:49,2019-09-24,Macmillan Young Listeners,com.plexapp.agents.audnexus://1250241189_us?lang=en,2961,com.plexapp.agents.audnexus://B0042IIWBU?lang=en
6771,6772,Slow Dance,Slow Dance,Rainbow Rowell,Slow Dance (2024),11 hrs 32 mins,692,2025-01-03T11:09:11,2024-07-30,William Morrow,com.plexapp.agents.audnexus://B0CJWJQ527_us?lang=en,2961,com.plexapp.agents.audnexus://B0042IIWBU?lang=en
1492,1493,A Taste of Gold and Iron,A Taste of Gold and Iron,Alexandra Rowland,A Taste of Gold and Iron (2022),18 hrs 21 mins,1101,2023-05-05T11:25:39,2022-08-30,Recorded Books,com.plexapp.agents.audnexus://B09TLFJCMD_us?lang=en,1491,com.plexapp.agents.audnexus://B00DG9PCZA?lang=en
7606,7607,Ballad of the Whiskey Robber,Ballad of the Whiskey Robber,Julian Rubinstein,Ballad of the Whiskey Robber (2006),11 hrs 23 mins,683,2025-04-27T01:02:25,2006-04-21,Hachette Audio,com.plexapp.agents.audnexus://B0036N24X4_us?lang=en,7605,com.plexapp.agents.audnexus://B0034PZK9E?lang=en
8342,8343,Grocery,Grocery,Michael Ruhlman,Grocery (2017),11 hrs 4 mins,664,2025-08-17T23:05:09,2017-05-16,Random House Audio,com.plexapp.agents.audnexus://B06XKJXDSJ_us?lang=en,8341,com.plexapp.agents.audnexus://B001H6G9JW?lang=en
7008,7009,Dead by Sunset,Dead by Sunset,Ann Rule,Dead by Sunset (2011),20 hrs 39 mins,1239,2025-02-02T09:14:18,2011-04-27,Simon & Schuster Audio,com.plexapp.agents.audnexus://B004XNQH4I_us?lang=en,7007,com.plexapp.agents.audnexus://B000AP8V1A?lang=en
1589,1590,Super-Infinite,Super-Infinite,Katherine Rundell,Super-Infinite (2022),7 hrs 4 mins,424,2023-05-02T09:22:00,2022-09-06,Blackstone Publishing,com.plexapp.agents.audnexus://B09ZVHPJQ8_us?lang=en,1588,com.plexapp.agents.audnexus://B00QN3VAFW?lang=en
3779,3780,Empire of Silence,"Sun Eater, Book 1 - Empire of Silence",Christopher Ruocchio,Empire of Silence (2018) [Sun Eater 1],1 day 2 hrs 12 mins,1572,2023-03-23T22:42:33,2018-07-03,Recorded Books,com.plexapp.agents.audnexus://B07F1Z91H8_us?lang=en,3764,com.plexapp.agents.audnexus://B07FZX5GSD?lang=en
3773,3774,The Lesser Devil,"Sun Eater, Book 1.5 - The Lesser Devil",Christopher Ruocchio,The Lesser Devil (2020-04-14) [Sun Eater 1.5],5 hrs 47 mins,347,2024-02-21T17:27:24,2020-04-14,Recorded Books,com.plexapp.agents.audnexus://1980083150_us?lang=en,3764,com.plexapp.agents.audnexus://B07FZX5GSD?lang=en
3767,3768,Howling Dark,"Sun Eater, Book 2 - Howling Dark",Christopher Ruocchio,Howling Dark (2019-07-18) [Sun Eater 2],1 day 4 hrs 4 mins,1684,2024-03-02T23:01:40,2019-07-18,Recorded Books,com.plexapp.agents.audnexus://1501991558_us?lang=en,3764,com.plexapp.agents.audnexus://B07FZX5GSD?lang=en
3769,3770,Queen Amid Ashes,"Sun Eater, Book 2.6 - Queen Amid Ashes",Christopher Ruocchio,Queen Amid Ashes (2022-06-21) [Sun Eater 2.6],4 hrs 20 mins,260,2024-02-21T17:27:55,2022-06-21,Recorded Books,com.plexapp.agents.audnexus://B0B489JTTQ_us?lang=en,3764,com.plexapp.agents.audnexus://B07FZX5GSD?lang=en
3771,3772,Demon in White,"Sun Eater, Book 3 - Demon in White",Christopher Ruocchio,Demon in White (2020-07-31) [Sun Eater 3],1 day 6 hrs 42 mins,1842,2024-02-21T17:27:36,2020-07-31,Recorded Books,com.plexapp.agents.audnexus://1501991566_us?lang=en,3764,com.plexapp.agents.audnexus://B07FZX5GSD?lang=en
3775,3776,Kingdoms of Death,"Sun Eater, Book 4 - Kingdoms of Death",Christopher Ruocchio,Kingdoms of Death (2022) [Sun Eater 4],22 hrs 51 mins,1371,2023-04-05T22:17:50,2022-03-24,Recorded Books,com.plexapp.agents.audnexus://B09JY4FSWL_us?lang=en,3764,com.plexapp.agents.audnexus://B07FZX5GSD?lang=en
3777,3778,Ashes of Man,"Sun Eater, Book 5 - Ashes of Man",Christopher Ruocchio,Ashes of Man (2022) [Sun Eater 5],22 hrs 34 mins,1354,2023-03-29T11:22:24,2022-12-13,Recorded Books,com.plexapp.agents.audnexus://B0BP8J4RMG_us?lang=en,3764,com.plexapp.agents.audnexus://B07FZX5GSD?lang=en
3765,3766,The Dregs of Empire,"Sun Eater, Book 5.6 - The Dregs of Empire",Christopher Ruocchio,The Dregs of Empire (2024) [Sun Eater ],9 hrs 4 mins,544,2024-04-11T09:26:43,2024-02-13,Recorded Books,com.plexapp.agents.audnexus://B0CQQH7L1S_us?lang=en,3764,com.plexapp.agents.audnexus://B07FZX5GSD?lang=en
5110,5111,Disquiet Gods,"Sun Eater, Book 6 - Disquiet Gods",Christopher Ruocchio,Disquiet Gods (2024) [Sun Eater 6],1 day 7 hrs 39 mins,1899,2024-06-19T13:14:04,2024-04-30,Recorded Books,com.plexapp.agents.audnexus://B0CVMJ3LC3_us?lang=en,3764,com.plexapp.agents.audnexus://B07FZX5GSD?lang=en
3042,3043,A History of Western Philosophy,A History of Western Philosophy,Bertrand Russell,A History of Western Philosophy (2013),1 day 14 hrs 3 mins,2283,2023-03-29T11:10:33,2020-09-08,Simon & Schuster Audio,com.plexapp.agents.audnexus://1797122045_us?lang=en,3041,com.plexapp.agents.audnexus://B000AP6YJG?lang=en
9908,9909,The Anomaly,"The Anomaly Files, Book 1 - The Anomaly",Michael Rutger,The Anomaly (2018) [The Anomaly Files 1],9 hrs 43 mins,583,2026-04-29T23:24:35,2018-06-19,Grand Central Publishing,com.plexapp.agents.audnexus://B07DJTKZ8Y_us?lang=en,9907,com.plexapp.agents.audnexus://B07G31L156?lang=en
4875,4876,Paris,Paris,Edward Rutherfurd,Paris (2013),1 day 7 hrs 11 mins,1871,2024-05-29T10:54:36,2013-04-23,Random House Audio,com.plexapp.agents.audnexus://B00B3YC1UE_us?lang=en,4869,com.plexapp.agents.audnexus://B000AQ11FC?lang=en
4870,4871,Sarum,Sarum,Edward Rutherfurd,Sarum (2011),1 day 21 hrs 59 mins,2759,2024-05-29T10:51:44,2019-05-23,Audible Studios,com.plexapp.agents.audnexus://B07RZ15W3X_us?lang=en,4869,com.plexapp.agents.audnexus://B000AQ11FC?lang=en
3762,3763,Blood Song,"Raven's Shadow, Book 1 - Blood Song",Anthony Ryan,Blood Song (2013) [Raven's Shadow 1],23 hrs 6 mins,1386,2023-03-23T22:43:52,2013-07-02,Penguin Audio,com.plexapp.agents.audnexus://B00DLI07C4_us?lang=en,3761,com.plexapp.agents.audnexus://B00726D51G?lang=en
7562,7563,A Pilgrimage of Swords,"The Seven Swords, Book 1 - A Pilgrimage of Swords",Anthony Ryan,A Pilgrimage of Swords (2020) [The Seven Swords 1],3 hrs 21 mins,201,2025-04-13T08:33:04,2020-03-24,Audible Studios,com.plexapp.agents.audnexus://B085LT7BCX_us?lang=en,3761,com.plexapp.agents.audnexus://B00726D51G?lang=en
1096,1097,When Brooklyn Was Queer,When Brooklyn Was Queer,Hugh Ryan,When Brooklyn Was Queer (2019),11 hrs 31 mins,691,2023-06-19T12:02:13,2019-03-05,"Blackstone Audio, Inc.",com.plexapp.agents.audnexus://1982591358_us?lang=en,1095,com.plexapp.agents.audnexus://B07F3KB81H?lang=en
7439,7440,"Veritas: A Harvard Professor, a Con Man, and the Gospel of Jesus's Wife (Unabridged)","Veritas: A Harvard Professor, a Con Man, and the Gospel of Jesus's Wife (Unabridged)",Ariel Sabar,"Veritas A Harvard Professor, a Con Man, and the Gospel of Jesus's Wife (Unabridged) (2020)",15 hrs 33 mins,933,2025-03-29T13:54:12,2020-01-01,,local://7439,7438,com.plexapp.agents.audnexus://B001JS9724?lang=en
3759,3760,The Sea-Hawk,The Sea-Hawk,Rafael Sabatini,The Sea-Hawk (2002),11 hrs 19 mins,679,2023-03-23T22:44:20,2003-05-07,Tantor Audio,com.plexapp.agents.audnexus://B002UUKS5K_us?lang=en,3758,com.plexapp.agents.audnexus://B000APOXO4?lang=en
8312,8313,Empire of the East,Empire of the East,Fred Saberhagen,Empire of the East (2005),18 hrs 27 mins,1107,2025-08-06T09:27:20,2005-06-17,"Blackstone Audio, Inc.",com.plexapp.agents.audnexus://B002V59ZZ8_us?lang=en,8311,com.plexapp.agents.audnexus://B000AQ26EC?lang=en
1495,1496,A Far Wilder Magic,A Far Wilder Magic,Allison Saft,A Far Wilder Magic (2022),14 hrs 37 mins,877,2023-05-05T11:12:15,2022-03-08,Macmillan Young Listeners,com.plexapp.agents.audnexus://125084066X_us?lang=en,1494,com.plexapp.agents.audnexus://B088C2RVR6?lang=en
1497,1498,Down Comes the Night,Down Comes the Night,Allison Saft,Down Comes the Night (2021),12 hrs 48 mins,768,2023-04-19T22:03:33,2021-03-02,Macmillan Audio,com.plexapp.agents.audnexus://1250792274_us?lang=en,1494,com.plexapp.agents.audnexus://B088C2RVR6?lang=en
3756,3757,Culture and Imperialism,Culture and Imperialism,Edward Said,Culture and Imperialism (1993),20 hrs,1200,2023-03-23T22:45:26,2011-02-16,Audible Studios,com.plexapp.agents.audnexus://B004NU8IMK_us?lang=en,3753,com.plexapp.agents.audnexus://B001H6V71M?lang=en
3754,3755,Orientalism,Orientalism,Edward Said,Orientalism (1978),19 hrs 3 mins,1143,2023-03-23T22:46:06,2010-12-31,Audible Studios,com.plexapp.agents.audnexus://B004H2RFIW_us?lang=en,3753,com.plexapp.agents.audnexus://B001H6V71M?lang=en
6880,6881,The Iron Wyrm Affair,"Bannon & Clare, Book 1 - The Iron Wyrm Affair",Lilith Saintcrow,The Iron Wyrm Affair (2012) [Bannon & Clare 1],10 hrs 57 mins,657,2025-01-13T09:48:44,2012-08-07,Hachette Audio,com.plexapp.agents.audnexus://B008OLFOUI_us?lang=en,6879,com.plexapp.agents.audnexus://B002BLOSOU?lang=en
6496,6497,The Devil’s Candy,The Devil’s Candy,Julie Salamon,The Devil’s Candy (2021),18 hrs 17 mins,1097,2024-11-06T21:39:42,2021-06-15,Tantor Audio,com.plexapp.agents.audnexus://1666115428_us?lang=en,6495,com.plexapp.agents.audnexus://B000AQ2U8Y?lang=en
73,74,A Stranger in Olondria,A Stranger in Olondria,Sofia Samatar,A Stranger in Olondria (2013-11-21),13 hrs 8 mins,788,2024-03-16T21:48:21,2013-11-21,Audible Studios,com.plexapp.agents.audnexus://B00GSZP39Y_us?lang=en,72,com.plexapp.agents.audnexus://B00CBLRS8S?lang=en
8198,8199,The Bettencourt Affair,The Bettencourt Affair,Tom Sancton,The Bettencourt Affair (2017),13 hrs 52 mins,832,2025-06-20T20:24:13,2017-08-08,Penguin Audio,com.plexapp.agents.audnexus://B073G4M2KM_us?lang=en,8197,com.plexapp.agents.audnexus://B001JP8QH4?lang=en
5642,5643,Dissolution,"Shardlake, Book 1 - Dissolution",C. J. Sansom,Dissolution (2014) [The Shardlake Series 1],14 hrs 31 mins,871,2024-08-28T18:31:19,2011-11-03,Recorded Books,com.plexapp.agents.audnexus://B0062P0DMW_us?lang=en,5641,com.plexapp.agents.audnexus://B001IOH334?lang=en
6944,6945,Sovereign,"Shardlake, Book 3 - Sovereign",C. J. Sansom,Sovereign (2008) [The Shardlake Series 3],20 hrs 59 mins,1259,2025-01-22T15:35:46,2008-08-05,Recorded Books,com.plexapp.agents.audnexus://B002V5GRJA_us?lang=en,5641,com.plexapp.agents.audnexus://B001IOH334?lang=en
15,16,Sword of Destiny,Sword of Destiny,"Andrzej Sapkowski, David French - Translator",Sword of Destiny (2015) [The Witcher ],12 hrs 47 mins,767,2023-08-08T23:59:07,2015-12-01,Orbit,com.plexapp.agents.audnexus://B017WP4D6C_us?lang=en,1,com.plexapp.agents.audnexus://B001ICAMAW?lang=en
2,3,The Tower of Fools,"The Hussite Trilogy, Book 1 - The Tower of Fools","Andrzej Sapkowski, David French - Translator",The Tower of Fools (2020) [The Hussite Trilogy 1],19 hrs 7 mins,1147,2024-04-11T09:29:03,2020-10-27,Orbit,com.plexapp.agents.audnexus://1549101625_us?lang=en,1,com.plexapp.agents.audnexus://B001ICAMAW?lang=en
6,7,Warriors of God,"The Hussite Trilogy, Book 2 - Warriors of God","Andrzej Sapkowski, David French - Translator",Warriors of God (2021) [The Hussite Trilogy 2],21 hrs 27 mins,1287,2024-04-11T09:27:09,2021-10-19,Orbit,com.plexapp.agents.audnexus://B09F92G4GB_us?lang=en,1,com.plexapp.agents.audnexus://B001ICAMAW?lang=en
4,5,Light Perpetual,"The Hussite Trilogy, Book 3 - Light Perpetual","Andrzej Sapkowski, David French - Translator",Light Perpetual (2022) [The Hussite Trilogy 3],19 hrs 44 mins,1184,2024-04-11T09:28:39,2022-10-25,Orbit,com.plexapp.agents.audnexus://B0B2GYWCYZ_us?lang=en,1,com.plexapp.agents.audnexus://B001ICAMAW?lang=en
851,852,The Last Wish,The Last Wish,"Andrzej Sapkowski, David French - Translator",The Last Wish (2015) [The Witcher ],10 hrs 16 mins,616,2023-08-08T23:57:22,2015-05-05,Orbit,com.plexapp.agents.audnexus://B00WX7Y0W2_us?lang=en,1,com.plexapp.agents.audnexus://B001ICAMAW?lang=en
853,854,Blood of Elves,"The Witcher, Book 1 - Blood of Elves","Andrzej Sapkowski, David French - Translator",Blood of Elves,10 hrs 54 mins,654,2023-07-12T15:24:43,2015-06-02,Orbit,com.plexapp.agents.audnexus://B00XV1ALO0_us?lang=en,1,com.plexapp.agents.audnexus://B001ICAMAW?lang=en
19,20,The Time of Contempt,"The Witcher, Book 2 - The Time of Contempt","Andrzej Sapkowski, David French - Translator",The Time of Contempt (2015) [The Witcher 2],11 hrs 54 mins,714,2023-08-08T23:55:43,2015-07-07,Orbit,com.plexapp.agents.audnexus://B01092KDCS_us?lang=en,1,com.plexapp.agents.audnexus://B001ICAMAW?lang=en
13,14,Baptism of Fire,"The Witcher, Book 3 - Baptism of Fire","Andrzej Sapkowski, David French - Translator",Baptism of Fire,11 hrs 58 mins,718,2023-08-09T00:15:35,2015-08-04,Orbit,com.plexapp.agents.audnexus://B012DWJ4N6_us?lang=en,1,com.plexapp.agents.audnexus://B001ICAMAW?lang=en
17,18,The Tower of Swallows,"The Witcher, Book 4 - The Tower of Swallows","Andrzej Sapkowski, David French - Translator",The Tower of Swallows (2016) [The Witcher 4],16 hrs 24 mins,984,2023-08-08T23:56:47,2016-05-17,Orbit,com.plexapp.agents.audnexus://B01DDZ3KHI_us?lang=en,1,com.plexapp.agents.audnexus://B001ICAMAW?lang=en
11,12,The Lady of the Lake,"The Witcher, Book 5 - The Lady of the Lake","Andrzej Sapkowski, David French - Translator",The Lady of the Lake (2017) [The Witcher 5],20 hrs 17 mins,1217,2023-08-09T00:23:31,2017-03-14,Orbit,com.plexapp.agents.audnexus://B01N38DEI1_us?lang=en,1,com.plexapp.agents.audnexus://B001ICAMAW?lang=en
8,9,Season of Storms,"The Witcher, Book 6 - Season of Storms","Andrzej Sapkowski, David French - Translator",Season of Storms (2018) [The Witcher 6],11 hrs 45 mins,705,2023-08-09T01:13:55,2018-05-22,Orbit,com.plexapp.agents.audnexus://B07CZQPDMM_us?lang=en,1,com.plexapp.agents.audnexus://B001ICAMAW?lang=en
1129,1130,Nausea (New Directions Paperbook),Nausea (New Directions Paperbook),Jean-Paul Sartre,Nausea (New Directions Paperbook) (1938),8 hrs 13 mins,493,2023-06-16T18:11:37,2021-07-29,New Directions,com.plexapp.agents.audnexus://B09BFZ4NZ6_us?lang=en,1128,com.plexapp.agents.audnexus://B000AQ0LN0?lang=en
2849,2850,Lincoln in the Bardo,Lincoln in the Bardo,George Saunders,Lincoln in the Bardo (2017),7 hrs 25 mins,445,2023-03-29T14:22:25,2017-02-14,Random House Audio,com.plexapp.agents.audnexus://B01MYV9WSI_us?lang=en,2848,com.plexapp.agents.audnexus://B000APEZ74?lang=en
7232,7233,The Terminal Experiment,The Terminal Experiment,Robert J. Sawyer,The Terminal Experiment (2008),9 hrs 15 mins,555,2025-03-08T16:16:06,2008-03-28,Recorded Books,com.plexapp.agents.audnexus://B002V0LSGC_us?lang=en,7231,com.plexapp.agents.audnexus://B000APNCBE?lang=en
3742,3743,The God Engines,The God Engines,John Scalzi,The God Engines (2010),3 hrs 15 mins,195,2023-03-23T22:49:18,2010-12-15,Brilliance Audio ,com.plexapp.agents.audnexus://B004EKATZS_us?lang=en,3741,com.plexapp.agents.audnexus://B001IGJOCA?lang=en
3748,3749,The Collapsing Empire,"The Interdependency, Book 1 - The Collapsing Empire",John Scalzi,The Collapsing Empire (2017) [The Interdependency 1],9 hrs 24 mins,564,2023-03-22T16:15:03,2017-03-21,Audible Studios,com.plexapp.agents.audnexus://B01L2PE1XI_us?lang=en,3741,com.plexapp.agents.audnexus://B001IGJOCA?lang=en
3746,3747,The Consuming Fire,"The Interdependency, Book 2 - The Consuming Fire",John Scalzi,The Consuming Fire (2018) [The Interdependency 2],8 hrs 19 mins,499,2023-03-22T16:15:53,2018-10-16,Audible Studios,com.plexapp.agents.audnexus://B07HNMVMK8_us?lang=en,3741,com.plexapp.agents.audnexus://B001IGJOCA?lang=en
3744,3745,The Last Emperox,"The Interdependency, Book 3 - The Last Emperox",John Scalzi,The Last Emperox (2020) [The Interdependency 3],8 hrs 7 mins,487,2023-03-22T16:17:13,2020-04-14,Audible Studios,com.plexapp.agents.audnexus://B084RPCT73_us?lang=en,3741,com.plexapp.agents.audnexus://B001IGJOCA?lang=en
8113,8114,The Devil's Gentleman,The Devil's Gentleman,Harold Schechter,The Devil's Gentleman (2017),15 hrs 13 mins,913,2025-05-26T22:26:46,2017-02-14,Tantor Audio,com.plexapp.agents.audnexus://B01MSDOOIO_us?lang=en,8112,com.plexapp.agents.audnexus://B000APEARY?lang=en
3739,3740,Escape from Rome,Escape from Rome,Walter Scheidel,Escape from Rome (2019),21 hrs 36 mins,1296,2023-03-23T22:49:25,2019-10-15,Recorded Books,com.plexapp.agents.audnexus://1980062447_us?lang=en,3736,com.plexapp.agents.audnexus://B001IZTC2I?lang=en
3737,3738,The Great Leveler,The Great Leveler,Walter Scheidel,The Great Leveler (2017),17 hrs 31 mins,1051,2023-03-23T22:50:40,2017-10-10,Tantor Media,com.plexapp.agents.audnexus://B075Z7VFT5_us?lang=en,3736,com.plexapp.agents.audnexus://B001IZTC2I?lang=en
4475,4476,Extremely Hardcore,Extremely Hardcore,Zoë Schiffer,Extremely Hardcore (2024),8 hrs 43 mins,523,2024-04-25T16:28:34,2024-02-13,Penguin Audio,com.plexapp.agents.audnexus://B0CN1RQBRW_us?lang=en,4474,com.plexapp.agents.audnexus://B0CSLTN2X6?lang=en
459,460,Mr. Humble and Dr. Butcher,Mr. Humble and Dr. Butcher,Brandy Schillace,Mr. Humble and Dr. Butcher (2021),10 hrs 50 mins,650,2023-09-27T10:15:20,2021-03-02,Simon & Schuster Audio,com.plexapp.agents.audnexus://1797121316_us?lang=en,458,com.plexapp.agents.audnexus://B00K4EMPEG?lang=en
6059,6060,The Hollow Parties,The Hollow Parties,"Daniel Schlozman, Sam Rosenfeld",The Hollow Parties (2024),14 hrs 34 mins,874,2024-09-30T23:23:23,2024-05-07,Tantor Audio,com.plexapp.agents.audnexus://B0D1HNPVFH_us?lang=en,6058,com.plexapp.agents.audnexus://B0CLQM9FG4?lang=en
7640,7641,The Invention of Surgery,The Invention of Surgery,David Schneider MD,The Invention of Surgery (2020),23 hrs 5 mins,1385,2025-05-03T16:00:08,2020-03-03,"Dreamscape Media, LLC",com.plexapp.agents.audnexus://1690584092_us?lang=en,7639,com.plexapp.agents.audnexus://B01C97YB4W?lang=en
5140,5141,A Hacker's Mind,A Hacker's Mind,Bruce Schneier,A Hacker's Mind (2023),8 hrs 3 mins,483,2024-06-23T09:42:48,2023-02-07,Recorded Books,com.plexapp.agents.audnexus://B0BPB5ZJDF_us?lang=en,5139,com.plexapp.agents.audnexus://B000AP7EVS?lang=en
3021,3022,Lamentation,"Psalms of Isaak, Book 1 - Lamentation",Ken Scholes,Lamentation (2009) [Psalms of Isaak 1],14 hrs 47 mins,887,2023-03-29T13:30:56,2009-02-17,Macmillan Audio,com.plexapp.agents.audnexus://B002V0RHPI_us?lang=en,3016,com.plexapp.agents.audnexus://B001JS7N9I?lang=en
3023,3024,Canticle,"Psalms of Isaak, Book 2 - Canticle",Ken Scholes,Canticle (2009) [Psalms of Isaak 2],16 hrs 42 mins,1002,2023-03-29T12:01:01,2009-10-19,Macmillan Audio,com.plexapp.agents.audnexus://B002V1LGL8_us?lang=en,3016,com.plexapp.agents.audnexus://B001JS7N9I?lang=en
3025,3026,Antiphon,"Psalms of Isaak, Book 3 - Antiphon",Ken Scholes,Antiphon (2010) [Psalms of Isaak 3],16 hrs 36 mins,996,2023-03-29T11:19:20,2012-08-14,Audible Studios,com.plexapp.agents.audnexus://B008R1AAYK_us?lang=en,3016,com.plexapp.agents.audnexus://B001JS7N9I?lang=en
3017,3018,Requiem,"Psalms of Isaak, Book 4 - Requiem",Ken Scholes,Requiem (2013) [Psalms of Isaak 4],16 hrs 41 mins,1001,2023-03-29T14:21:41,2013-06-18,Audible Studios,com.plexapp.agents.audnexus://B00CZGZIIQ_us?lang=en,3016,com.plexapp.agents.audnexus://B001JS7N9I?lang=en
3019,3020,Hymn,"Psalms of Isaak, Book 5 - Hymn",Ken Scholes,Hymn (2017) [Psalms of Isaak 5],19 hrs 54 mins,1194,2023-03-29T14:15:16,2017-12-05,Audible Studios,com.plexapp.agents.audnexus://B077XG9FFF_us?lang=en,3016,com.plexapp.agents.audnexus://B001JS7N9I?lang=en
3734,3735,League of Liars,League of Liars,Astrid Scholte,League of Liars (2022),11 hrs 9 mins,669,2023-03-23T22:51:13,2022-02-22,Listening Library,com.plexapp.agents.audnexus://0593503139_us?lang=en,3733,com.plexapp.agents.audnexus://B07G4B1PJF?lang=en
2568,2569,"The World as Will And Idea, Volume 1","The World as Will and Idea, Book 1 - The World as Will And Idea, Volume 1",Arthur Schopenhauer,"The World as Will And Idea, Volume 1 (2017) [The World as Will and Idea 1]",20 hrs 27 mins,1227,2023-04-05T21:14:03,2017-02-06,Ukemi Audiobooks from W. F. Howes Ltd,com.plexapp.agents.audnexus://B01MSEQRU8_us?lang=en,2563,com.plexapp.agents.audnexus://B00EXIXZ5W?lang=en
2566,2567,"The World as Will and Idea, Volume 2","The World as Will and Idea, Book 2 - The World as Will and Idea, Volume 2",Arthur Schopenhauer,"The World as Will and Idea, Volume 2 (2017) [The World as Will and Idea 2]",17 hrs 51 mins,1071,2023-04-05T21:14:28,2017-06-30,Ukemi Audiobooks from W. F. Howes Ltd,com.plexapp.agents.audnexus://B073JRLHH8_us?lang=en,2563,com.plexapp.agents.audnexus://B00EXIXZ5W?lang=en
2564,2565,"The World as Will and Idea, Volume 3","The World as Will and Idea, Book 3 - The World as Will and Idea, Volume 3",Arthur Schopenhauer,"The World as Will and Idea, Volume 3 (2017) [The World as Will and Idea 3]",17 hrs 23 mins,1043,2023-04-05T21:14:54,2017-08-17,Ukemi Audiobooks from W. F. Howes Ltd,com.plexapp.agents.audnexus://B074VCQTXQ_us?lang=en,2563,com.plexapp.agents.audnexus://B00EXIXZ5W?lang=en
2087,2088,The Darkness Outside Us,The Darkness Outside Us,Eliot Schrefer,The Darkness Outside Us (2021),9 hrs 49 mins,589,2023-04-20T09:33:30,2021-06-01,HarperCollins,com.plexapp.agents.audnexus://0063089351_us?lang=en,2086,com.plexapp.agents.audnexus://B00B29SZWI?lang=en
1332,1333,"Blood, Sweat, and Pixels","Blood, Sweat, and Pixels",Jason Schreier,"Blood, Sweat, and Pixels (2017)",7 hrs 58 mins,478,2023-05-17T08:56:40,2017-09-05,Harper Paperbacks,com.plexapp.agents.audnexus://B0731N344V_us?lang=en,1329,com.plexapp.agents.audnexus://B071RF6PDL?lang=en
6273,6274,Play Nice,Play Nice,Jason Schreier,Play Nice (2024),9 hrs 17 mins,557,2024-10-08T09:56:33,2024-10-08,Grand Central Publishing,com.plexapp.agents.audnexus://B0CWJKR3MR_us?lang=en,1329,com.plexapp.agents.audnexus://B071RF6PDL?lang=en
1330,1331,Press Reset,Press Reset,Jason Schreier,Press Reset (2021),8 hrs 15 mins,495,2023-05-17T08:56:58,2021-05-18,Grand Central Publishing,com.plexapp.agents.audnexus://1549130625_us?lang=en,1329,com.plexapp.agents.audnexus://B071RF6PDL?lang=en
678,679,The Disenchanted,The Disenchanted,Budd Schulberg,The Disenchanted (2013),16 hrs 11 mins,971,2023-08-12T08:04:13,2013-11-25,Audible Studios,com.plexapp.agents.audnexus://B00GLX8F2U_us?lang=en,677,com.plexapp.agents.audnexus://B001HD42TE?lang=en
3731,3732,Oscar Wars,Oscar Wars,Michael Schulman,Oscar Wars (2023),21 hrs 1 min,1261,2023-03-23T22:54:30,2023-02-21,HarperAudio,com.plexapp.agents.audnexus://B0BV8HH8XW_us?lang=en,3730,com.plexapp.agents.audnexus://B001HCVJGO?lang=en
4692,4693,The Bill Gates Problem,The Bill Gates Problem,Tim Schwab,The Bill Gates Problem (2023),15 hrs 56 mins,956,2024-05-16T06:12:29,2023-11-14,Macmillan Audio,com.plexapp.agents.audnexus://B0BWFW8CDS_us?lang=en,4691,com.plexapp.agents.audnexus://B0CMXTRFBK?lang=en
8232,8233,Bury Our Bones in the Midnight Soil,Bury Our Bones in the Midnight Soil,V.E. Schwab,Bury Our Bones in the Midnight Soil (2025),18 hrs 24 mins,1104,2025-07-01T22:08:57,2025-06-10,Macmillan Audio,com.plexapp.agents.audnexus://B0D6S3F9DZ_us?lang=en,4277,com.plexapp.agents.audnexus://B00MLKA3WM?lang=en
4278,4279,Gallant,Gallant,V.E. Schwab,Gallant (2022),7 hrs 42 mins,462,2023-03-22T12:32:29,2022-03-01,Greenwillow Books,com.plexapp.agents.audnexus://006322075X_us?lang=en,4277,com.plexapp.agents.audnexus://B00MLKA3WM?lang=en
3333,3334,The Last Lone Inventor,The Last Lone Inventor,Evan I. Schwartz,The Last Lone Inventor (2002),10 hrs 17 mins,617,2023-03-28T14:58:26,2020-02-11,Tantor Audio,com.plexapp.agents.audnexus://1705204481_us?lang=en,3332,com.plexapp.agents.audnexus://B000AP93WQ?lang=en
5182,5183,Any Human Power,Any Human Power,Manda Scott,Any Human Power (2024),19 hrs 20 mins,1160,2024-06-29T10:40:57,2024-05-30,Bolinda audio,com.plexapp.agents.audnexus://B0CZSDR24V_us?lang=en,5181,com.plexapp.agents.audnexus://B01I0AXVFC?lang=en
4238,4240,Death by Silver,"Julian Lynes and Ned Mathey, Book 1 - Death by Silver","Melissa Scott, Amy Griswold",Death by Silver (2013) [Julian Lynes and Ned Mathey 1],9 hrs 34 mins,574,2023-03-22T12:59:17,2013-11-14,Lethe Press,com.plexapp.agents.audnexus://B00GNEINN8_us?lang=en,4237,com.plexapp.agents.audnexus://B000AQ3XVW?lang=en
599,600,The Grim Company,"The Grim Company, Book 1 - The Grim Company",Luke Scull,The Grim Company (2013) [The Grim Company 1],15 hrs 39 mins,939,2023-09-05T21:12:07,2013-09-17,Recorded Books,com.plexapp.agents.audnexus://B00F8LCAUY_us?lang=en,598,com.plexapp.agents.audnexus://B00E7FSHMM?lang=en
3726,3727,The Queer Principles of Kit Webb,"London Highwaymen, Book 1 - The Queer Principles of Kit Webb",Cat Sebastian,The Queer Principles of Kit Webb (2021) [London Highwaymen 1],9 hrs 12 mins,552,2023-03-23T22:56:10,2021-06-08,HarperAudio,com.plexapp.agents.audnexus://0063026236_us?lang=en,3721,com.plexapp.agents.audnexus://B01JO6MWZG?lang=en
3728,3729,The Perfect Crimes of Marian Hayes,"London Highwaymen, Book 2 - The Perfect Crimes of Marian Hayes",Cat Sebastian,The Perfect Crimes of Marian Hayes (2022) [London Highwaymen 2],9 hrs 14 mins,554,2023-03-23T22:55:42,2022-06-07,HarperAudio,com.plexapp.agents.audnexus://B09HLB7LHF_us?lang=en,3721,com.plexapp.agents.audnexus://B01JO6MWZG?lang=en
3722,3723,Hither Page,"Page & Sommers, Book 1 - Hither Page",Cat Sebastian,Hither Page (2019) [Page & Sommers 1],6 hrs 28 mins,388,2023-03-28T15:50:18,2020-02-04,Cat Sebastian,com.plexapp.agents.audnexus://B084GNPV8X_us?lang=en,3721,com.plexapp.agents.audnexus://B01JO6MWZG?lang=en
3724,3725,The Missing Page,"Page & Sommers, Book 2 - The Missing Page",Cat Sebastian,The Missing Page (2022) [Page & Sommers 2],6 hrs 28 mins,388,2023-03-23T22:55:27,2022-01-27,Cat Sebastian,com.plexapp.agents.audnexus://B09R84NFB2_us?lang=en,3721,com.plexapp.agents.audnexus://B01JO6MWZG?lang=en
4323,4324,It's OK to Be Angry About Capitalism,It's OK to Be Angry About Capitalism,"Senator Bernie Sanders, John Nichols",It's OK to Be Angry About Capitalism (2023),10 hrs 59 mins,659,2023-03-22T12:08:52,2023-02-21,Random House Audio,com.plexapp.agents.audnexus://B0BLHXM3ZC_us?lang=en,4322,local://4322
3719,3720,The Revolution Was Televised,The Revolution Was Televised,"Alan Sepinwall, Matt Zoller Seitz",The Revolution Was Televised (2013),11 hrs 15 mins,675,2023-03-23T22:58:45,2013-05-21,Random House Audio,com.plexapp.agents.audnexus://B00CMUMYP0_us?lang=en,3718,com.plexapp.agents.audnexus://B001K8C6KS?lang=en
3716,3717,TV (The Book),TV (The Book),"Alan Sepinwall, Matt Zoller Seitz",TV (the Book) (2016),16 hrs 33 mins,993,2023-03-23T23:00:40,2016-09-06,Hachette Audio,com.plexapp.agents.audnexus://B01L2O5H8W_us?lang=en,3718,com.plexapp.agents.audnexus://B001K8C6KS?lang=en
3713,3714,The Thirteenth Tale,The Thirteenth Tale,Diane Setterfield,The Thirteenth Tale (2006),14 hrs 13 mins,853,2023-03-23T23:01:25,2006-09-12,Simon & Schuster Audio,com.plexapp.agents.audnexus://B002V1ODJK_us?lang=en,3712,com.plexapp.agents.audnexus://B001H6IYHC?lang=en
578,579,The Midnight Kingdom,The Midnight Kingdom,Jared Yates Sexton,The Midnight Kingdom (2023),10 hrs 34 mins,634,2023-09-05T21:23:48,2023-01-17,Penguin Audio,com.plexapp.agents.audnexus://B09YJZ8Z6W_us?lang=en,577,com.plexapp.agents.audnexus://B00B50IHYK?lang=en
3708,3709,One Man's Trash,"Heretic Doms Club, Book 1 - One Man's Trash",Marie Sexton,One Man's Trash (2017) [Heretic Doms Club 1],12 hrs 3 mins,723,2023-03-22T16:42:37,2017-11-20,Marie Sexton,com.plexapp.agents.audnexus://B077J83K92_us?lang=en,3705,com.plexapp.agents.audnexus://B003Z673CO?lang=en
3710,3711,Terms of Service,"Heretic Doms Club, Book 2 - Terms of Service",Marie Sexton,Terms of Service (2018) [Heretic Doms Club 2],14 hrs 21 mins,861,2023-03-22T12:41:44,2018-08-13,Marie Sexton,com.plexapp.agents.audnexus://B07G9LRXMX_us?lang=en,3705,com.plexapp.agents.audnexus://B003Z673CO?lang=en
3706,3707,Song of Oestend,"Oestend, Book 1 - Song of Oestend",Marie Sexton,Song of Oestend (2020) [Oestend 1],11 hrs 44 mins,704,2023-03-23T23:01:44,2021-01-13,Marie Sexton,com.plexapp.agents.audnexus://B08SQ2WYV1_us?lang=en,3705,com.plexapp.agents.audnexus://B003Z673CO?lang=en
326,327,The Wishing Game,The Wishing Game,Meg Shaffer,The Wishing Game (2023-05-30),10 hrs 38 mins,638,2023-12-19T06:58:35,2023-05-30,Random House Audio,com.plexapp.agents.audnexus://B0BNRV6WXB_us?lang=en,325,com.plexapp.agents.audnexus://B0BHFJKWM5?lang=en
4724,4725,Airplane Mode,Airplane Mode,Shahnaz Habib,Airplane Mode (2024),8 hrs 46 mins,526,2024-05-23T22:27:25,2024-03-19,Tantor Audio,com.plexapp.agents.audnexus://B0CX2R4Z32_us?lang=en,4723,local://4723
9205,9206,Hamlet,Hamlet,William Shakespeare,Hamlet (1999),3 hrs 22 mins,202,2026-03-23T09:31:15,1999-12-26,Naxos AudioBooks,com.plexapp.agents.audnexus://B002V8H99O_us?lang=en,3700,com.plexapp.agents.audnexus://B000APWKO4?lang=en
9213,9214,Hamlet,Hamlet,William Shakespeare,Hamlet (2012),3 hrs 14 mins,194,2026-03-26T10:14:11,2012-02-15,L.A. Theatre Works,com.plexapp.agents.audnexus://B00793FJXO_us?lang=en,3700,com.plexapp.agents.audnexus://B000APWKO4?lang=en
3703,3704,King Lear,King Lear,William Shakespeare,King Lear (2003),3 hrs 6 mins,186,2023-03-23T23:02:35,2014-05-19,Arkangel,com.plexapp.agents.audnexus://B00KDJFKGC_us?lang=en,3700,com.plexapp.agents.audnexus://B000APWKO4?lang=en
3701,3702,The Tempest,The Tempest,William Shakespeare,The Tempest (2014),2 hrs 11 mins,131,2023-03-23T23:03:42,2011-08-18,Naxos AudioBooks,com.plexapp.agents.audnexus://B005HQ21O0_us?lang=en,3700,com.plexapp.agents.audnexus://B000APWKO4?lang=en
1088,1089,The Priory of the Orange Tree,"Roots of Chaos, Book 1 - The Priory of the Orange Tree",Samantha Shannon,The Priory of the Orange Tree (2017) [Roots of Chaos 1],1 day 1 hr 53 mins,1553,2023-06-19T13:07:32,2019-02-26,Audible Studios,com.plexapp.agents.audnexus://1408890704_us?lang=en,1087,com.plexapp.agents.audnexus://B00CIXEAZS?lang=en
1090,1091,The Bone Season,"The Bone Season, Book 1 - The Bone Season",Samantha Shannon,The Bone Season (2013) [The Bone Season 1],14 hrs 54 mins,894,2023-06-13T00:08:46,2023-08-22,Bloomsbury Publishing Plc,com.plexapp.agents.audnexus://B0CDXTH99Z_us?lang=en,1087,com.plexapp.agents.audnexus://B00CIXEAZS?lang=en
7506,7507,Above Suspicion,Above Suspicion,Joe Sharkey,Above Suspicion (2017),13 hrs 17 mins,797,2025-04-03T19:21:42,2017-01-03,Random House Audio,com.plexapp.agents.audnexus://B01MRYCQT9_us?lang=en,7505,com.plexapp.agents.audnexus://B000APG5EK?lang=en
1337,1338,The Family: A Read with Jenna Pick,The Family: A Read with Jenna Pick,Jeff Sharlet,The Family (2009),16 hrs 51 mins,1011,2023-04-26T02:17:56,2021-11-02,Penguin Audio,com.plexapp.agents.audnexus://059345152X_us?lang=en,1334,com.plexapp.agents.audnexus://B001HCV9UU?lang=en
1335,1336,The Undertow,The Undertow,Jeff Sharlet,The Undertow (2023),11 hrs 46 mins,706,2023-05-12T23:32:43,2023-05-02,Audible Studios,com.plexapp.agents.audnexus://B0C2DBS3RT_us?lang=en,1334,com.plexapp.agents.audnexus://B001HCV9UU?lang=en
4695,4696,The Letters We Keep,The Letters We Keep,Nisha Sharma,The Letters We Keep (2024),7 hrs 11 mins,431,2024-05-19T06:16:01,2024-05-01,Brilliance Audio,com.plexapp.agents.audnexus://B0CKZHP6VB_us?lang=en,4694,com.plexapp.agents.audnexus://B0789XRMP8?lang=en
5162,5163,When Christ and His Saints Slept,"Plantagenets Series, Book 1 - When Christ and His Saints Slept",Sharon Kay Penman,When Christ and His Saints Slept (2019) [Plantagenets Series 1],1 day 12 hrs 37 mins,2197,2024-06-25T19:21:04,2019-02-12,Tantor Audio,com.plexapp.agents.audnexus://1541480260_us?lang=en,5161,local://5161
5172,5173,Time and Chance,"Plantagenets Series, Book 2 - Time and Chance",Sharon Kay Penman,Time and Chance (2020) [Plantagenets Series 2],22 hrs 35 mins,1355,2024-06-29T10:32:10,2020-05-19,Penguin Audio,com.plexapp.agents.audnexus://0593290283_us?lang=en,5161,local://5161
9011,9012,Cryptic,Cryptic,Garry J. Shaw,Cryptic (2026),8 hrs 48 mins,528,2026-02-12T11:26:32,2026-01-13,Tantor Media,com.plexapp.agents.audnexus://B0FVWBVK11_us?lang=en,9010,com.plexapp.agents.audnexus://B001JRVVDI?lang=en
5204,5205,Strange Practice,"Dr. Greta Helsing, Book 1 - Strange Practice",Vivian Shaw,Strange Practice (2017) [Dr. Greta Helsing 1],9 hrs 22 mins,562,2024-07-02T14:03:08,2017-08-03,Hachette Audio,com.plexapp.agents.audnexus://B074HCGXMR_us?lang=en,5203,com.plexapp.agents.audnexus://B01MUEH2XN?lang=en
6493,6494,Essays,Essays,Wallace Shawn,Essays (2010),4 hrs 40 mins,280,2024-11-06T21:38:24,2010-07-20,Haymarket Books,com.plexapp.agents.audnexus://B003WEBYH4_us?lang=en,6492,com.plexapp.agents.audnexus://B001HNA20W?lang=en
4878,4879,The Finance Curse,The Finance Curse,Nicholas Shaxson,The Finance Curse (2019),12 hrs 3 mins,723,2024-05-29T10:55:48,2019-11-05,Brilliance Audio,com.plexapp.agents.audnexus://1799751082_us?lang=en,4877,com.plexapp.agents.audnexus://B001JS1AVK?lang=en
6317,6318,N1 Nifft the Lean,N1 Nifft the Lean,Michael Shea,N1 Nifft the Lean (1982),13 hrs 41 mins,821,2024-10-11T08:33:53,1982-01-01,,local://6317,6316,com.plexapp.agents.audnexus://B001HPUTAS?lang=en
899,900,Illuminatus! Part I,"Illuminatus!, Book 1 - Illuminatus! Part I","Robert Shea, Robert Anton Wilson",Illuminatus! Part I (1975) [Illuminatus! 1],13 hrs 15 mins,795,2023-07-06T18:47:34,2007-06-29,Deepleaf Audio,com.plexapp.agents.audnexus://B002VA3OGO_us?lang=en,894,com.plexapp.agents.audnexus://B000AQ8P6U?lang=en
897,898,Illuminatus! Part II,"Illuminatus!, Book 2 - Illuminatus! Part II","Robert Shea, Robert Anton Wilson",Illuminatus! Part II (2007) [Illuminatus! 2],9 hrs 44 mins,584,2023-07-06T18:47:36,2007-11-21,Deepleaf Audio,com.plexapp.agents.audnexus://B002V1A7OA_us?lang=en,894,com.plexapp.agents.audnexus://B000AQ8P6U?lang=en
895,896,Illuminatus! Part III,"Illuminatus!, Book 3 - Illuminatus! Part III","Robert Shea, Robert Anton Wilson",Illuminatus! Part III (1975) [Illuminatus! 3],10 hrs 29 mins,629,2023-07-06T18:48:01,2008-11-07,Deepleaf Audio,com.plexapp.agents.audnexus://B002UZN3UC_us?lang=en,894,com.plexapp.agents.audnexus://B000AQ8P6U?lang=en
7941,7942,Dimension of Miracles,Dimension of Miracles,Robert Sheckley,Dimension of Miracles (2013),5 hrs 19 mins,319,2025-05-15T14:14:00,2013-03-26,Audible Studios,com.plexapp.agents.audnexus://B00BNK26QW_us?lang=en,7940,com.plexapp.agents.audnexus://B00N6EB1H8?lang=en
6551,6552,Summertide,"The Heritage Universe, Book 1 - Summertide",Charles Sheffield,Summertide (2003) [The Heritage Universe 1],8 hrs 41 mins,521,2024-11-21T17:06:30,2003-07-18,"Blackstone Audio, Inc.",com.plexapp.agents.audnexus://B002VA8NC4_us?lang=en,6550,com.plexapp.agents.audnexus://B000AQ3YMK?lang=en
6553,6554,Divergence,"The Heritage Universe, Book 2 - Divergence",Charles Sheffield,Divergence (2003) [The Heritage Universe 2],9 hrs 12 mins,552,2024-11-21T21:36:52,2003-10-10,"Blackstone Audio, Inc.",com.plexapp.agents.audnexus://B002UZMY52_us?lang=en,6550,com.plexapp.agents.audnexus://B000AQ3YMK?lang=en
6555,6556,Transcendence,"The Heritage Universe, Book 3 - Transcendence",Charles Sheffield,Transcendence (2003) [The Heritage Universe 3],8 hrs 56 mins,536,2024-11-21T21:37:08,2003-10-17,"Blackstone Audio, Inc.",com.plexapp.agents.audnexus://B002V8MEK8_us?lang=en,6550,com.plexapp.agents.audnexus://B000AQ3YMK?lang=en
5349,5350,What Does Israel Fear from Palestine?,What Does Israel Fear from Palestine?,Raja Shehadeh,What Does Israel Fear from Palestine (2024),2 hrs 25 mins,145,2024-07-16T23:10:12,2024-06-25,Tantor Audio,com.plexapp.agents.audnexus://B0D755BJ9J_us?lang=en,5348,com.plexapp.agents.audnexus://B001JP3V56?lang=en
4200,4201,Barrowlands,"Iconoclasts, Book 0 - Barrowlands",Mike Shel,Barrowlands (2018) [Iconoclasts Series 0],1 hr,60,2023-03-23T23:03:51,2021-01-19,Podium Audio,com.plexapp.agents.audnexus://1774249715_us?lang=en,4195,com.plexapp.agents.audnexus://B007KOWTYE?lang=en
4202,4203,Aching God,"Iconoclasts, Book 1 - Aching God",Mike Shel,Aching God (2018) [Iconoclasts Series 1],14 hrs 8 mins,848,2023-03-22T14:57:55,2018-08-28,Podium Audio,com.plexapp.agents.audnexus://1772306916_us?lang=en,4195,com.plexapp.agents.audnexus://B007KOWTYE?lang=en
4196,4197,Sin Eater,"Iconoclasts, Book 2 - Sin Eater",Mike Shel,Sin Eater (2019) [Iconoclasts Series 2],15 hrs 8 mins,908,2023-03-23T23:07:00,2019-10-22,Podium Audio,com.plexapp.agents.audnexus://1774240270_us?lang=en,4195,com.plexapp.agents.audnexus://B007KOWTYE?lang=en
4198,4199,Idols Fall,"Iconoclasts, Book 3 - Idols Fall",Mike Shel,Idols Fall (2021) [Iconoclasts Series 3],19 hrs 50 mins,1190,2023-03-23T23:05:29,2021-08-17,Podium Audio,com.plexapp.agents.audnexus://1039403328_us?lang=en,4195,com.plexapp.agents.audnexus://B007KOWTYE?lang=en
9182,9183,Frankenstein,Frankenstein,Mary Shelley,Frankenstein (2013),8 hrs 35 mins,515,2026-03-16T11:57:00,2013-10-29,Audible Studios,com.plexapp.agents.audnexus://B00FQRCM9O_us?lang=en,9181,com.plexapp.agents.audnexus://B00R1DJSQQ?lang=en
8732,8733,Blood in the Water,Blood in the Water,Casey Sherman,Blood in the Water (2025),8 hrs 33 mins,513,2025-11-26T09:31:33,2025-04-29,Recorded Books,com.plexapp.agents.audnexus://B0D9WL9L39_us?lang=en,8731,com.plexapp.agents.audnexus://B001JRVP5C?lang=en
572,573,The Punitive Turn in American Life,The Punitive Turn in American Life,Michael S. Sherry,The Punitive Turn in American Life (2021),12 hrs 25 mins,745,2023-09-05T21:26:02,2021-04-20,Tantor Audio,com.plexapp.agents.audnexus://1705283128_us?lang=en,571,com.plexapp.agents.audnexus://B001JRYLNU?lang=en
2187,2188,The Great Passage,The Great Passage,"Shion Miura, Juliet Winters Carpenter - translator",The Great Passage (2012),7 hrs 32 mins,452,2023-04-19T12:12:08,2017-06-01,Brilliance Audio,com.plexapp.agents.audnexus://B071YFQKZ7_us?lang=en,2186,com.plexapp.agents.audnexus://B003UWSJD0?lang=en
6595,6596,The Infinite Noise,"Bright Sessions, Book 1 - The Infinite Noise",Lauren Shippen,The Infinite Noise (2019) [Bright Sessions 1],9 hrs 52 mins,592,2024-12-01T21:48:22,2019-09-24,Macmillan Audio,com.plexapp.agents.audnexus://1250243416_us?lang=en,6594,com.plexapp.agents.audnexus://B07PH3RSQT?lang=en
4115,4116,The Collapse of the Third Republic,The Collapse of the Third Republic,William L. Shirer,The Collapse of the Third Republic (2019),2 days 10 mins,2890,2023-03-22T21:13:43,2019-04-30,"Blackstone Audio, Inc.",com.plexapp.agents.audnexus://1982619686_us?lang=en,4114,com.plexapp.agents.audnexus://B000AQ3Z2Y?lang=en
4741,4742,PIHKAL,PIHKAL,"Alexander Shulgin, Ann Shulgin",PIHKAL (2021),22 hrs 30 mins,1350,2024-05-24T09:12:56,2021-11-15,Transform Press,com.plexapp.agents.audnexus://B09L2RSWT1_us?lang=en,4740,com.plexapp.agents.audnexus://B000APJGIC?lang=en
3698,3699,Challenger Deep,Challenger Deep,Neal Shusterman,Challenger Deep (2015),8 hrs 13 mins,493,2023-03-23T23:07:46,2015-04-21,Quill Tree Books,com.plexapp.agents.audnexus://B00TYOB1N8_us?lang=en,3697,com.plexapp.agents.audnexus://B006VY9AIC?lang=en
2081,2082,A Dark and Hollow Star,"A Dark and Hollow Star, Book 1 - A Dark and Hollow Star",Ashley Shuttleworth,A Dark and Hollow Star (2021) [A Dark and Hollow Star 1],19 hrs 31 mins,1171,2023-04-21T23:31:32,2021-02-23,Simon & Schuster Audio,com.plexapp.agents.audnexus://1797122975_us?lang=en,2080,com.plexapp.agents.audnexus://B08C2WX438?lang=en
729,730,The Centre,The Centre,Ayesha Manazir Siddiqi,The Centre (2023),8 hrs 37 mins,517,2023-07-31T23:06:07,2023-07-11,Zando,com.plexapp.agents.audnexus://B0BSR6HSQN_us?lang=en,728,com.plexapp.agents.audnexus://B0C8BJPJ5C?lang=en
5277,5278,The Wide Wide Sea,The Wide Wide Sea,Hampton Sides,The Wide Wide Sea (2024),15 hrs 41 mins,941,2024-07-11T00:12:10,2024-04-09,Random House Audio,com.plexapp.agents.audnexus://B0CDDS31PK_us?lang=en,5276,com.plexapp.agents.audnexus://B001IGUQVI?lang=en
2744,2745,Parenting from the Inside Out,Parenting from the Inside Out,"Daniel J. Siegel, Mary Hartzell",Parenting from the Inside Out (2003),6 hrs 45 mins,405,2023-03-30T00:49:49,2013-12-26,Brilliance Audio,com.plexapp.agents.audnexus://B00H268WYG_us?lang=en,2743,com.plexapp.agents.audnexus://B00459LSPI?lang=en
660,661,Groucho Marx,Groucho Marx,Lee Siegel,Groucho Marx (2016),4 hrs 40 mins,280,2023-09-02T12:28:12,2016-01-19,Tantor Audio,com.plexapp.agents.audnexus://B01ACJI4O2_us?lang=en,659,com.plexapp.agents.audnexus://B001IXQHKA?lang=en
8300,8301,The Secret History of Food,The Secret History of Food,Matt Siegel,The Secret History of Food (2021),5 hrs 35 mins,335,2025-08-04T07:44:40,2021-08-31,HarperAudio,com.plexapp.agents.audnexus://0062973231_us?lang=en,8299,com.plexapp.agents.audnexus://B097CCKSM1?lang=en
8330,8331,The Chasing of Eleanor Vane,"Far Hope Stories, Book 1 - The Chasing of Eleanor Vane",Sierra Simone,The Chasing of Eleanor Vane (2024) [Far Hope Stories 1],3 hrs 54 mins,234,2025-08-12T14:16:23,2024-01-25,Sierra Simone,com.plexapp.agents.audnexus://B0CT5XVBB2_us?lang=en,2164,com.plexapp.agents.audnexus://B00HFK1EJO?lang=en
8328,8329,The Last Crimes of Peregrine Hind,"Far Hope Stories, Book 2 - The Last Crimes of Peregrine Hind",Sierra Simone,The Last Crimes of Peregrine Hind (2024) [Far Hope Stories 2],4 hrs 20 mins,260,2025-08-12T14:16:23,2024-01-25,Sierra Simone,com.plexapp.agents.audnexus://B0CT5XHRGT_us?lang=en,2164,com.plexapp.agents.audnexus://B00HFK1EJO?lang=en
8326,8327,The Conquering of Tate the Pious,"Far Hope Stories, Book 3 - The Conquering of Tate the Pious",Sierra Simone,The Conquering of Tate the Pious (2024) [Far Hope Stories 3],4 hrs 13 mins,253,2025-08-12T14:16:23,2024-01-25,Sierra Simone,com.plexapp.agents.audnexus://B0CT91HS1S_us?lang=en,2164,com.plexapp.agents.audnexus://B00HFK1EJO?lang=en
2165,2166,Harvest of Sighs,Harvest of Sighs,Sierra Simone,Harvest of Sighs (2020),15 hrs 31 mins,931,2023-04-19T21:48:22,2021-05-27,"No Bird Press, LLC",com.plexapp.agents.audnexus://B095L2P4PH_us?lang=en,2164,com.plexapp.agents.audnexus://B00HFK1EJO?lang=en
8317,8318,Salt Kiss,"Lyonesse, Book 1 - Salt Kiss",Sierra Simone,Salt Kiss (2023) [Lyonesse 1],9 hrs 36 mins,576,2025-08-12T12:37:20,2023-09-11,Sierra Simone,com.plexapp.agents.audnexus://B0CHSHB723_us?lang=en,2164,com.plexapp.agents.audnexus://B00HFK1EJO?lang=en
8661,8662,Honey Cut,"Lyonesse, Book 2 - Honey Cut",Sierra Simone,Honey Cut (2024) [Lyonesse 2],13 hrs 26 mins,806,2025-10-01T13:29:24,2024-06-17,No Bird Press,com.plexapp.agents.audnexus://B0D6SD6FM3_us?lang=en,2164,com.plexapp.agents.audnexus://B00HFK1EJO?lang=en
2169,2170,A Lesson in Thorns,"Thornchapel, Book 1 - A Lesson in Thorns",Sierra Simone,A Lesson in Thorns (2019) [Thornchapel 1],10 hrs 16 mins,616,2023-04-19T21:45:22,2019-06-17,Sierra Simone,com.plexapp.agents.audnexus://B07T3G7DWP_us?lang=en,2164,com.plexapp.agents.audnexus://B00HFK1EJO?lang=en
2171,2172,Feast of Sparks,"Thornchapel, Book 2 - Feast of Sparks",Sierra Simone,Feast of Sparks (2019) [Thornchapel 2],12 hrs 38 mins,758,2023-04-19T21:44:51,2020-02-21,Sierra Simone,com.plexapp.agents.audnexus://B0851B1JCD_us?lang=en,2164,com.plexapp.agents.audnexus://B00HFK1EJO?lang=en
2167,2168,Door of Bruises,"Thornchapel, Book 4 - Door of Bruises",Sierra Simone,Door of Bruises (2020) [Thornchapel 4],14 hrs 11 mins,851,2023-04-19T21:47:12,2021-08-24,"No Bird Press, LLC",com.plexapp.agents.audnexus://B09D8RS63G_us?lang=en,2164,com.plexapp.agents.audnexus://B00HFK1EJO?lang=en
6766,6767,Dying Inside,Dying Inside,Robert Silverberg,Dying Inside (2017),7 hrs 32 mins,452,2025-01-03T10:53:55,2026-03-05,W. F. Howes Ltd,com.plexapp.agents.audnexus://B0G4NLM8J5_us?lang=en,701,com.plexapp.agents.audnexus://B000APLXDS?lang=en
6764,6765,Hawksbill Station,Hawksbill Station,Robert Silverberg,Hawksbill Station (2017),4 hrs 22 mins,262,2025-01-03T10:51:08,2017-01-01,,local://6764,701,com.plexapp.agents.audnexus://B000APLXDS?lang=en
6893,6894,Lord of Darkness,Lord of Darkness,Robert Silverberg,Lord of Darkness (2024),1 day 1 hr 6 mins,1506,2025-01-13T22:33:27,2024-12-24,Blackstone Publishing,com.plexapp.agents.audnexus://B0D54NDXKR_us?lang=en,701,com.plexapp.agents.audnexus://B000APLXDS?lang=en
708,709,Nightwings,Nightwings,Robert Silverberg,Nightwings (2013),6 hrs 58 mins,418,2023-04-14T22:22:30,2014-05-06,"Skyboat Media, Inc.",com.plexapp.agents.audnexus://B00K55F4YW_us?lang=en,701,com.plexapp.agents.audnexus://B000APLXDS?lang=en
704,705,The Stochastic Man,Stochastic Man,Robert Silverberg,The Stochastic Man (1975),7 hrs 14 mins,434,2023-06-19T20:54:48,1975-01-01,,local://704,701,com.plexapp.agents.audnexus://B000APLXDS?lang=en
702,7059,The Book of Skulls,The Book of Skulls,Robert Silverberg,The Book of Skulls (2025),8 hrs 50 mins,530,2023-08-09T21:25:08,2025-02-13,W. F. Howes Ltd.,com.plexapp.agents.audnexus://B0DN88QGX4_us?lang=en,701,com.plexapp.agents.audnexus://B000APLXDS?lang=en
6762,6763,The Man in the Maze,The Man in the Maze,Robert Silverberg,The Man in the Maze (2017),6 hrs 55 mins,415,2025-01-03T09:48:02,2017-01-24,Skyboat Media,com.plexapp.agents.audnexus://B01MS1W5J4_us?lang=en,701,com.plexapp.agents.audnexus://B000APLXDS?lang=en
6768,6769,The World Inside,The World Inside,Robert Silverberg,The World Inside (2017),7 hrs 51 mins,471,2025-01-03T10:55:35,2026-02-26,W. F. Howes Ltd,com.plexapp.agents.audnexus://B0F71HF3WN_us?lang=en,701,com.plexapp.agents.audnexus://B000APLXDS?lang=en
6906,6907,Thorns,Thorns,Robert Silverberg,Thorns (2015),6 hrs 8 mins,368,2025-01-15T22:07:31,2015-07-20,"Skyboat Media, Inc.",com.plexapp.agents.audnexus://B011X9VPDM_us?lang=en,701,com.plexapp.agents.audnexus://B000APLXDS?lang=en
706,707,Tower of Glass,Tower of Glass,Robert Silverberg,Tower of Glass (1970),7 hrs 57 mins,477,2023-06-19T20:53:42,,,local://706,701,com.plexapp.agents.audnexus://B000APLXDS?lang=en
7090,7091,A Heritage of Stars,A Heritage of Stars,Clifford Simak,A Heritage of Stars (2015),7 hrs 33 mins,453,2025-02-22T22:05:08,2015-10-07,Audible Studios,com.plexapp.agents.audnexus://B0168Y7C3Y_us?lang=en,7047,com.plexapp.agents.audnexus://B000APW2SI?lang=en
7102,7103,Our Children's Children,Our Children's Children,Clifford Simak,Our Children's Children (2016),6 hrs 42 mins,402,2025-02-23T07:50:28,2016-02-09,Audible Studios,com.plexapp.agents.audnexus://B01BI93D9Q_us?lang=en,7047,com.plexapp.agents.audnexus://B000APW2SI?lang=en
7048,7049,Project Pope,Project Pope,Clifford Simak,Project Pope (2016),11 hrs 16 mins,676,2025-02-18T21:43:25,2016-04-13,Audible Studios,com.plexapp.agents.audnexus://B01E5UMPLW_us?lang=en,7047,com.plexapp.agents.audnexus://B000APW2SI?lang=en
7104,7105,Special Deliverance,Special Deliverance,Clifford Simak,Special Deliverance (2016),7 hrs 5 mins,425,2025-02-23T07:50:34,2016-02-11,Audible Studios,com.plexapp.agents.audnexus://B01BLVKIFI_us?lang=en,7047,com.plexapp.agents.audnexus://B000APW2SI?lang=en
7096,7097,The Fellowship of the Talisman,The Fellowship of the Talisman,Clifford Simak,The Fellowship of the Talisman (2016),11 hrs 12 mins,672,2025-02-23T07:49:52,2016-02-11,Audible Studios,com.plexapp.agents.audnexus://B01BLVKJQQ_us?lang=en,7047,com.plexapp.agents.audnexus://B000APW2SI?lang=en
7088,7089,Time and Again,Time and Again,Clifford Simak,Time and Again (2016),7 hrs 58 mins,478,2025-02-22T22:04:29,2016-02-09,Audible Studios,com.plexapp.agents.audnexus://B01BI9BEAQ_us?lang=en,7047,com.plexapp.agents.audnexus://B000APW2SI?lang=en
7100,7101,Time Is the Simplest Thing,Time Is the Simplest Thing,Clifford Simak,Time Is the Simplest Thing (2015),8 hrs 33 mins,513,2025-02-23T07:50:18,2015-10-09,Audible Studios,com.plexapp.agents.audnexus://B016C45ZFC_us?lang=en,7047,com.plexapp.agents.audnexus://B000APW2SI?lang=en
7094,7095,City,City,Clifford D. Simak,City (2008),9 hrs 46 mins,586,2025-02-22T22:18:53,2008-07-09,Audible Studios,com.plexapp.agents.audnexus://B002V9Z8FU_us?lang=en,7085,com.plexapp.agents.audnexus://B074PJBW9R?lang=en
7098,7099,Enchanted Pilgrimage,Enchanted Pilgrimage,Clifford D. Simak,Enchanted Pilgrimage (1975),8 hrs 18 mins,498,2025-02-23T07:50:11,1975-01-01,,local://7098,7085,com.plexapp.agents.audnexus://B074PJBW9R?lang=en
7086,7087,Highway of Eternity,Highway of Eternity,Clifford D. Simak,Highway of Eternity (2016),10 hrs 21 mins,621,2025-02-22T18:10:26,2016-01-01,,local://7086,7085,com.plexapp.agents.audnexus://B074PJBW9R?lang=en
7092,7093,The Werewolf Principle,Werewolf Principle,Clifford D. Simak,The Werewolf Principle (1967),6 hrs 6 mins,366,2025-02-22T22:18:30,1967-01-01,,local://7092,7085,com.plexapp.agents.audnexus://B074PJBW9R?lang=en
7106,7107,Why Call Them Back from Heaven?,Why Call Them Back from Heaven?,Clifford D. Simak,Why Call Them Back from Heaven (2024),6 hrs 21 mins,381,2025-02-23T07:50:40,2024-09-10,Tantor Audio,com.plexapp.agents.audnexus://B0DDYDMZP2_us?lang=en,7085,com.plexapp.agents.audnexus://B074PJBW9R?lang=en
3689,3690,Hyperion,"Hyperion, Book 1 - Hyperion",Dan Simmons,Hyperion (1989) [Hyperion 1],20 hrs 45 mins,1245,2023-03-23T23:12:04,2008-12-22,Audible Studios,com.plexapp.agents.audnexus://B002V5BLIW_us?lang=en,3684,com.plexapp.agents.audnexus://B000APQZD6?lang=en
3687,3688,The Fall of Hyperion,"Hyperion, Book 2 - The Fall of Hyperion",Dan Simmons,The Fall of Hyperion (1990) [Hyperion 2],21 hrs 45 mins,1305,2023-03-23T23:20:29,2008-12-22,Audible Studios,com.plexapp.agents.audnexus://B002V5D34W_us?lang=en,3684,com.plexapp.agents.audnexus://B000APQZD6?lang=en
3691,3692,Endymion,"Hyperion, Book 3 - Endymion",Dan Simmons,Endymion (1995) [Hyperion 3],23 hrs 17 mins,1397,2023-03-23T23:10:55,2009-01-20,Audible Studios,com.plexapp.agents.audnexus://B002V0PW3W_us?lang=en,3684,com.plexapp.agents.audnexus://B000APQZD6?lang=en
3685,3686,The Rise of Endymion,"Hyperion, Book 4 - The Rise of Endymion",Dan Simmons,The Rise of Endymion (1997) [Hyperion 4],1 day 5 hrs 47 mins,1787,2023-03-23T23:21:33,2009-01-20,Audible Studios,com.plexapp.agents.audnexus://B002UZDVW2_us?lang=en,3684,com.plexapp.agents.audnexus://B000APQZD6?lang=en
3695,3696,Ilium,"Ilium, Book 1 - Ilium",Dan Simmons,Ilium (2003) [Ilium 1],1 day 5 hrs 11 mins,1751,2023-03-23T23:14:47,2014-02-25,Audible Studios,com.plexapp.agents.audnexus://B00I2VWC64_us?lang=en,3684,com.plexapp.agents.audnexus://B000APQZD6?lang=en
3693,3694,Olympos,"Ilium, Book 2 - Olympos",Dan Simmons,Olympos (2005) [Ilium 2],1 day 12 hrs 10 mins,2170,2023-03-23T23:15:54,2014-02-25,Audible Studios,com.plexapp.agents.audnexus://B00I2WTUQ8_us?lang=en,3684,com.plexapp.agents.audnexus://B000APQZD6?lang=en
6845,6846,Song of Kali,Song of Kali,Dan Simmons,Song of Kali (2014),9 hrs 39 mins,579,2025-01-10T15:49:08,2014-02-25,Audible Studios,com.plexapp.agents.audnexus://B00I2WVNZ4_us?lang=en,3684,com.plexapp.agents.audnexus://B000APQZD6?lang=en
5090,5091,A New History of India,A New History of India: From Its Origins to the Twenty-First Century,"Toby Sinclair, Shobita Punja, Rudrangsh Mukherjee",A New History of India (2024),9 hrs 48 mins,588,2024-06-13T10:52:05,2024-01-01,,local://5090,5089,com.plexapp.agents.audnexus://B09L4V9LWR?lang=en
2267,2268,The Jungle,The Jungle,Upton Sinclair,The Jungle (2011),13 hrs 17 mins,797,2023-04-14T23:22:47,2011-05-17,"Blackstone Audio, Inc.",com.plexapp.agents.audnexus://B00514HZOE_us?lang=en,2266,com.plexapp.agents.audnexus://B000AQ0450?lang=en
4230,4231,Blaze of Memory,"The Psy-Changeling Series, Book 7 - Blaze of Memory",Nalini Singh,Blaze of Memory () [Psy-Changeling 7],11 hrs 27 mins,687,2023-03-22T13:09:20,2011-08-30,Tantor Audio,com.plexapp.agents.audnexus://B005J54FD4_us?lang=en,4219,com.plexapp.agents.audnexus://B001IXPTMW?lang=en
4232,4233,Bonds of Justice,"The Psy-Changeling Series, Book 8 - Bonds of Justice",Nalini Singh,Bonds of Justice () [Psy-Changeling 8],11 hrs 29 mins,689,2023-03-22T13:03:55,2011-09-20,Tantor Audio,com.plexapp.agents.audnexus://B005O0SZQW_us?lang=en,4219,com.plexapp.agents.audnexus://B001IXPTMW?lang=en
4228,4229,Heart of Obsidian,"The Psy-Changeling Series, Book 12 - Heart of Obsidian",Nalini Singh,Heart of Obsidian (2013) [Psy-Changeling 12],13 hrs 11 mins,791,2023-03-23T21:27:26,2013-06-04,Tantor Audio,com.plexapp.agents.audnexus://B00CLXI326_us?lang=en,4219,com.plexapp.agents.audnexus://B001IXPTMW?lang=en
4226,4227,Shield of Winter,"The Psy-Changeling Series, Book 13 - Shield of Winter",Nalini Singh,Shield of Winter (2014) [Psy-Changeling 13],15 hrs 47 mins,947,2023-03-23T23:07:25,2014-06-03,Tantor Audio,com.plexapp.agents.audnexus://B00KBWZ4EE_us?lang=en,4219,com.plexapp.agents.audnexus://B001IXPTMW?lang=en
5535,5536,There Should Have Been Eight,There Should Have Been Eight,Nalini Singh,There Should Have Been Eight (2023),10 hrs 56 mins,656,2024-08-07T22:09:45,2023-11-21,Penguin Audio,com.plexapp.agents.audnexus://B0BXJVTHSF_us?lang=en,4219,com.plexapp.agents.audnexus://B001IXPTMW?lang=en
6843,6844,The Rise and Fall of the Second American Republic,The Rise and Fall of the Second American Republic,Manisha Sinha,The Rise and Fall of the Second American Republic (2024),21 hrs 14 mins,1274,2025-01-10T15:44:40,2024-06-11,"HighBridge, a division of Recorded Books",com.plexapp.agents.audnexus://B0CZBNJQLD_us?lang=en,6842,com.plexapp.agents.audnexus://B001IYZKCU?lang=en
2199,2200,The Restaurant,"The Nantucket Restaurant Series, Book 1 - The Restaurant",William Sitwell,The Restaurant (2020),8 hrs 46 mins,526,2023-04-18T22:58:43,2020-06-17,Piping Plover Press,com.plexapp.agents.audnexus://B089YXWXG2_us?lang=en,2198,com.plexapp.agents.audnexus://B007SVJ2OY?lang=en
7983,7984,A True History of the United States,A True History of the United States,Daniel Sjursen,A True History of the United States (2021) [Truth to Power ],1 day 27 mins,1467,2025-05-16T12:41:37,2021-06-01,Steerforth,com.plexapp.agents.audnexus://158642310X_us?lang=en,7982,com.plexapp.agents.audnexus://B00W3RTBRQ?lang=en
283,284,Bonds of Brass,"The Bloodright Trilogy, Book 1 - Bonds of Brass",Emily Skrutskie,Bonds of Brass (2020-04-07) [The Bloodright Trilogy 1],10 hrs 21 mins,621,2024-01-09T15:13:46,2020-04-07,Random House Audio,com.plexapp.agents.audnexus://0593167880_us?lang=en,282,com.plexapp.agents.audnexus://B00YLM88IY?lang=en
285,286,The Salvation Gambit,The Salvation Gambit,Emily Skrutskie,The Salvation Gambit (2023-09-26),10 hrs 1 min,601,2024-01-09T15:13:40,2023-09-26,Random House Audio,com.plexapp.agents.audnexus://B0BRBVY2ZH_us?lang=en,282,com.plexapp.agents.audnexus://B00YLM88IY?lang=en
9936,9937,Adam Binder 01 - White Trash Warlock,Adam Binder 01 - White Trash Warlock,David R. Slayton,01 White Trash Warlock,9 hrs 20 mins,560,2026-05-12T09:31:47,2020-01-01,,local://9936,9931,com.plexapp.agents.audnexus://B085FZXJ48?lang=en
9932,9933,Trailer Park Trickster,"Adam Binder, Book 2 - Trailer Park Trickster",David R. Slayton,02 Trailer Park Trickster,8 hrs 43 mins,523,2026-05-12T09:31:37,2021-10-12,Blackstone Publishing,com.plexapp.agents.audnexus://1094069264_us?lang=en,9931,com.plexapp.agents.audnexus://B085FZXJ48?lang=en
9934,9935,Deadbeat Druid,"Adam Binder, Book 3 - Deadbeat Druid",David R. Slayton,03 Deadbeat Druid,9 hrs 31 mins,571,2026-05-12T09:31:43,2022-10-18,Blackstone Publishing,com.plexapp.agents.audnexus://B09S18FCJF_us?lang=en,9931,com.plexapp.agents.audnexus://B085FZXJ48?lang=en
2832,2833,Mr. Penumbra's 24-Hour Bookstore,"Mr. Penumbra's 24-Hour Bookstore, Book 1 - Mr. Penumbra's 24-Hour Bookstore",Robin Sloan,Mr. Penumbra's 24-Hour Bookstore (2012) [Mr. Penumbra's 24-Hour Bookstore 1],7 hrs 42 mins,462,2023-03-29T14:24:38,2012-10-02,Macmillan Audio,com.plexapp.agents.audnexus://B009HUF37O_us?lang=en,2831,com.plexapp.agents.audnexus://B004G7KNN2?lang=en
5368,5369,Energy and Civilization,Energy and Civilization,Vaclav Smil,Energy and Civilization (2018),20 hrs 10 mins,1210,2024-07-17T10:16:05,2018-05-08,Gildan Media,com.plexapp.agents.audnexus://B07CLK27JZ_us?lang=en,5367,com.plexapp.agents.audnexus://B001HCXT62?lang=en
5288,5289,The Book-Makers,The Book-Makers,Adam Smyth,The Book-Makers (2024),12 hrs 12 mins,732,2024-07-12T14:20:07,2024-05-28,Basic Books,com.plexapp.agents.audnexus://B0CKLTM5J6_us?lang=en,5287,com.plexapp.agents.audnexus://B07L6LLZC5?lang=en
1542,1543,The Rediscovery of Man: The Complete Short Science Fiction of Cordwainer Smith,The Rediscovery of Man: The Complete Short Science Fiction of Cordwainer Smith,Cordwainer Smith,The Rediscovery of Man The Complete Short Science Fiction of Cordwainer Smith (1993),1 day 6 hrs 59 mins,1859,2023-05-02T22:13:40,1993-01-01,,local://1542,1541,com.plexapp.agents.audnexus://B000APBV9Y?lang=en
7548,7549,A Short History of the World in 50 Books,A Short History of the World in 50 Books,Daniel Smith,A Short History of the World in 50 Books (2022),6 hrs 37 mins,397,2025-04-08T23:55:41,2022-07-21,W. F. Howes Ltd.,com.plexapp.agents.audnexus://B0B57G1WB4_us?lang=en,7547,com.plexapp.agents.audnexus://B0034P8JXI?lang=en
2096,2097,You Could Make This Place Beautiful,You Could Make This Place Beautiful,Maggie Smith,You Could Make This Place Beautiful (2023),7 hrs 49 mins,469,2023-04-19T22:05:13,2023-04-11,Simon & Schuster Audio,com.plexapp.agents.audnexus://B0B4ZJJH1F_us?lang=en,2095,com.plexapp.agents.audnexus://B09BBV34C3?lang=en
468,469,The Fraud,The Fraud,Zadie Smith,The Fraud (2023),12 hrs 26 mins,746,2023-09-21T11:31:36,2023-09-05,Penguin Audio,com.plexapp.agents.audnexus://B0BWKZL97D_us?lang=en,467,com.plexapp.agents.audnexus://B001D0P4CA?lang=en
2838,2839,Men Explain Things to Me,Men Explain Things to Me,Rebecca Solnit,Men Explain Things to Me (2014),2 hrs 48 mins,168,2023-03-29T14:24:13,2014-08-27,Audible Studios,com.plexapp.agents.audnexus://B00N1ZDMO2_us?lang=en,2837,com.plexapp.agents.audnexus://B001IODD3I?lang=en
5297,5298,An Unkindness of Ghosts,An Unkindness of Ghosts,Rivers Solomon,An Unkindness of Ghosts (2017),11 hrs 54 mins,714,2024-07-12T23:32:55,2017-10-03,"Blackstone Audio, Inc.",com.plexapp.agents.audnexus://B0752WK6HB_us?lang=en,5296,com.plexapp.agents.audnexus://B06ZZM3CDJ?lang=en
3938,3939,Trust the Plan,Trust the Plan,Will Sommer,Trust the Plan (2021),8 hrs 13 mins,493,2023-03-23T01:08:07,2023-02-21,HarperAudio,com.plexapp.agents.audnexus://0063114518_us?lang=en,3937,com.plexapp.agents.audnexus://B097FBDFNV?lang=en
9058,9059,1929,1929,Andrew Ross Sorkin,1929 (2025),13 hrs 31 mins,811,2026-02-24T09:33:19,2025-10-14,Penguin Audio,com.plexapp.agents.audnexus://B0DXQH752D_us?lang=en,9057,com.plexapp.agents.audnexus://B002F5EEZ0?lang=en
5671,5672,Telluria,Telluria,"Vladimir Sorokin, Max Lawton - translator",Telluria (2023),12 hrs 58 mins,778,2024-08-31T20:08:54,2023-01-31,Tantor Audio,com.plexapp.agents.audnexus://B0BT3HD8LG_us?lang=en,5670,com.plexapp.agents.audnexus://B001JOLA4G?lang=en
1078,1079,Mad at the World,Mad at the World,William Souder,Mad at the World (2020),15 hrs 42 mins,942,2023-06-19T20:41:06,2020-11-10,Tantor Audio,com.plexapp.agents.audnexus://1705265545_us?lang=en,1077,com.plexapp.agents.audnexus://B001KIL8C0?lang=en
6010,6011,A Fatal Thing Happened on the Way to the Forum,A Fatal Thing Happened on the Way to the Forum,Emma Southon,A Fatal Thing Happened on the Way to the Forum (2021),11 hrs 12 mins,672,2024-09-24T15:40:51,2021-03-09,Blackstone Publishing,com.plexapp.agents.audnexus://166506109X_us?lang=en,6009,com.plexapp.agents.audnexus://B07H2VQ1PW?lang=en
3979,3980,Thrust,Thrust,Rachel Spangler,Thrust (2021),10 hrs 36 mins,636,2023-03-23T00:47:18,2021-11-16,Rachel L. Spangler,com.plexapp.agents.audnexus://B09LXQ545Y_us?lang=en,3978,com.plexapp.agents.audnexus://B002L0DUPO?lang=en
5225,5226,The Court of Broken Knives,The Court of Broken Knives,Anna Smith Spark,The Court of Broken Knives (2017) [Empires of Dust 1],16 hrs 36 mins,996,2024-07-04T01:34:08,2017-08-15,Hachette Audio,com.plexapp.agents.audnexus://B074MDMZNJ_us?lang=en,5224,com.plexapp.agents.audnexus://B01M01O37N?lang=en
5253,5254,The House of Sacrifice,The House of Sacrifice,Anna Smith Spark,The House of Sacrifice (2019) [Empires of Dust 3],19 hrs 6 mins,1146,2024-07-07T12:44:20,2019-08-13,Hachette Audio,com.plexapp.agents.audnexus://1549151282_us?lang=en,5224,com.plexapp.agents.audnexus://B01M01O37N?lang=en
5248,5249,The Tower of Living and Dying,The Tower of Living and Dying,Anna Smith Spark,The Tower of Living and Dying (2018) [Empires of Dust 2],17 hrs 16 mins,1036,2024-07-07T12:42:52,2018-08-07,Hachette Audio,com.plexapp.agents.audnexus://B07FTPL94M_us?lang=en,5224,com.plexapp.agents.audnexus://B01M01O37N?lang=en
7011,7012,Loitering with Intent,Loitering with Intent,Muriel Spark,Loitering with Intent (2006),4 hrs 58 mins,298,2025-02-05T21:57:01,2006-05-04,"Blackstone Audio, Inc.",com.plexapp.agents.audnexus://B002V5BHQS_us?lang=en,7010,com.plexapp.agents.audnexus://B000APUJE2?lang=en
2759,2760,Police State,Police State,Gerry Spence,Police State (2015),16 hrs 34 mins,994,2023-03-29T21:25:20,2015-09-08,Macmillan Audio,com.plexapp.agents.audnexus://B014EG67LG_us?lang=en,2758,com.plexapp.agents.audnexus://B000AQ2660?lang=en
6327,6328,Disney High,Disney High,Ashley Spencer,Disney High (2024),10 hrs 51 mins,651,2024-10-14T18:05:34,2024-09-24,Macmillan Audio,com.plexapp.agents.audnexus://B0CW3YS6SJ_us?lang=en,6326,com.plexapp.agents.audnexus://B0CRMHVNZB?lang=en
6522,6523,A Brother’s Price,A Brother’s Price,Wen Spencer,A Brother’s Price (2019),9 hrs,540,2024-11-10T22:40:23,2019-01-29,Tantor Audio,com.plexapp.agents.audnexus://197733878X_us?lang=en,6521,com.plexapp.agents.audnexus://B001IQXNE0?lang=en
8046,8047,Proto,Proto,Laura Spinney,Proto (Unabridged) (2025),9 hrs 4 mins,544,2025-05-20T12:15:40,2025-05-13,Bloomsbury Publishing,com.plexapp.agents.audnexus://B0F5BTJ3KX_us?lang=en,8045,com.plexapp.agents.audnexus://B001KDR68K?lang=en
5573,5574,Cahokia Jazz,Cahokia Jazz,Francis Spufford,Cahokia Jazz (2023),15 hrs 36 mins,936,2024-08-14T09:27:49,2024-02-06,Simon & Schuster Audio,com.plexapp.agents.audnexus://B0C87PBK7H_us?lang=en,5572,com.plexapp.agents.audnexus://B001HCV3N8?lang=en
9014,9015,Inventing the Future,Inventing the Future,"Nick Srnicek, Alex Williams",Inventing the Future (2023),8 hrs 15 mins,495,2026-02-12T11:49:38,2023-03-21,Tantor Audio,com.plexapp.agents.audnexus://B0BXFSMBNY_us?lang=en,9013,com.plexapp.agents.audnexus://B004OOH22W?lang=en
1983,1984,Last and First Men,Last and First Men,Olaf Stapledon,Last and First Men (1930),14 hrs 48 mins,888,2023-04-23T23:27:55,2012-09-10,Audible Studios,com.plexapp.agents.audnexus://B0096U97Z4_us?lang=en,1982,com.plexapp.agents.audnexus://B000AP7BA2?lang=en
8711,8712,Star Maker,Star Maker,Olaf Stapledon,Star Maker (2012),10 hrs 41 mins,641,2025-11-13T00:19:40,2012-09-10,Audible Studios,com.plexapp.agents.audnexus://B0096TPB5K_us?lang=en,1982,com.plexapp.agents.audnexus://B000AP7BA2?lang=en
2248,2249,Comeback,"Parker, Book 17 - Comeback",Richard Stark,Comeback (2011) [Parker 17],5 hrs 24 mins,324,2023-04-14T23:25:33,2013-04-01,"Blackstone Audio, Inc.",com.plexapp.agents.audnexus://B00C2ZZX1W_us?lang=en,2247,com.plexapp.agents.audnexus://B000APL6PI?lang=en
278,279,Last to Leave the Room,Last to Leave the Room,Caitlin Starling,Last to Leave the Room (2023-10-10),11 hrs 52 mins,712,2024-01-09T15:13:52,2023-10-10,Macmillan Audio,com.plexapp.agents.audnexus://B0BVKY5K9B_us?lang=en,277,com.plexapp.agents.audnexus://B07HDTSY4C?lang=en
280,281,The Death of Jane Lawrence,The Death of Jane Lawrence,Caitlin Starling,The Death of Jane Lawrence (2021),13 hrs 29 mins,809,2023-04-18T22:22:05,2021-10-05,Macmillan Audio,com.plexapp.agents.audnexus://1250821738_us?lang=en,277,com.plexapp.agents.audnexus://B07HDTSY4C?lang=en
8202,8203,The Luminous Dead,The Luminous Dead,Caitlin Starling,The Luminous Dead (2019),14 hrs 10 mins,850,2025-06-26T11:06:28,2019-04-02,Harper Voyager,com.plexapp.agents.audnexus://0062898337_us?lang=en,277,com.plexapp.agents.audnexus://B07HDTSY4C?lang=en
8072,8073,The Starving Saints,The Starving Saints,Caitlin Starling,The Starving Saints (2025),13 hrs 29 mins,809,2025-05-21T09:36:42,2025-05-20,HarperAudio,com.plexapp.agents.audnexus://B0DF826BNR_us?lang=en,277,com.plexapp.agents.audnexus://B07HDTSY4C?lang=en
6928,6929,The Man Who Loved Children,The Man Who Loved Children,Christina Stead,The Man Who Loved Children (2006),19 hrs 26 mins,1166,2025-01-18T19:48:38,2006-03-27,"Blackstone Audio, Inc.",com.plexapp.agents.audnexus://B002VAEZCQ_us?lang=en,6927,com.plexapp.agents.audnexus://B001HNUUK4?lang=en
6848,6849,The Invention of Prehistory,The Invention of Prehistory,Stefanos Geroulanos,The Invention of Prehistory (2024),14 hrs 46 mins,886,2025-01-10T15:50:18,2024-04-02,"HighBridge, a division of Recorded Books",com.plexapp.agents.audnexus://B0CZLYQJJD_us?lang=en,6847,local://6847
3950,3951,The Red and the Black,The Red and the Black,Stendhal,The Red and the Black (2011),22 hrs 7 mins,1327,2023-03-23T00:54:55,1999-07-03,Recorded Books,com.plexapp.agents.audnexus://B002V5GU42_us?lang=en,3949,com.plexapp.agents.audnexus://B000APWPDA?lang=en
7702,7703,The Thinking Machine,The Thinking Machine,Stephen Witt,The Thinking Machine (2025),10 hrs 18 mins,618,2025-05-07T19:50:16,2025-04-08,Penguin Audio,com.plexapp.agents.audnexus://B0D481KQ1Q_us?lang=en,7701,local://7701
5243,5244,Godblind,"Godblind, Book 1 - Godblind",Anna Stephens,Godblind (2023) [Godblind 1],15 hrs 57 mins,957,2024-07-07T12:40:49,2023-03-06,Scribd Audio,com.plexapp.agents.audnexus://B0BXMCPGTB_us?lang=en,5242,com.plexapp.agents.audnexus://B01LY47PEB?lang=en
3194,3195,Anathem,Anathem,"Neal Stephenson, J. Frederick George",Anathem (2008),1 day 8 hrs 25 mins,1945,2023-03-23T23:33:20,2020-08-08,Audible Studios,com.plexapp.agents.audnexus://B086WNG3RK_us?lang=en,3180,com.plexapp.agents.audnexus://B000APS8L8?lang=en
3192,3193,Cryptonomicon,Cryptonomicon,"Neal Stephenson, J. Frederick George",Cryptonomicon (1999),1 day 18 hrs 45 mins,2565,2023-03-23T23:34:57,2020-08-08,Audible Studios,com.plexapp.agents.audnexus://B086WMZ9WR_us?lang=en,3180,com.plexapp.agents.audnexus://B000APS8L8?lang=en
3188,3189,Reamde,"Dodge, Book 1 - Reamde","Neal Stephenson, J. Frederick George",Reamde (2011) [Dodge 1],1 day 14 hrs 34 mins,2314,2023-03-28T15:50:55,2011-09-26,Brilliance Audio ,com.plexapp.agents.audnexus://B005PMU12U_us?lang=en,3180,com.plexapp.agents.audnexus://B000APS8L8?lang=en
3183,3184,Interface,Interface,"Neal Stephenson, J. Frederick George",Interface (2005),1 day 1 hr 16 mins,1516,2023-03-23T23:36:17,2010-06-08,Audible Studios,com.plexapp.agents.audnexus://B003PCW6OI_us?lang=en,3180,com.plexapp.agents.audnexus://B000APS8L8?lang=en
3186,3187,Snow Crash,Snow Crash,"Neal Stephenson, J. Frederick George",Snow Crash (1992),17 hrs 23 mins,1043,2023-03-28T15:51:16,2000-12-31,Audible Studios,com.plexapp.agents.audnexus://B002UUKWCY_us?lang=en,3180,com.plexapp.agents.audnexus://B000APS8L8?lang=en
3190,3191,Quicksilver,"The Baroque Cycle, Book 1 - Quicksilver","Neal Stephenson, J. Frederick George",Quicksilver (2003) [The Baroque Cycle 1],1 day 15 hrs 1 min,2341,2023-03-28T15:50:48,2010-08-10,Audible Studios,com.plexapp.agents.audnexus://B003VKG69K_us?lang=en,3180,com.plexapp.agents.audnexus://B000APS8L8?lang=en
3181,3182,The Cobweb,The Cobweb,"Neal Stephenson, J. Frederick George",The Cobweb (2005),16 hrs 18 mins,978,2023-03-28T15:51:29,2010-05-25,Audible Studios,com.plexapp.agents.audnexus://B003M65RIO_us?lang=en,3180,com.plexapp.agents.audnexus://B000APS8L8?lang=en
3178,3179,Schismatrix Plus,Schismatrix Plus,Bruce Sterling,Schismatrix Plus (1996),17 hrs 3 mins,1023,2023-03-28T15:52:47,2020-12-29,Brilliance Audio,com.plexapp.agents.audnexus://1713562820_us?lang=en,3177,com.plexapp.agents.audnexus://B000AQ0S3S?lang=en
769,770,These Witches Don't Burn,"These Witches Don't Burn, Book 1 - These Witches Don't Burn",Isabel Sterling,These Witches Don't Burn (2019) [These Witches Don't Burn 1],9 hrs 48 mins,588,2023-07-27T20:48:41,2019-05-28,Listening Library,com.plexapp.agents.audnexus://198488607X_us?lang=en,768,com.plexapp.agents.audnexus://B07NNSW4N8?lang=en
935,936,Tristram Shandy (AmazonClassics Edition),Tristram Shandy (AmazonClassics Edition),Laurence Sterne,Tristram Shandy (AmazonClassics Edition) (2020),19 hrs 51 mins,1191,2023-07-05T00:17:15,2020-01-28,Brilliance Audio,com.plexapp.agents.audnexus://1799758826_us?lang=en,934,com.plexapp.agents.audnexus://B00BQTIB8C?lang=en
772,773,Camera Man,Camera Man,Dana Stevens,Camera Man (2022),12 hrs 12 mins,732,2023-07-27T11:10:22,2022-01-25,Simon & Schuster Audio,com.plexapp.agents.audnexus://B09GHDC278_us?lang=en,771,com.plexapp.agents.audnexus://B097CPHGP8?lang=en
344,345,"Briefly, A Delicious Life","Briefly, A Delicious Life",Nell Stevens,"Briefly, a Delicious Life (2022)",9 hrs 4 mins,544,2023-12-14T21:01:32,2022-07-19,Simon & Schuster Audio,com.plexapp.agents.audnexus://B09M6FT6V6_us?lang=en,343,com.plexapp.agents.audnexus://B09X1G37HQ?lang=en
8894,8895,Everyone in My Family Has Killed Someone,"The Ernest Cunningham Mysteries, Book 1 - Everyone in My Family Has Killed Someone",Benjamin Stevenson,Everyone in My Family Has Killed Someone (2023) [The Ernest Cunningham Mysteries 1],9 hrs 32 mins,572,2025-12-02T22:41:36,2023-01-17,Mariner Books,com.plexapp.agents.audnexus://B09YC44YHN_us?lang=en,8893,com.plexapp.agents.audnexus://B07WWSMVWC?lang=en
1258,1259,The Bone Shard Daughter,"The Drowning Empire, Book 1 - The Bone Shard Daughter",Andrea Stewart,The Bone Shard Daughter (2020) [The Drowning Empire 1],13 hrs 45 mins,825,2023-06-07T09:44:00,2020-09-08,Orbit,com.plexapp.agents.audnexus://1549104691_us?lang=en,1257,com.plexapp.agents.audnexus://B0756MNB3D?lang=en
3197,3198,Starship's Mage Omnibus,"Starship's Mage, Book 1 - Starship's Mage Omnibus",Glynn Stewart,Starship's Mage Omnibus (2014) [Starship's Mage 1],10 hrs 59 mins,659,2023-03-28T15:49:06,2015-12-08,Tantor Audio,com.plexapp.agents.audnexus://B018EVHFLI_us?lang=en,3196,com.plexapp.agents.audnexus://B00HC1WWW4?lang=en
7643,7644,Significant Figures,Significant Figures,Ian Stewart,Significant Figures (2017),11 hrs 41 mins,701,2025-05-03T16:01:13,2017-09-12,Tantor Audio,com.plexapp.agents.audnexus://B0757VL2BV_us?lang=en,7642,com.plexapp.agents.audnexus://B00458ABF2?lang=en
2640,2641,Tangled Webs How False Statements are Undermining America,Tangled Webs How False Statements are Undermining America: From Martha Stewart to Bernie Madoff,James B. Stewart,Tangled Webs How False Statements are Undermining America (2011),19 hrs 8 mins,1148,2023-03-30T14:21:43,2011-01-01,,local://2640,2639,com.plexapp.agents.audnexus://B000APBC4I?lang=en
2778,2779,Unscripted,Unscripted,James B. Stewart,Unscripted (2023),12 hrs 23 mins,743,2023-03-29T21:05:19,2017-06-19,Viperion Corporation,com.plexapp.agents.audnexus://B072LQK1CY_us?lang=en,2639,com.plexapp.agents.audnexus://B000APBC4I?lang=en
9179,9180,Dracula,Dracula,"Bram Stoker, Ang Lee",Dracula (2020),17 hrs 34 mins,1054,2026-03-16T11:56:34,2020-06-25,Penguin,com.plexapp.agents.audnexus://0141993456_us?lang=en,9178,com.plexapp.agents.audnexus://B000AQ3N1C?lang=en
7503,7504,Rosencrantz and Guildenstern Are Dead,Rosencrantz and Guildenstern Are Dead,Tom Stoppard,Rosencrantz and Guildenstern Are Dead (2022),1 hr 51 mins,111,2025-04-02T23:34:33,2022-10-17,L.A. Theatre Works,com.plexapp.agents.audnexus://B0BGQLZMD5_us?lang=en,3076,com.plexapp.agents.audnexus://B000APB504?lang=en
3077,3078,The Real Thing,The Real Thing,Tom Stoppard,The Real Thing (2009),1 hr 45 mins,105,2023-03-28T23:33:55,2010-02-02,L.A. Theatre Works,com.plexapp.agents.audnexus://B0036G2S2S_us?lang=en,3076,com.plexapp.agents.audnexus://B000APB504?lang=en
1755,1756,Titanshade,"The Carter Archives, Book 1 - Titanshade",Dan Stout,Titanshade (2019) [The Carter Archives 1],12 hrs 51 mins,771,2023-04-27T23:50:08,2019-03-12,Brilliance Audio,com.plexapp.agents.audnexus://1721378383_us?lang=en,1754,com.plexapp.agents.audnexus://B00KHCRD8S?lang=en
8128,8129,Fer-de-Lance,"Nero Wolfe, Book 1 - Fer-de-Lance",Rex Stout,Fer-de-Lance (2007) [Nero Wolfe 1],8 hrs 35 mins,515,2025-05-29T12:09:05,2007-02-01,Random House Audio,com.plexapp.agents.audnexus://B002VA3HR0_us?lang=en,8127,com.plexapp.agents.audnexus://B000APAX3E?lang=en
4124,4125,Heroes Die,"Acts of Caine, Book 1 - Heroes Die",Matthew Stover,Heroes Die (1998) [Acts of Caine 1],22 hrs 28 mins,1348,2023-03-23T01:15:37,2012-01-17,Audible Studios,com.plexapp.agents.audnexus://B006X6EQAK_us?lang=en,4123,com.plexapp.agents.audnexus://B00JPVWHC4?lang=en
4126,4127,Blade of Tyshalle,"Acts of Caine, Book 2 - Blade of Tyshalle",Matthew Stover,Blade of Tyshalle (2001) [Acts of Caine 2],1 day 7 hrs 49 mins,1909,2023-03-22T16:59:40,2012-01-17,Audible Studios,com.plexapp.agents.audnexus://B006MXKPUE_us?lang=en,4123,com.plexapp.agents.audnexus://B00JPVWHC4?lang=en
4128,4129,Caine Black Knife,"Acts of Caine, Book 3 - Caine Black Knife",Matthew Stover,Caine Black Knife (2011) [Acts of Caine 3],13 hrs 55 mins,835,2023-03-22T16:57:57,2012-01-17,Audible Studios,com.plexapp.agents.audnexus://B006P47V0M_us?lang=en,4123,com.plexapp.agents.audnexus://B00JPVWHC4?lang=en
4287,4288,Eminent Victorians,Eminent Victorians,Lytton Strachey,Eminent Victorians (),11 hrs 15 mins,675,2023-03-22T12:27:06,2020-10-26,Naxos AudioBooks,com.plexapp.agents.audnexus://1781983348_us?lang=en,4286,com.plexapp.agents.audnexus://B001HMU2J4?lang=en
6793,6794,The Wrong Stuff,The Wrong Stuff,John Strausbaugh,The Wrong Stuff (2024),8 hrs 36 mins,516,2025-01-05T22:28:23,2024-06-04,PublicAffairs,com.plexapp.agents.audnexus://B0CKNMHQ1N_us?lang=en,6792,com.plexapp.agents.audnexus://B07LDTGPBT?lang=en
2468,2469,Accelerando,Accelerando,Charles Stross,Accelerando (2005),16 hrs 30 mins,990,2023-03-29T11:12:27,2014-03-19,Recorded Books,com.plexapp.agents.audnexus://B00J3542OI_us?lang=en,2453,com.plexapp.agents.audnexus://B001H6IW0Q?lang=en
2472,2473,Singularity Sky,"Eschaton, Book 1 - Singularity Sky",Charles Stross,Singularity Sky (2009) [Eschaton 1],13 hrs 6 mins,786,2023-03-28T09:00:49,2009-04-29,Recorded Books,com.plexapp.agents.audnexus://B002V5BFEM_us?lang=en,2453,com.plexapp.agents.audnexus://B001H6IW0Q?lang=en
2470,2471,Iron Sunrise,"Eschaton, Book 2 - Iron Sunrise",Charles Stross,Iron Sunrise (2004) [Eschaton 2],15 hrs 24 mins,924,2023-03-28T22:09:08,2009-06-24,Recorded Books,com.plexapp.agents.audnexus://B002V1AGCS_us?lang=en,2453,com.plexapp.agents.audnexus://B001H6IW0Q?lang=en
2474,5434,Halting State,"Halting State, Book 1 - Halting State",Charles Stross,Halting State (2010) [Halting State 1],13 hrs 30 mins,810,2023-03-28T22:08:49,2010-06-23,Recorded Books ,com.plexapp.agents.audnexus://B003TH9FBG_us?lang=en,2453,com.plexapp.agents.audnexus://B001H6IW0Q?lang=en
5435,5436,Rule 34,"Halting State, Book 2 - Rule 34",Charles Stross,Rule 34 (2011) [Halting State 2],13 hrs 49 mins,829,2024-07-25T08:27:58,2011-11-02,Recorded Books,com.plexapp.agents.audnexus://B0062BYMTG_us?lang=en,2453,com.plexapp.agents.audnexus://B001H6IW0Q?lang=en
2460,2461,The Atrocity Archives,"Laundry Files, Book 1 - The Atrocity Archives",Charles Stross,The Atrocity Archives (2004) [The Laundry Files 1],10 hrs 58 mins,658,2023-04-10T22:42:47,2010-01-04,Recorded Books,com.plexapp.agents.audnexus://B0032H622S_us?lang=en,2453,com.plexapp.agents.audnexus://B001H6IW0Q?lang=en
2456,2457,The Jennifer Morgue,"Laundry Files, Book 2 - The Jennifer Morgue",Charles Stross,The Jennifer Morgue (2006) [The Laundry Files 2],13 hrs 47 mins,827,2023-04-10T22:43:34,2010-03-29,Recorded Books,com.plexapp.agents.audnexus://B003E8AA2I_us?lang=en,2453,com.plexapp.agents.audnexus://B001H6IW0Q?lang=en
2458,2459,The Fuller Memorandum,"Laundry Files, Book 3 - The Fuller Memorandum",Charles Stross,The Fuller Memorandum (2010) [The Laundry Files 3],10 hrs 49 mins,649,2023-04-10T22:43:08,2011-04-05,Recorded Books,com.plexapp.agents.audnexus://B004V4O9W6_us?lang=en,2453,com.plexapp.agents.audnexus://B001H6IW0Q?lang=en
2462,2463,The Apocalypse Codex,"Laundry Files, Book 4 - The Apocalypse Codex",Charles Stross,The Apocalypse Codex (2012) [The Laundry Files 4],11 hrs 55 mins,715,2023-04-10T22:42:21,2012-07-25,Recorded Books,com.plexapp.agents.audnexus://B008OJXM8Q_us?lang=en,2453,com.plexapp.agents.audnexus://B001H6IW0Q?lang=en
2454,2455,The Rhesus Chart,"Laundry Files, Book 5 - The Rhesus Chart",Charles Stross,The Rhesus Chart (2014) [The Laundry Files 5],13 hrs 20 mins,800,2023-04-10T22:43:56,2014-07-02,Recorded Books,com.plexapp.agents.audnexus://B00LFVN2SA_us?lang=en,2453,com.plexapp.agents.audnexus://B001H6IW0Q?lang=en
2464,2465,The Annihilation Score,"Laundry Files, Book 6 - The Annihilation Score",Charles Stross,The Annihilation Score (2015) [The Laundry Files 6],16 hrs 23 mins,983,2023-04-10T22:41:58,2015-09-09,Recorded Books,com.plexapp.agents.audnexus://B0155E4902_us?lang=en,2453,com.plexapp.agents.audnexus://B001H6IW0Q?lang=en
2466,2467,The Nightmare Stacks,"Laundry Files, Book 7 - The Nightmare Stacks",Charles Stross,The Nightmare Stacks (2016) [The Laundry Files 7],14 hrs 54 mins,894,2023-04-10T22:41:34,2016-06-28,Recorded Books,com.plexapp.agents.audnexus://B01GEZP5LI_us?lang=en,2453,com.plexapp.agents.audnexus://B001H6IW0Q?lang=en
2480,2481,The Family Trade,"The Merchant Princes, Book 1 - The Family Trade",Charles Stross,The Family Trade (2004) [The Merchant Princes 1],11 hrs 47 mins,707,2023-03-27T21:39:39,2015-03-10,Macmillan Audio,com.plexapp.agents.audnexus://B00UG33W6U_us?lang=en,2453,com.plexapp.agents.audnexus://B001H6IW0Q?lang=en
2478,2479,The Hidden Family,"The Merchant Princes, Book 2 - The Hidden Family",Charles Stross,The Hidden Family (2005) [The Merchant Princes 2],11 hrs 49 mins,709,2023-03-27T21:59:18,2015-05-26,Macmillan Audio,com.plexapp.agents.audnexus://B00XK3FZF4_us?lang=en,2453,com.plexapp.agents.audnexus://B001H6IW0Q?lang=en
2482,2483,The Clan Corporate,"The Merchant Princes, Book 3 - The Clan Corporate",Charles Stross,The Clan Corporate (2006) [The Merchant Princes 3],12 hrs 18 mins,738,2023-03-27T21:38:53,2015-06-22,Macmillan Audio,com.plexapp.agents.audnexus://B01012V9JW_us?lang=en,2453,com.plexapp.agents.audnexus://B001H6IW0Q?lang=en
2476,2477,The Merchants' War,"The Merchant Princes, Book 4 - The Merchants' War",Charles Stross,The Merchants' War (2007) [The Merchant Princes 4],14 hrs 32 mins,872,2023-03-27T22:14:20,2015-08-26,Macmillan Audio,com.plexapp.agents.audnexus://B014EMLGUM_us?lang=en,2453,com.plexapp.agents.audnexus://B001H6IW0Q?lang=en
7498,7499,Hard to Be a God,Hard to Be a God,"Arkady Strugatsky, Boris Strugatsky, Olena Bormashenko - translator",Hard to Be a God (2024),8 hrs 17 mins,497,2025-04-02T23:25:16,2024-04-02,Random House Audio,com.plexapp.agents.audnexus://B0CXFHCLXR_us?lang=en,948,com.plexapp.agents.audnexus://B00LXIHMBS?lang=en
949,950,Roadside Picnic,Roadside Picnic,"Arkady Strugatsky, Boris Strugatsky, Olena Bormashenko - translator",Roadside Picnic (1972),7 hrs 8 mins,428,2023-07-04T23:31:03,2012-10-15,Random House Audio,com.plexapp.agents.audnexus://B009K7SEJI_us?lang=en,948,com.plexapp.agents.audnexus://B00LXIHMBS?lang=en
4410,4411,The Practice of Groundedness,The Practice of Groundedness,Brad Stulberg,The Practice of Groundedness (2021),7 hrs 4 mins,424,2024-04-18T10:00:43,2021-09-07,Penguin Audio,com.plexapp.agents.audnexus://0593456246_us?lang=en,4409,com.plexapp.agents.audnexus://B01M3U4B75?lang=en
1093,1094,Oscar Wilde,Oscar Wilde,Matthew Sturgis,Oscar Wilde (2021),1 day 12 hrs 9 mins,2169,2023-06-19T12:02:57,2021-10-12,Random House Audio,com.plexapp.agents.audnexus://0593454936_us?lang=en,1092,com.plexapp.agents.audnexus://B001H6S9NG?lang=en
6676,6677,Freedom (TM),"Daemon, Book 2 - Freedom (TM)",Daniel Suarez,Freedom (TM) (2010) [Daemon 2],11 hrs 47 mins,707,2024-12-16T09:31:40,2010-01-08,Penguin Audio,com.plexapp.agents.audnexus://B00309SYV0_us?lang=en,6675,com.plexapp.agents.audnexus://B001V206AK?lang=en
4826,4827,Uncivilised,Uncivilised,Subhadra Das,Uncivilised (2023),8 hrs 23 mins,503,2024-05-25T23:37:47,2024-02-08,Coronet,com.plexapp.agents.audnexus://B0B13XX83V_us?lang=en,4825,local://4825
9225,9226,The Red Winter,The Red Winter,Cameron Sullivan,The Red Winter (2026),16 hrs 47 mins,1007,2026-03-27T20:56:30,2026-02-24,Macmillan Audio,com.plexapp.agents.audnexus://B0F9LS27PB_us?lang=en,9224,com.plexapp.agents.audnexus://B0FXFWV1RC?lang=en
1237,1238,Mrs. Robinson's Disgrace,Mrs. Robinson's Disgrace,Kate Summerscale,Mrs. Robinson's Disgrace (2012),7 hrs 28 mins,448,2023-06-12T22:17:29,2012-06-19,Tantor Audio,com.plexapp.agents.audnexus://B0089Z7PEC_us?lang=en,1234,com.plexapp.agents.audnexus://B00456VJ50?lang=en
1235,1236,The Suspicions of Mr. Whicher,The Suspicions of Mr. Whicher,Kate Summerscale,The Suspicions of Mr. Whicher (2008),9 hrs 48 mins,588,2023-06-12T22:18:45,2008-10-15,"HighBridge, a division of Recorded Books",com.plexapp.agents.audnexus://B002V9Z67U_us?lang=en,1234,com.plexapp.agents.audnexus://B00456VJ50?lang=en
3645,3646,The Jasmine Throne,"The Burning Kingdoms, Book 1 - The Jasmine Throne",Tasha Suri,The Jasmine Throne (2021) [The Burning Kingdoms 1],19 hrs 43 mins,1183,2023-03-23T23:42:34,2021-06-08,Orbit,com.plexapp.agents.audnexus://154910487X_us?lang=en,3644,com.plexapp.agents.audnexus://B07LDTRGG9?lang=en
6445,6446,Paper of Wreckage,Paper of Wreckage,"Susan Mulcahy, Frank DiGiacomo",Paper of Wreckage (2024),1 day 49 mins,1489,2024-10-30T09:40:40,2024-10-08,Simon & Schuster Audio,com.plexapp.agents.audnexus://B0CXZLB7MS_us?lang=en,6444,local://6444
5337,5338,An Assassin in Utopia,An Assassin in Utopia,Susan Wels,An Assassin in Utopia (2023),7 hrs 12 mins,432,2024-07-16T22:44:26,2023-02-07,Blackstone Publishing,com.plexapp.agents.audnexus://B0BKR6DP5J_us?lang=en,5336,local://5336
3648,3649,Valley of the Dolls 50th Anniversary Edition,Valley of the Dolls 50th Anniversary Edition,Jacqueline Susann,Valley of the Dolls 50th Anniversary Edition (1966),17 hrs 39 mins,1059,2023-03-23T23:41:03,2018-11-06,Audible Studios,com.plexapp.agents.audnexus://B07H7RXS92_us?lang=en,3647,com.plexapp.agents.audnexus://B000AP9Q5A?lang=en
1563,7573,Vera Wong's Unsolicited Advice for Murderers,"A Vera Wong Novel, Book 1 - Vera Wong's Unsolicited Advice for Murderers",Jesse Q. Sutanto,Vera Wong's Unsolicited Advice for Murderers (2023) [A Vera Wong Novel 1],10 hrs 41 mins,641,2023-05-02T11:54:09,2023-03-14,Penguin Audio,com.plexapp.agents.audnexus://B0B623FLHC_us?lang=en,1562,com.plexapp.agents.audnexus://B08KFWZQ3Y?lang=en
7574,7575,Vera Wong's Guide to Snooping (on a Dead Man),"A Vera Wong Novel, Book 2 - Vera Wong's Guide to Snooping (on a Dead Man)",Jesse Q. Sutanto,Vera Wong's Guide to Snooping (on a Dead Man) (2025) [A Vera Wong Novel ],10 hrs 35 mins,635,2025-04-13T08:37:49,2025-04-01,Penguin Audio,com.plexapp.agents.audnexus://B0DCGP9358_us?lang=en,1562,com.plexapp.agents.audnexus://B08KFWZQ3Y?lang=en
5628,5629,You Will Never Be Me,You Will Never Be Me,Jesse Q. Sutanto,You Will Never Be Me (2024),10 hrs 40 mins,640,2024-08-28T17:07:46,2024-08-20,Penguin Audio,com.plexapp.agents.audnexus://B0CPTMHNKL_us?lang=en,1562,com.plexapp.agents.audnexus://B08KFWZQ3Y?lang=en
181,182,The Justice of Kings,"Empire of the Wolf, Book 1 - The Justice of Kings",Richard Swan,The Justice of Kings (2022-02-22) [Empire of the Wolf 1],13 hrs 47 mins,827,2024-01-20T11:08:41,2022-02-22,Orbit,com.plexapp.agents.audnexus://B09QF8QQN1_us?lang=en,180,com.plexapp.agents.audnexus://B00USHZDJ8?lang=en
7425,7426,The Tyranny of Faith,"Empire of the Wolf, Book 2 - The Tyranny of Faith",Richard Swan,The Tyranny of Faith (2023) [Empire of the Wolf 2],18 hrs 1 min,1081,2025-03-23T14:02:11,2023-02-14,Orbit,com.plexapp.agents.audnexus://B0BF19MP7M_us?lang=en,180,com.plexapp.agents.audnexus://B00USHZDJ8?lang=en
7423,7424,The Trials of Empire,"Empire of the Wolf, Book 3 - The Trials of Empire",Richard Swan,The Trials of Empire (2024) [Empire of the Wolf 3],17 hrs 33 mins,1053,2025-03-23T13:58:30,2024-02-06,Orbit,com.plexapp.agents.audnexus://B0C7HJ28J5_us?lang=en,180,com.plexapp.agents.audnexus://B00USHZDJ8?lang=en
8671,8672,Grave Empire,"The Great Silence, Book 1 - Grave Empire",Richard Swan,Grave Empire (2025) [The Great Silence 1],16 hrs 36 mins,996,2025-10-08T20:55:48,2025-02-04,Orbit,com.plexapp.agents.audnexus://B0D6WKR8TD_us?lang=en,180,com.plexapp.agents.audnexus://B00USHZDJ8?lang=en
6875,6876,The Sunset Years of Agnes Sharp,"Miss Sharp Investigates, Book 1 - The Sunset Years of Agnes Sharp","Leonie Swann, Amy Bojang - translator",The Sunset Years of Agnes Sharp (2023) [Agnes Sharp Murder Mysteries 1],12 hrs 5 mins,725,2025-01-13T09:48:43,2023-08-29,Recorded Books,com.plexapp.agents.audnexus://B0C5NMZWGT_us?lang=en,6874,com.plexapp.agents.audnexus://B0034OXL4G?lang=en
5954,5955,Jack Faust,Jack Faust,Michael Swanwick,Jack Faust (2012),11 hrs 24 mins,684,2024-09-15T00:19:26,2012-02-28,Audible Studios,com.plexapp.agents.audnexus://B0078U5HDA_us?lang=en,5953,com.plexapp.agents.audnexus://B000AQ73B8?lang=en
5956,5957,Stations of the Tide,Stations of the Tide,Michael Swanwick,Stations of the Tide (2012),8 hrs 54 mins,534,2024-09-15T00:19:26,2012-02-07,Audible Studios,com.plexapp.agents.audnexus://B0074OA3EI_us?lang=en,5953,com.plexapp.agents.audnexus://B000AQ73B8?lang=en
5958,5959,The Iron Dragon's Daughter,"The Iron Dragon's Daughter Series, Book 1 - The Iron Dragon's Daughter",Michael Swanwick,The Iron Dragon's Daughter (2012) [The Iron Dragon's Daughter Series 1],14 hrs 52 mins,892,2024-09-15T09:06:14,2012-02-07,Audible Studios,com.plexapp.agents.audnexus://B0076BBFGO_us?lang=en,5953,com.plexapp.agents.audnexus://B000AQ73B8?lang=en
7055,7056,Vacuum Flowers,Vacuum Flowers,Michael Swanwick,Vacuum Flowers (1987),10 hrs 9 mins,609,2025-02-18T21:48:53,1987-01-01,,local://7055,5953,com.plexapp.agents.audnexus://B000AQ73B8?lang=en
3651,3652,The Gone World,The Gone World,Tom Sweterlitsch,The Gone World (2017),13 hrs 38 mins,818,2023-03-23T23:40:19,2018-02-06,Penguin Audio,com.plexapp.agents.audnexus://B075F8K8B8_us?lang=en,3650,com.plexapp.agents.audnexus://B079TW4VY4?lang=en
2920,2921,"First, Become Ashes","First, Become Ashes",K.M. Szpara,"First, Become Ashes (2021)",10 hrs 55 mins,655,2023-03-29T13:17:42,2021-04-06,Macmillan Audio,com.plexapp.agents.audnexus://1250790115_us?lang=en,2919,com.plexapp.agents.audnexus://B07T599PXG?lang=en
4736,4737,The Devil's Chessboard,The Devil's Chessboard,David Talbot,The Devil's Chessboard (2015),1 day 1 hr 24 mins,1524,2024-05-23T23:18:16,2015-10-13,Harper,com.plexapp.agents.audnexus://B014KHS3F2_us?lang=en,4735,com.plexapp.agents.audnexus://B0034Q2618?lang=en
7679,7680,The Outfit,The Outfit,David Tallerman,The Outfit (2022),5 hrs 20 mins,320,2025-05-04T12:53:54,2022-03-01,Penguin Audio,com.plexapp.agents.audnexus://B09PNRYPZL_us?lang=en,7678,com.plexapp.agents.audnexus://B005208ZAU?lang=en
1954,1955,As I Descended,As I Descended,Robin Talley,As I Descended (2016),9 hrs 10 mins,550,2023-04-24T12:24:14,2016-09-06,HarperCollins,com.plexapp.agents.audnexus://B01KXXEVNU_us?lang=en,1953,com.plexapp.agents.audnexus://B00I5S83O4?lang=en
8264,8265,Buckley,Buckley,Sam Tanenhaus,Buckley (2025),1 day 7 hrs 40 mins,1900,2025-07-30T08:15:39,2025-06-03,Random House Audio,com.plexapp.agents.audnexus://B0DWGWX2X9_us?lang=en,8263,com.plexapp.agents.audnexus://B000APILHO?lang=en
524,525,The End of Reality,The End of Reality,Jonathan Taplin,The End of Reality (2023),11 hrs,660,2023-09-13T13:38:29,2023-09-05,PublicAffairs,com.plexapp.agents.audnexus://B0BWK9HVRS_us?lang=en,523,com.plexapp.agents.audnexus://B01N374FXT?lang=en
630,631,For the Love of Books,For the Love of Books,Graham Tarrant,For the Love of Books (2021),6 hrs 57 mins,417,2023-09-05T21:02:06,2021-03-30,Tantor Media,com.plexapp.agents.audnexus://1666103381_us?lang=en,629,com.plexapp.agents.audnexus://B00MTC1VKA?lang=en
2814,2815,The Secret History,The Secret History,Donna Tartt,The Secret History (2002),22 hrs 4 mins,1324,2023-03-29T18:51:26,2023-07-11,Random House Audio,com.plexapp.agents.audnexus://B0C6FLWX5X_us?lang=en,2813,com.plexapp.agents.audnexus://B000APY632?lang=en
1863,1864,A Fractured Infinity,A Fractured Infinity,Nathan Tavares,A Fractured Infinity (2022),11 hrs 22 mins,682,2023-04-26T02:12:45,2022-12-06,Recorded Books,com.plexapp.agents.audnexus://B0B8QQ5V7X_us?lang=en,1862,com.plexapp.agents.audnexus://B09SR3F8LT?lang=en
4419,4420,Angolin,Angolin,C. E. Taylor,Angolin (2024),13 hrs 52 mins,832,2024-04-18T11:36:39,2024-02-13,CamCat Books,com.plexapp.agents.audnexus://B0CPJT24JC_us?lang=en,4418,com.plexapp.agents.audnexus://B001HO9M7U?lang=en
5291,5292,The Night Alphabet,The Night Alphabet,Joelle Taylor,The Night Alphabet (2024),10 hrs 57 mins,657,2024-07-12T14:25:56,2024-02-15,riverrun,com.plexapp.agents.audnexus://B0C86KZM6M_us?lang=en,5290,com.plexapp.agents.audnexus://B08F7XKF44?lang=en
2637,2638,Sons of the Waves,Sons of the Waves,Stephen Taylor,Sons of the Waves (2020),13 hrs 45 mins,825,2023-04-04T13:41:06,2020-05-19,Tantor Audio,com.plexapp.agents.audnexus://1705222781_us?lang=en,2636,com.plexapp.agents.audnexus://B001H9R9BG?lang=en
4436,4437,Alien Clay,Alien Clay,Adrian Tchaikovsky,Alien Clay (2024),13 hrs 55 mins,835,2024-04-18T12:49:57,2024-09-17,Orbit,com.plexapp.agents.audnexus://B0CLQFYQK8_us?lang=en,2089,com.plexapp.agents.audnexus://B002XLHS8Q?lang=en
186,187,And Put Away Childish Things,And Put Away Childish Things,Adrian Tchaikovsky,And Put Away Childish Things (2023-12-26),4 hrs 42 mins,282,2024-01-19T13:10:24,2023-12-26,Tantor Media,com.plexapp.agents.audnexus://B0CQRPSHGJ_us?lang=en,2089,com.plexapp.agents.audnexus://B002XLHS8Q?lang=en
206,207,Children of Time,"Children of Time, Book 1 - Children of Time",Adrian Tchaikovsky,Children of Time (2016) [The Children of Time Novels 1],16 hrs 32 mins,992,2023-04-18T22:12:49,2017-05-02,Audible Studios,com.plexapp.agents.audnexus://B071Y9TTHC_us?lang=en,2089,com.plexapp.agents.audnexus://B002XLHS8Q?lang=en
208,209,Children of Ruin,"Children of Time, Book 2 - Children of Ruin",Adrian Tchaikovsky,Children of Ruin (2019) [The Children of Time Novels 2],15 hrs 26 mins,926,2023-04-18T22:11:37,2019-05-14,Orbit,com.plexapp.agents.audnexus://1549119788_us?lang=en,2089,com.plexapp.agents.audnexus://B002XLHS8Q?lang=en
194,195,Elder Race,Elder Race,Adrian Tchaikovsky,Elder Race (2021),4 hrs 15 mins,255,2023-07-04T23:11:10,2023-06-27,Tantor Media,com.plexapp.agents.audnexus://B0C7SRPBY9_us?lang=en,2089,com.plexapp.agents.audnexus://B002XLHS8Q?lang=en
2090,2091,Evil is a Matter of Perspective,Evil is a Matter of Perspective,Adrian Tchaikovsky,Evil is a Matter of Perspective (2017),17 hrs 9 mins,1029,2023-04-20T09:30:48,2019-07-05,Crossroad Press,com.plexapp.agents.audnexus://B07TWNX6ZX_us?lang=en,2089,com.plexapp.agents.audnexus://B002XLHS8Q?lang=en
198,199,Firewalkers,Firewalkers,Adrian Tchaikovsky,Firewalkers (2020),5 hrs 13 mins,313,2023-04-26T02:16:11,2020-06-25,Penguin Audio,com.plexapp.agents.audnexus://1786182874_us?lang=en,2089,com.plexapp.agents.audnexus://B002XLHS8Q?lang=en
196,197,Guns of the Dawn,Guns of the Dawn,Adrian Tchaikovsky,Guns of the Dawn (2017),21 hrs 8 mins,1268,2023-04-26T02:17:24,2017-11-02,Macmillan Digital Audio,com.plexapp.agents.audnexus://B074ZSHQDN_us?lang=en,2089,com.plexapp.agents.audnexus://B002XLHS8Q?lang=en
200,201,Made Things,"Made Things, Book 1 - Made Things",Adrian Tchaikovsky,Made Things (2019) [Made Things 1],4 hrs 6 mins,246,2023-04-26T02:13:48,2019-12-10,Macmillan Audio,com.plexapp.agents.audnexus://1250769272_us?lang=en,2089,com.plexapp.agents.audnexus://B002XLHS8Q?lang=en
220,221,Empire in Black and Gold,"Shadows of the Apt, Book 1 - Empire in Black and Gold",Adrian Tchaikovsky,Empire in Black and Gold (2020) [Shadows of the Apt 1],23 hrs 5 mins,1385,2023-03-22T17:04:35,2020-12-10,Tor,com.plexapp.agents.audnexus://1529050278_us?lang=en,2089,com.plexapp.agents.audnexus://B002XLHS8Q?lang=en
224,225,Dragonfly Falling,"Shadows of the Apt, Book 2 - Dragonfly Falling",Adrian Tchaikovsky,Dragonfly Falling (2020) [Shadows of the Apt 2],1 day 1 hr 42 mins,1542,2023-03-22T15:52:42,2020-12-10,Tor,com.plexapp.agents.audnexus://1529050294_us?lang=en,2089,com.plexapp.agents.audnexus://B002XLHS8Q?lang=en
222,223,Blood of the Mantis,"Shadows of the Apt, Book 3 - Blood of the Mantis",Adrian Tchaikovsky,Blood of the Mantis (2009) [Shadows of the Apt 3],15 hrs 9 mins,909,2023-03-22T17:04:26,2021-02-04,Tor,com.plexapp.agents.audnexus://1529050316_us?lang=en,2089,com.plexapp.agents.audnexus://B002XLHS8Q?lang=en
218,219,Salute the Dark,"Shadows of the Apt, Book 4 - Salute the Dark",Adrian Tchaikovsky,Salute the Dark (2021) [Shadows of the Apt 4],17 hrs 1 min,1021,2023-03-22T17:05:31,2021-02-18,Tor,com.plexapp.agents.audnexus://1529050332_us?lang=en,2089,com.plexapp.agents.audnexus://B002XLHS8Q?lang=en
228,229,The Scarab Path,"Shadows of the Apt, Book 5 - The Scarab Path",Adrian Tchaikovsky,The Scarab Path (2020) [Shadows of the Apt 5],1 day 2 hrs 38 mins,1598,2023-03-22T15:02:23,2021-07-22,Tor,com.plexapp.agents.audnexus://1529050359_us?lang=en,2089,com.plexapp.agents.audnexus://B002XLHS8Q?lang=en
226,227,The Sea Watch,"Shadows of the Apt, Book 6 - The Sea Watch",Adrian Tchaikovsky,The Sea Watch (2020) [Shadows of the Apt 6],1 day 3 hrs 14 mins,1634,2023-03-22T15:03:52,2021-07-22,Tor,com.plexapp.agents.audnexus://1529050375_us?lang=en,2089,com.plexapp.agents.audnexus://B002XLHS8Q?lang=en
214,215,Heirs of the Blade,"Shadows of the Apt, Book 7 - Heirs of the Blade",Adrian Tchaikovsky,Heirs of the Blade (2021) [Shadows of the Apt 7],1 day 49 mins,1489,2023-03-23T00:56:55,2021-07-22,Tor,com.plexapp.agents.audnexus://1529050391_us?lang=en,2089,com.plexapp.agents.audnexus://B002XLHS8Q?lang=en
212,213,The Air War,"Shadows of the Apt, Book 8 - The Air War",Adrian Tchaikovsky,The Air War (2021) [Shadows of the Apt 8],1 day 1 hr 8 mins,1508,2023-03-23T00:57:05,2021-11-11,Tor,com.plexapp.agents.audnexus://1529050413_us?lang=en,2089,com.plexapp.agents.audnexus://B002XLHS8Q?lang=en
210,211,War Master's Gate,"Shadows of the Apt, Book 9 - War Master's Gate",Adrian Tchaikovsky,War Master's Gate (2021) [Shadows of the Apt 9],1 day 3 hrs 39 mins,1659,2023-03-23T00:58:19,2021-11-11,Tor,com.plexapp.agents.audnexus://152905043X_us?lang=en,2089,com.plexapp.agents.audnexus://B002XLHS8Q?lang=en
216,217,Seal of the Worm,"Shadows of the Apt, Book 10 - Seal of the Worm",Adrian Tchaikovsky,Seal of the Worm (2021) [Shadows of the Apt 10],23 hrs 13 mins,1393,2023-03-23T00:56:46,2021-11-11,Tor,com.plexapp.agents.audnexus://1529050456_us?lang=en,2089,com.plexapp.agents.audnexus://B002XLHS8Q?lang=en
7383,7384,Shroud,Shroud,Adrian Tchaikovsky,Shroud (2025),14 hrs 37 mins,877,2025-03-19T23:40:03,2025-02-27,Tor,com.plexapp.agents.audnexus://B0D5FKDZBP_us?lang=en,2089,com.plexapp.agents.audnexus://B002XLHS8Q?lang=en
204,205,The Doors of Eden,The Doors of Eden,Adrian Tchaikovsky,The Doors of Eden (2020),18 hrs 4 mins,1084,2023-04-18T22:21:33,2020-08-21,Orbit,com.plexapp.agents.audnexus://1549106368_us?lang=en,2089,com.plexapp.agents.audnexus://B002XLHS8Q?lang=en
192,193,Shards of Earth,"The Final Architecture, Book 1 - Shards of Earth",Adrian Tchaikovsky,Shards of Earth (2021) [The Final Architecture 1],18 hrs 42 mins,1122,2023-05-03T14:34:45,2021-08-03,Orbit,com.plexapp.agents.audnexus://1549106392_us?lang=en,2089,com.plexapp.agents.audnexus://B002XLHS8Q?lang=en
190,191,Eyes of the Void,"The Final Architecture, Book 2 - Eyes of the Void",Adrian Tchaikovsky,Eyes of the Void (2022-04-28) [The Final Architecture 2],20 hrs 45 mins,1245,2024-01-19T13:10:03,2022-05-03,Orbit,com.plexapp.agents.audnexus://B09VK6R673_us?lang=en,2089,com.plexapp.agents.audnexus://B002XLHS8Q?lang=en
188,189,Lords of Uncreation,"The Final Architecture, Book 3 - Lords of Uncreation",Adrian Tchaikovsky,Lords of Uncreation (2023-04-27) [The Final Architecture 3],20 hrs 51 mins,1251,2024-01-19T13:10:13,2023-05-02,Orbit,com.plexapp.agents.audnexus://B0BJ49MY6L_us?lang=en,2089,com.plexapp.agents.audnexus://B002XLHS8Q?lang=en
230,231,City of Last Chances,"The Tyrant Philosophers, Book 1 - City of Last Chances",Adrian Tchaikovsky,City of Last Chances (2022),20 hrs 8 mins,1208,2023-03-23T00:56:06,2023-01-31,Recorded Books,com.plexapp.agents.audnexus://B0BT3BD2KW_us?lang=en,2089,com.plexapp.agents.audnexus://B002XLHS8Q?lang=en
184,185,House of Open Wounds,"The Tyrant Philosophers, Book 2 - House of Open Wounds",Adrian Tchaikovsky,House of Open Wounds (2024-01-02) [The Tyrant Philosophers 2],23 hrs 2 mins,1382,2024-01-19T13:10:28,2024-01-02,W. F. Howes Ltd,com.plexapp.agents.audnexus://B0CRBKZLD5_us?lang=en,2089,com.plexapp.agents.audnexus://B002XLHS8Q?lang=en
202,203,Walking to Aldebaran,Walking to Aldebaran,Adrian Tchaikovsky,Walking to Aldebaran (2019),3 hrs 37 mins,217,2023-04-26T01:50:01,2019-10-15,Tantor Media,com.plexapp.agents.audnexus://1630154431_us?lang=en,2089,com.plexapp.agents.audnexus://B002XLHS8Q?lang=en
5477,5478,Break 'Em Up,Break 'Em Up,"Zephyr Teachout, Bernie Sanders - foreword",Break 'Em Up (2020),9 hrs 41 mins,581,2024-07-30T16:57:30,2020-07-28,Macmillan Audio,com.plexapp.agents.audnexus://1250752639_us?lang=en,5476,com.plexapp.agents.audnexus://B00P2BVD8U?lang=en
8891,8892,The Gate to Women’s Country,The Gate to Women’s Country,Sheri S. Tepper,The Gate to Women’s Country (2018),12 hrs 15 mins,735,2025-12-02T17:11:05,2018-06-05,Tantor Media,com.plexapp.agents.audnexus://B07D9PLHSB_us?lang=en,8890,com.plexapp.agents.audnexus://B000AQ1QM0?lang=en
2022,2023,Silver in the Wood &amp; Drowned Country,Silver in the Wood &amp; Drowned Country,Emily Tesh,Silver in the Wood & Drowned Country (2020),5 hrs 51 mins,351,2023-03-28T14:56:16,2020-08-18,Tantor Media,com.plexapp.agents.audnexus://1705235506_us?lang=en,2019,com.plexapp.agents.audnexus://B07NL6C8R2?lang=en
2020,2021,Some Desperate Glory,Some Desperate Glory,Emily Tesh,Some Desperate Glory (2023),15 hrs 56 mins,956,2023-04-22T20:51:29,2023-04-11,Macmillan Audio,com.plexapp.agents.audnexus://B09YHYSMCT_us?lang=en,2019,com.plexapp.agents.audnexus://B07NL6C8R2?lang=en
8014,8015,The Incandescent,The Incandescent,Emily Tesh,The Incandescent (2025),12 hrs 26 mins,746,2025-05-18T07:55:42,2025-05-13,Macmillan Audio,com.plexapp.agents.audnexus://B0DFQX9N3V_us?lang=en,2019,com.plexapp.agents.audnexus://B07NL6C8R2?lang=en
1170,1171,Brat Farrar,Brat Farrar,Josephine Tey,Brat Farrar (1949),7 hrs 56 mins,476,2023-04-26T20:35:42,2011-09-01,Audible Studios,com.plexapp.agents.audnexus://B005JSUBNE_us?lang=en,1157,com.plexapp.agents.audnexus://B000APFNBG?lang=en
1166,1167,The Man in the Queue,"Inspector Alan Grant, Book 1 - The Man in the Queue",Josephine Tey,The Man in the Queue (Cop) [Inspector Alan Grant 1],7 hrs 30 mins,450,2023-06-16T19:14:43,2018-04-17,Tantor Audio,com.plexapp.agents.audnexus://B07BVZ3K5X_us?lang=en,1157,com.plexapp.agents.audnexus://B000APFNBG?lang=en
1164,1165,A Shilling for Candles,"Inspector Alan Grant, Book 2 - A Shilling for Candles",Josephine Tey,A Shilling for Candles (2023) [Inspector Alan Grant 2],6 hrs 45 mins,405,2023-06-16T19:17:02,2018-05-22,Tantor Media,com.plexapp.agents.audnexus://B07D18MYF1_us?lang=en,1157,com.plexapp.agents.audnexus://B000APFNBG?lang=en
1162,1163,The Franchise Affair,"Inspector Alan Grant, Book 3 - The Franchise Affair",Josephine Tey,The Franchise Affair (2023) [Inspector Alan Grant 3],7 hrs 56 mins,476,2023-06-16T19:19:02,2011-05-06,Audible Studios,com.plexapp.agents.audnexus://B004ZGR580_us?lang=en,1157,com.plexapp.agents.audnexus://B000APFNBG?lang=en
1160,1161,To Love and Be Wise,"Inspector Alan Grant, Book 4 - To Love and Be Wise",Josephine Tey,To Love and Be Wise (2023) [Inspector Alan Grant 4],6 hrs 46 mins,406,2023-06-16T19:19:56,2018-08-14,Tantor Audio,com.plexapp.agents.audnexus://1977377785_us?lang=en,1157,com.plexapp.agents.audnexus://B000APFNBG?lang=en
1168,1169,The Daughter of Time,"Inspector Alan Grant, Book 5 - The Daughter of Time",Josephine Tey,The Daughter of Time (1951) [Inspector Alan Grant 5],5 hrs 20 mins,320,2023-06-14T21:29:31,2023-04-20,SNR Audio,com.plexapp.agents.audnexus://B0C1P7SN4N_us?lang=en,1157,com.plexapp.agents.audnexus://B000APFNBG?lang=en
1158,1159,The Singing Sands,"Inspector Alan Grant, Book 6 - The Singing Sands",Josephine Tey,The Singing Sands (2023) [Inspector Alan Grant 6],6 hrs 48 mins,408,2023-06-16T19:20:38,2023-04-20,SNR Audio,com.plexapp.agents.audnexus://B0C1P7VNMF_us?lang=en,1157,com.plexapp.agents.audnexus://B000APFNBG?lang=en
35,36,Barry Lyndon,Barry Lyndon,William Makepeace Thackeray,Barry Lyndon (2013),13 hrs 15 mins,795,2023-03-22T13:07:32,2013-01-08,Naxos AudioBooks,com.plexapp.agents.audnexus://B00AWGQIA8_us?lang=en,32,com.plexapp.agents.audnexus://B00T9VPGTG?lang=en
33,34,Vanity Fair,Vanity Fair,William Makepeace Thackeray,Vanity Fair (2006),1 day 5 hrs 54 mins,1794,2024-04-06T11:28:11,2009-02-09,Audible Studios,com.plexapp.agents.audnexus://B002V57YM4_us?lang=en,32,com.plexapp.agents.audnexus://B00T9VPGTG?lang=en
1210,1211,The Sherlock Effect,Sherlock Effect,Thomas W. Young,The Sherlock Effect (2018),12 hrs 40 mins,760,2023-06-12T23:21:17,2021-01-01,,local://1210,1209,plex://artist/5d07bcb4403c64029053daba
2773,2774,Cemetery Boys,"Cemetery Boys, Book 1 - Cemetery Boys",Aiden Thomas,Cemetery Boys (2020),13 hrs 48 mins,828,2023-03-23T23:44:10,2020-09-01,Macmillan Audio,com.plexapp.agents.audnexus://1250619122_us?lang=en,2770,com.plexapp.agents.audnexus://B07Y7N5PJ7?lang=en
2771,2772,The Sunbearer Trials,"The Sunbearer Duology, Book 1 - The Sunbearer Trials",Aiden Thomas,The Sunbearer Trials (2022) [The Sunbearer Duology 1],13 hrs 29 mins,809,2023-03-29T21:06:14,2022-09-06,Macmillan Audio,com.plexapp.agents.audnexus://B0B1JQ436Y_us?lang=en,2770,com.plexapp.agents.audnexus://B07Y7N5PJ7?lang=en
7557,7558,Gods and Kings,Gods and Kings,Dana Thomas,Gods and Kings (Unabridged),15 hrs 46 mins,946,2025-04-11T14:24:41,2015-02-17,Recorded Books,com.plexapp.agents.audnexus://B00TOSU8TC_us?lang=en,7556,com.plexapp.agents.audnexus://B001JP2W74?lang=en
3636,3637,Catherine House,Catherine House,Elisabeth Thomas,Catherine House (2020),11 hrs 1 min,661,2023-03-23T23:44:51,2020-05-12,HarperAudio,com.plexapp.agents.audnexus://0063005182_us?lang=en,3635,com.plexapp.agents.audnexus://B082VNN9V9?lang=en
581,582,The Day the Bubble Burst,The Day the Bubble Burst,"Gordon Thomas, Max Morgan-Witts",The Day the Bubble Burst (2021),21 hrs 35 mins,1295,2023-09-05T21:22:36,2021-03-02,Tantor Audio,com.plexapp.agents.audnexus://170527756X_us?lang=en,580,com.plexapp.agents.audnexus://B001K8BU6O?lang=en
6753,6754,The End Of Mr. Y,The End Of Mr. Y,Scarlett Thomas,The End Of Mr. Y (2019),16 hrs 52 mins,1012,2025-01-01T13:42:03,2019-11-07,Canongate Books,com.plexapp.agents.audnexus://1786899744_us?lang=en,6752,com.plexapp.agents.audnexus://B000APSRUK?lang=en
9916,9917,Private Arrangements,Private Arrangements,Sherry Thomas,Private Arrangements (Unabridged),10 hrs 15 mins,615,2026-05-07T08:54:44,2009-05-05,Recorded Books,com.plexapp.agents.audnexus://B002V0RDFM_us?lang=en,9915,com.plexapp.agents.audnexus://B001ILFOGK?lang=en
9921,9922,The Luckiest Lady in London,The Luckiest Lady in London,Sherry Thomas,The Luckiest Lady in London (2014),8 hrs 43 mins,523,2026-05-07T08:56:32,2014-03-05,Tantor Audio,com.plexapp.agents.audnexus://B00IK0Z1GU_us?lang=en,9915,com.plexapp.agents.audnexus://B001ILFOGK?lang=en
3633,3634,Pop. 1280,Pop. 1280,Jim Thompson,Pop. 1280 (2011),6 hrs 50 mins,410,2023-03-23T23:45:20,2011-12-25,Hachette Audio,com.plexapp.agents.audnexus://B006M532VQ_us?lang=en,3630,com.plexapp.agents.audnexus://B000AP80ES?lang=en
3631,3632,The Killer Inside Me,The Killer Inside Me,Jim Thompson,The Killer Inside Me (1952),7 hrs 19 mins,439,2023-03-23T23:45:38,2011-11-01,Hachette Audio,com.plexapp.agents.audnexus://B005Z1W9R6_us?lang=en,3630,com.plexapp.agents.audnexus://B000AP80ES?lang=en
7634,7635,Heiresses,Heiresses,Laura Thompson,Heiresses (2022),13 hrs 3 mins,783,2025-04-30T09:00:47,2022-02-15,Macmillan Audio,com.plexapp.agents.audnexus://1250837553_us?lang=en,7633,com.plexapp.agents.audnexus://B000APMQ2U?lang=en
1400,1401,Rosewater,"The Wormwood Trilogy, Book 1 - Rosewater",Tade Thompson,Rosewater (2017) [The Wormwood Trilogy 1],13 hrs 38 mins,818,2023-05-09T21:54:55,2018-09-18,Hachette Audio,com.plexapp.agents.audnexus://1549170902_us?lang=en,1397,com.plexapp.agents.audnexus://B00KU8RQFO?lang=en
1398,1399,The Rosewater Insurrection,"The Wormwood Trilogy, Book 2 - The Rosewater Insurrection",Tade Thompson,The Rosewater Insurrection (2019) [The Wormwood Trilogy 2],13 hrs 14 mins,794,2023-05-09T21:55:21,2019-03-12,Hachette Audio,com.plexapp.agents.audnexus://1549175548_us?lang=en,1397,com.plexapp.agents.audnexus://B00KU8RQFO?lang=en
1402,1403,The Rosewater Redemption,"The Wormwood Trilogy, Book 3 - The Rosewater Redemption",Tade Thompson,The Rosewater Redemption (2019) [The Wormwood Trilogy 3],12 hrs 45 mins,765,2023-05-09T21:54:14,2019-10-15,Orbit,com.plexapp.agents.audnexus://1549183109_us?lang=en,1397,com.plexapp.agents.audnexus://B00KU8RQFO?lang=en
8186,8187,The Psychopath,The Psychopath,Mary Turner Thomson,The Psychopath (2021),7 hrs 16 mins,436,2025-06-08T09:17:55,2021-03-01,Brilliance Audio,com.plexapp.agents.audnexus://1713550709_us?lang=en,8185,com.plexapp.agents.audnexus://B001JP7QMA?lang=en
1777,1778,Fire Becomes Her,Fire Becomes Her,Rosiee Thor,Fire Becomes Her (2022),10 hrs 28 mins,628,2023-04-27T15:29:11,2022-02-01,Scholastic Audio,com.plexapp.agents.audnexus://B09K283JWW_us?lang=en,1776,com.plexapp.agents.audnexus://B07MDVZQW2?lang=en
6864,6865,The Day Death Stopped,The Day Death Stopped,Rebecca Thorne,The Day Death Stopped (2024),12 hrs 16 mins,736,2025-01-11T23:43:17,2024-02-28,Rebecca Thorne,com.plexapp.agents.audnexus://B0CWPVFCL1_us?lang=en,6863,com.plexapp.agents.audnexus://B09129SHKH?lang=en
6305,6306,Amatka,Amatka,Karin Tidbeck,Amatka (2017),6 hrs 11 mins,371,2024-10-11T02:01:54,2017-06-27,Random House Audio,com.plexapp.agents.audnexus://B071W2JCX1_us?lang=en,6304,com.plexapp.agents.audnexus://B07BNP59KP?lang=en
1841,1842,A Man Lies Dreaming,A Man Lies Dreaming,Lavie Tidhar,A Man Lies Dreaming (2014),10 hrs 40 mins,640,2023-03-23T23:46:31,2021-04-20,Tantor Audio,com.plexapp.agents.audnexus://170528972X_us?lang=en,1826,com.plexapp.agents.audnexus://B0034NJ44I?lang=en
1833,1834,By Force Alone,By Force Alone,Lavie Tidhar,By Force Alone (2020),13 hrs 35 mins,815,2023-03-23T23:48:02,2020-04-09,W. F. Howes Ltd,com.plexapp.agents.audnexus://1838939393_us?lang=en,1826,com.plexapp.agents.audnexus://B0034NJ44I?lang=en
6266,6267,Maror,Maror,Lavie Tidhar,Maror (2023),18 hrs 25 mins,1105,2024-10-07T08:57:12,2023-03-21,W. F. Howes Ltd,com.plexapp.agents.audnexus://B0BKH51W9C_us?lang=en,1826,com.plexapp.agents.audnexus://B0034NJ44I?lang=en
1829,1830,Neom,Neom,Lavie Tidhar,Neom (2022),5 hrs 15 mins,315,2023-04-26T10:09:18,2022-11-15,"Dreamscape Media, LLC",com.plexapp.agents.audnexus://B0BHNT1YNY_us?lang=en,1826,com.plexapp.agents.audnexus://B0034NJ44I?lang=en
1835,1836,An Occupation of Angels (Unabridged),Occupation of Angels (Unabridged),Lavie Tidhar,An Occupation of Angels (Unabridged) (2011),3 hrs 23 mins,203,2023-03-28T21:58:54,2011-01-01,,local://1835,1826,com.plexapp.agents.audnexus://B0034NJ44I?lang=en
1839,1840,Osama,Osama,Lavie Tidhar,Osama (2021),8 hrs 27 mins,507,2023-03-23T23:48:19,2018-01-25,Hodder & Stoughton,com.plexapp.agents.audnexus://B077V4H21G_us?lang=en,1826,com.plexapp.agents.audnexus://B0034NJ44I?lang=en
5836,5837,The Circumference of the World,The Circumference of the World,Lavie Tidhar,The Circumference of the World (2023),6 hrs 21 mins,381,2024-09-08T23:26:22,2023-09-05,Blackstone Publishing,com.plexapp.agents.audnexus://B0CCSWDRTR_us?lang=en,1826,com.plexapp.agents.audnexus://B0034NJ44I?lang=en
1827,1828,The Hood,The Hood,Lavie Tidhar,The Hood (2021),11 hrs 6 mins,666,2023-04-26T20:36:02,2021-10-14,W. F. Howes Ltd,com.plexapp.agents.audnexus://B09HMYS83Q_us?lang=en,1826,com.plexapp.agents.audnexus://B0034NJ44I?lang=en
1831,1832,The Violent Century,The Violent Century,Lavie Tidhar,The Violent Century (2013)1,11 hrs 11 mins,671,2023-04-03T00:24:54,2021-03-09,Tantor Audio,com.plexapp.agents.audnexus://1705289703_us?lang=en,1826,com.plexapp.agents.audnexus://B0034NJ44I?lang=en
1274,1275,Up the Walls of the World,Up the Walls of the World,"James Tiptree, Jr.",Up the Walls of the World (1978),11 hrs 28 mins,688,2023-06-06T11:02:35,1978-01-01,,local://1274,1273,com.plexapp.agents.audnexus://B000APDMKA?lang=en
5198,5199,Goth,Goth,Lol Tolhurst,Goth (2023),7 hrs 39 mins,459,2024-07-01T13:20:15,2023-09-26,Da Capo Press,com.plexapp.agents.audnexus://B0BZJRN2H5_us?lang=en,5197,com.plexapp.agents.audnexus://B01LWIBX3P?lang=en
6525,6526,The Fall of Númenor,The Fall of Númenor,J. R. R. Tolkien,The Fall of Númenor (2022),10 hrs 54 mins,654,2024-11-10T22:40:56,2022-11-10,HarperCollins,com.plexapp.agents.audnexus://B0B5H2QK7L_us?lang=en,3615,com.plexapp.agents.audnexus://B000ARC6KA?lang=en
3622,3623,The Silmarillion,"The Lord of the Rings, Book 0 - The Silmarillion",J. R. R. Tolkien,The Silmarillion (2015) [The Lord of the Rings 0],15 hrs 8 mins,908,2023-03-23T23:54:30,2023-06-22,HarperCollins,com.plexapp.agents.audnexus://B0C5MPMQYX_us?lang=en,3615,com.plexapp.agents.audnexus://B000ARC6KA?lang=en
3620,3621,The Fellowship of the Ring,"The Lord of the Rings, Book 1 - The Fellowship of the Ring",J. R. R. Tolkien,The Fellowship of the Ring (1983) [The Lord of the Rings 1],19 hrs 56 mins,1196,2023-03-27T21:29:20,2012-10-09,Recorded Books,com.plexapp.agents.audnexus://B0099RKRTY_us?lang=en,3615,com.plexapp.agents.audnexus://B000ARC6KA?lang=en
3618,3619,The Two Towers,"The Lord of the Rings, Book 2 - The Two Towers",J. R. R. Tolkien,The Two Towers (1983) [The Lord of the Rings 2],16 hrs 36 mins,996,2023-03-28T15:44:33,2021-09-16,Recorded Books,com.plexapp.agents.audnexus://1705047580_us?lang=en,3615,com.plexapp.agents.audnexus://B000ARC6KA?lang=en
3616,3617,The Return of the King,"The Lord of the Rings, Book 3 - The Return of the King",J. R. R. Tolkien,The Return of the King (1983) [The Lord of the Rings 3],17 hrs 10 mins,1030,2023-03-28T22:09:41,2021-09-16,Recorded Books,com.plexapp.agents.audnexus://1705047599_us?lang=en,3615,com.plexapp.agents.audnexus://B000ARC6KA?lang=en
2251,2252,War and Peace,"War and Peace, Book 5 - War and Peace",Leo Tolstoy,War and Peace (2009),2 days 13 hrs 7 mins,3667,2023-04-14T23:25:08,2024-05-29,Lauscher Audiobooks,com.plexapp.agents.audnexus://B0D4VNYZN3_us?lang=en,2250,com.plexapp.agents.audnexus://B000APWJOK?lang=en
1553,1554,The New Life,The New Life,Tom Crewe,The New Life (2023),13 hrs 34 mins,814,2023-05-02T14:51:39,2023-01-03,Simon & Schuster Audio,com.plexapp.agents.audnexus://B0B4WVGTSQ_us?lang=en,1552,local://1552
1289,1290,Heads in Beds,Heads in Beds,Jacob Tomsky,Heads in Beds (2012),8 hrs 3 mins,483,2023-06-01T06:00:28,2012-11-20,Random House Audio,com.plexapp.agents.audnexus://B009PRICSQ_us?lang=en,1288,com.plexapp.agents.audnexus://B00DXJDXG8?lang=en
7731,7732,Crashed,Crashed,Adam Tooze,Crashed (2018),1 day 1 hr 28 mins,1528,2025-05-09T10:21:55,2018-08-07,Penguin Audio,com.plexapp.agents.audnexus://B07FDFK6T1_us?lang=en,7713,com.plexapp.agents.audnexus://B001H6UIZI?lang=en
7733,7734,The Deluge,The Deluge,Adam Tooze,The Deluge (2014),21 hrs 57 mins,1317,2025-05-09T10:22:12,2014-11-13,Tantor Audio,com.plexapp.agents.audnexus://B00P0050ZU_us?lang=en,7713,com.plexapp.agents.audnexus://B001H6UIZI?lang=en
7714,7715,The Wages of Destruction,The Wages of Destruction,Adam Tooze,The Wages of Destruction: The Making and Breaking of the Nazi Economy,1 day 6 hrs 19 mins,1819,2025-05-09T00:44:28,2021-08-03,Penguin Audio,com.plexapp.agents.audnexus://0593417216_us?lang=en,7713,com.plexapp.agents.audnexus://B001H6UIZI?lang=en
329,330,Blackouts,Blackouts,Justin Torres,Blackouts (2023-11-02),6 hrs 24 mins,384,2023-12-19T06:58:31,2023-10-10,Macmillan Audio,com.plexapp.agents.audnexus://B0BVKWH3BX_us?lang=en,328,com.plexapp.agents.audnexus://B004SWIOXG?lang=en
955,956,Ink Blood Sister Scribe,Ink Blood Sister Scribe,Emma Törzs,Ink Blood Sister Scribe (2023),13 hrs 54 mins,834,2023-07-03T14:00:58,2023-05-30,William Morrow,com.plexapp.agents.audnexus://B0BJ15PLK7_us?lang=en,954,com.plexapp.agents.audnexus://B0BTWMNMFN?lang=en
3613,3614,A Gentleman in Moscow,A Gentleman in Moscow,Amor Towles,A Gentleman in Moscow (2016),17 hrs 53 mins,1073,2023-03-23T23:55:36,2016-09-06,Penguin Audio,com.plexapp.agents.audnexus://B01E08EG84_us?lang=en,3612,com.plexapp.agents.audnexus://B004MW8MG6?lang=en
1132,1133,Bitter Seeds,Milkweed Triptych 1 - Bitter Seeds,Ian Tregillis,Bitter Seeds (2010) [Milkweed Triptych 1],14 hrs 12 mins,852,2023-06-16T17:21:11,2010-01-01,,local://1132,1131,com.plexapp.agents.audnexus://B002S9KX44?lang=en
1136,1137,The Mechanical,"The Alchemy Wars, Book 1 - The Mechanical",Ian Tregillis,The Mechanical (2015) [The Alchemy Wars 1],15 hrs 46 mins,946,2023-03-23T23:56:46,2015-03-10,Hachette Audio,com.plexapp.agents.audnexus://B00RKL6ZV0_us?lang=en,1131,com.plexapp.agents.audnexus://B002S9KX44?lang=en
1134,1135,The Rising,"The Alchemy Wars, Book 2 - The Rising",Ian Tregillis,The Rising (2015) [The Alchemy Wars 2],15 hrs 45 mins,945,2023-03-23T23:57:21,2015-12-01,Hachette Audio,com.plexapp.agents.audnexus://B0182RXC8O_us?lang=en,1131,com.plexapp.agents.audnexus://B002S9KX44?lang=en
1138,1139,The Liberation,"The Alchemy Wars, Book 3 - The Liberation",Ian Tregillis,The Liberation (2016) [The Alchemy Wars 3],14 hrs 47 mins,887,2023-03-23T23:56:10,2016-12-06,Hachette Audio,com.plexapp.agents.audnexus://B01N07IT1B_us?lang=en,1131,com.plexapp.agents.audnexus://B002S9KX44?lang=en
1405,1406,The Resurrectionist of Caligo,The Resurrectionist of Caligo,"Wendy Trimboli, Alicia Zaloga",The Resurrectionist of Caligo (2019),12 hrs 42 mins,762,2023-05-09T16:57:14,2019-09-10,Brilliance Audio,com.plexapp.agents.audnexus://1978683685_us?lang=en,1404,com.plexapp.agents.audnexus://B07MSHP37G?lang=en
5594,5595,The Warden: Timothy West Version,"Chronicles of Barsetshire, Book 1 - The Warden: Timothy West Version",Anthony Trollope,The Warden (Cop) [Chronicles of Barsetshire 1],6 hrs 45 mins,405,2024-08-16T08:07:07,2009-02-09,Audible Studios,com.plexapp.agents.audnexus://B002V0PQW4_us?lang=en,2405,com.plexapp.agents.audnexus://B000APYP74?lang=en
5616,5617,Barchester Towers,"Chronicles of Barsetshire, Book 2 - Barchester Towers",Anthony Trollope,Barchester Towers (Cop) [Chronicles of Barsetshire 2],19 hrs 7 mins,1147,2024-08-28T09:49:16,2008-10-09,Audible Studios,com.plexapp.agents.audnexus://B002V5H4RY_us?lang=en,2405,com.plexapp.agents.audnexus://B000APYP74?lang=en
5618,5619,Doctor Thorne,"Chronicles of Barsetshire, Book 3 - Doctor Thorne",Anthony Trollope,Doctor Thorne [Chronicles of Barsetshire 3],20 hrs 51 mins,1251,2024-08-28T09:50:47,2008-01-16,Audible Studios,com.plexapp.agents.audnexus://B002V1O1YC_us?lang=en,2405,com.plexapp.agents.audnexus://B000APYP74?lang=en
5620,5621,Framley Parsonage,"Chronicles of Barsetshire, Book 4 - Framley Parsonage",Anthony Trollope,Framley Parsonage (Cop) [Chronicles of Barsetshire 4],19 hrs 40 mins,1180,2024-08-28T09:51:42,2008-07-24,Audible Studios,com.plexapp.agents.audnexus://B002UZZ1QQ_us?lang=en,2405,com.plexapp.agents.audnexus://B000APYP74?lang=en
5625,5626,The Small House At Allington,"Chronicles of Barsetshire, Book 5 - The Small House At Allington",Anthony Trollope,The Small House At Allington (Cop) [Chronicles of Barsetshire 5],23 hrs 36 mins,1416,2024-08-28T09:55:14,2008-11-21,Audible Studios,com.plexapp.agents.audnexus://B002V8MR0K_us?lang=en,2405,com.plexapp.agents.audnexus://B000APYP74?lang=en
5623,5624,The Last Chronicle of Barset,"Chronicles of Barsetshire, Book 6 - The Last Chronicle of Barset",Anthony Trollope,The Last Chronicle of Barset (Cop) [Chronicles of Barsetshire 6],1 day 6 hrs 27 mins,1827,2024-08-28T09:53:23,2009-04-01,Audible Studios,com.plexapp.agents.audnexus://B002V0KRGE_us?lang=en,2405,com.plexapp.agents.audnexus://B000APYP74?lang=en
2406,2407,Can You Forgive Her?,"The Pallisers, Book 1 - Can You Forgive Her?",Anthony Trollope,Can You Forgive Her (Cop) [The Pallisers 1],1 day 4 hrs 9 mins,1689,2023-04-12T10:08:47,2010-02-26,Audible Studios,com.plexapp.agents.audnexus://B003AAAU7U_us?lang=en,2405,com.plexapp.agents.audnexus://B000APYP74?lang=en
2408,2409,Phineas Finn,"The Pallisers, Book 2 - Phineas Finn",Anthony Trollope,Phineas Finn (Cop) [The Pallisers 2],23 hrs 27 mins,1407,2023-04-12T10:05:20,2010-05-06,Audible Studios,com.plexapp.agents.audnexus://B003KS7JYO_us?lang=en,2405,com.plexapp.agents.audnexus://B000APYP74?lang=en
2412,2413,The Eustace Diamonds,"The Pallisers, Book 3 - The Eustace Diamonds",Anthony Trollope,The Eustace Diamonds (Cop) [The Pallisers 3],1 day 1 hr 37 mins,1537,2023-04-12T10:02:59,2010-07-01,Audible Studios,com.plexapp.agents.audnexus://B003TXZZOQ_us?lang=en,2405,com.plexapp.agents.audnexus://B000APYP74?lang=en
2416,2417,Phineas Redux,"The Pallisers, Book 4 - Phineas Redux",Anthony Trollope,"Phineas Redux (Cop) [Audible Exclusive - The Pallisers, read by Timothy West 4]",23 hrs 42 mins,1422,2023-04-12T10:05:41,2010-10-12,Audible Studios,com.plexapp.agents.audnexus://B0046ZHKIU_us?lang=en,2405,com.plexapp.agents.audnexus://B000APYP74?lang=en
2410,2411,The Prime Minister,"The Pallisers, Book 5 - The Prime Minister",Anthony Trollope,The Prime Minister (Cop) [The Pallisers 5],1 day 3 hrs 7 mins,1627,2023-04-12T10:03:25,2011-02-16,Audible Studios,com.plexapp.agents.audnexus://B004NV9OAY_us?lang=en,2405,com.plexapp.agents.audnexus://B000APYP74?lang=en
2414,2415,The Duke's Children,"The Pallisers, Book 6 - The Duke's Children",Anthony Trollope,The Duke's Children (Cop) [The Pallisers 6],21 hrs 28 mins,1288,2023-04-12T10:01:52,2011-08-02,Audible Studios,com.plexapp.agents.audnexus://B005FGR0L6_us?lang=en,2405,com.plexapp.agents.audnexus://B000APYP74?lang=en
8225,8226,Of Monsters and Mainframes,Of Monsters and Mainframes,Barbara Truelove,Of Monsters and Mainframes (2025),12 hrs 53 mins,773,2025-07-01T18:18:39,2025-06-10,Dreamscape Lore,com.plexapp.agents.audnexus://B0DT7MXLZG_us?lang=en,8224,com.plexapp.agents.audnexus://B09432DFFH?lang=en
7545,7546,The Winds of Gath,"Dumarest Saga, Book 1 - The Winds of Gath",E. C. Tubb,The Winds of Gath (2013) [Dumarest Saga 1],3 hrs 55 mins,235,2025-04-08T23:55:41,2013-08-29,Wildside Press LLC,com.plexapp.agents.audnexus://B00EUE9ULC_us?lang=en,7544,com.plexapp.agents.audnexus://B001K90A1E?lang=en
7490,7491,"Good Game, No Rematch","Good Game, No Rematch",Mike Drucker,"Good Game, No Rematch (2025)",7 hrs 28 mins,448,2025-04-01T18:48:07,2025-04-01,Harlequin Audio,com.plexapp.agents.audnexus://B0D3S155PF_us?lang=en,7489,com.plexapp.agents.audnexus://B005LW4E4U?lang=en
2015,2016,Red Right Hand,"The Murder of Crows, Book 2 - Red Right Hand",Chris Tullbane,Red Right Hand (2020) [The Murder of Crows 2],13 hrs 38 mins,818,2023-04-23T00:46:38,2021-04-21,Ghost Falls Press,com.plexapp.agents.audnexus://B092W6SWLY_us?lang=en,2012,com.plexapp.agents.audnexus://B07YBX1MJL?lang=en
2017,2018,One Tin Soldier,"The Murder of Crows, Book 3 - One Tin Soldier",Chris Tullbane,One Tin Soldier (2021) [The Murder of Crows 3],12 hrs 18 mins,738,2023-04-23T00:45:00,2022-04-14,Ghost Falls Press,com.plexapp.agents.audnexus://B09XWP6LMV_us?lang=en,2012,com.plexapp.agents.audnexus://B07YBX1MJL?lang=en
437,438,Fathers and Sons,Fathers and Sons,Ivan Turgenev,Fathers and Sons (2011),8 hrs 8 mins,488,2023-03-24T00:02:59,2009-10-01,Audible Studios,com.plexapp.agents.audnexus://B002V1J9TY_us?lang=en,434,com.plexapp.agents.audnexus://B00IUKRE8I?lang=en
435,436,First Love,First Love,Ivan Turgenev,First Love (2008),2 hrs 40 mins,160,2023-10-21T11:52:48,2008-12-04,Audible Studios,com.plexapp.agents.audnexus://B002V0QLWS_us?lang=en,434,com.plexapp.agents.audnexus://B00IUKRE8I?lang=en
6459,6460,"No Gods, No Monsters","The Convergence Saga, Book 1 - No Gods, No Monsters",Cadwell Turnbull,"No Gods, No Monsters (2021) [The Convergence Saga 1]",9 hrs 50 mins,590,2024-11-01T11:30:05,2021-09-07,Blackstone Publishing,com.plexapp.agents.audnexus://1982602104_us?lang=en,6458,com.plexapp.agents.audnexus://B07NWYJCZR?lang=en
3607,3608,The Prince’s Poisoned Vow,"Infernal War Saga, Book 1 - The Prince’s Poisoned Vow",Hailey Turner,The Prince's Poisoned Vow (2022) [Infernal War Saga 1],17 hrs 17 mins,1037,2023-03-24T00:04:07,2024-04-03,Hailey Turner,com.plexapp.agents.audnexus://B0CZBK584J_us?lang=en,3606,com.plexapp.agents.audnexus://B06W9NGTB5?lang=en
1774,1775,Dialectical Behavior Therapy,Dialectical Behavior Therapy,Steven Turner,Dialectical Behavior Therapy (2018),3 hrs 5 mins,185,2023-04-27T15:35:09,2024-07-15,Author's Republic,com.plexapp.agents.audnexus://B0C2RM5LZV_us?lang=en,1773,com.plexapp.agents.audnexus://B001KHSZW2?lang=en
6474,6475,Kill Anything That Moves,Kill Anything That Moves,Nick Turse,Kill Anything That Moves (2013),8 hrs 48 mins,528,2024-11-06T19:40:51,2013-05-21,"HighBridge, a division of Recorded Books",com.plexapp.agents.audnexus://B00CLDXNPS_us?lang=en,6473,com.plexapp.agents.audnexus://B0034P59TK?lang=en
8714,8715,Sacred Hunger,Sacred Hunger,Barry Unsworth,Sacred Hunger (2015),22 hrs 17 mins,1337,2025-11-13T08:59:34,2015-08-19,"Blackstone Audio, Inc.",com.plexapp.agents.audnexus://B007QI3FZ6_us?lang=en,8713,com.plexapp.agents.audnexus://B000APTTY8?lang=en
7585,7586,The Outlaw Ocean,The Outlaw Ocean,Ian Urbina,The Outlaw Ocean (2019),17 hrs 51 mins,1071,2025-04-18T00:09:57,2019-08-20,Random House Audio,com.plexapp.agents.audnexus://073520859X_us?lang=en,7584,com.plexapp.agents.audnexus://B001JRWK9C?lang=en
2242,2243,Letters of Note: Love,Letters of Note: Love,Shaun Usher,Letters of Note (2021),11 hrs 31 mins,691,2023-04-14T23:49:49,2020-10-06,Penguin Audio,com.plexapp.agents.audnexus://0593291778_us?lang=en,2241,com.plexapp.agents.audnexus://B00DGNOR48?lang=en
3601,3602,Killing John Wayne,Killing John Wayne,Ryan Uytdewilligen,Killing John Wayne (2021),9 hrs 14 mins,554,2023-03-24T00:04:31,2021-09-01,"Dreamscape Media, LLC",com.plexapp.agents.audnexus://1666510653_us?lang=en,3600,com.plexapp.agents.audnexus://B09BDNSNCC?lang=en
554,555,This Was Hollywood,This Was Hollywood,Carla Valderrama,This Was Hollywood (2020),7 hrs 4 mins,424,2023-09-05T21:34:13,2020-11-17,Running Press Adult,com.plexapp.agents.audnexus://1549123874_us?lang=en,553,com.plexapp.agents.audnexus://B08BTYH1J4?lang=en
6602,6603,Comfort Me with Apples,Comfort Me with Apples,Catherynne M. Valente,Comfort Me with Apples (2021),2 hrs 20 mins,140,2024-12-01T21:51:37,2021-11-09,"Dreamscape Media, LLC",com.plexapp.agents.audnexus://B09GHJPDX1_us?lang=en,2728,com.plexapp.agents.audnexus://B001ILMCX8?lang=en
2731,2732,Radiance,Radiance,Catherynne M. Valente,Radiance (2015),13 hrs 41 mins,821,2023-03-29T14:18:35,2015-10-26,"Dreamscape Media, LLC",com.plexapp.agents.audnexus://B01720C6H0_us?lang=en,2728,com.plexapp.agents.audnexus://B001ILMCX8?lang=en
2733,2734,The Past Is Red,The Past Is Red,Catherynne M. Valente,The Past Is Red (2021),5 hrs 1 min,301,2023-03-24T00:05:11,2021-07-29,"Dreamscape Media, LLC",com.plexapp.agents.audnexus://1666507253_us?lang=en,2728,com.plexapp.agents.audnexus://B001ILMCX8?lang=en
2729,2730,Space Opera,"The Space Opera, Book 1 - Space Opera",Catherynne M. Valente,Space Opera (2018),9 hrs 46 mins,586,2023-03-30T00:51:58,2018-04-10,Highbridge Audio,com.plexapp.agents.audnexus://B07BQ5KXF8_us?lang=en,2728,com.plexapp.agents.audnexus://B001ILMCX8?lang=en
7661,7662,The CIA as Organized Crime,The CIA as Organized Crime,Douglas Valentine,The CIA as Organized Crime (2017),16 hrs 52 mins,1012,2025-05-03T17:44:48,2017-04-18,Skyboat Media,com.plexapp.agents.audnexus://B06XY611CN_us?lang=en,7660,com.plexapp.agents.audnexus://B001H6W4UA?lang=en
5079,5080,Papyrus,Papyrus,"Irene Vallejo, Charlotte Whittle - translator",Papyrus (2022),17 hrs 30 mins,1050,2024-06-11T10:57:46,2022-10-18,Random House Audio,com.plexapp.agents.audnexus://B09RTQCMGX_us?lang=en,5078,com.plexapp.agents.audnexus://B07ZZDRYBL?lang=en
6285,6286,Araminta Station,Araminta Station,Jack Vance,Araminta Station,20 hrs 26 mins,1226,2024-10-08T13:19:56,1987-01-01,,local://6285,1964,com.plexapp.agents.audnexus://B000AQ71MO?lang=en
1969,1970,The Star King,"Demon Princes, Book 1 - The Star King",Jack Vance,The Star King (196) [Demon Princes 1],6 hrs 51 mins,411,2023-03-24T00:08:34,2022-02-22,Skyboat Media,com.plexapp.agents.audnexus://B09LL6175H_us?lang=en,1964,com.plexapp.agents.audnexus://B000AQ71MO?lang=en
6302,6303,The Killing Machine,"Demon Princes, Book 2 - The Killing Machine",Jack Vance,The Killing Machine (1966) [Demon Princes 2],6 hrs 50 mins,410,2024-10-09T21:43:53,2022-04-26,Skyboat Media,com.plexapp.agents.audnexus://B09LKPVTNT_us?lang=en,1964,com.plexapp.agents.audnexus://B000AQ71MO?lang=en
6964,6965,The Palace of Love,"Demon Princes, Book 3 - The Palace of Love",Jack Vance,The Palace of Love (2022) [Demon Princes 3],7 hrs 35 mins,455,2025-01-25T19:32:32,2022-05-17,Skyboat Media,com.plexapp.agents.audnexus://B09LKXLHJM_us?lang=en,1964,com.plexapp.agents.audnexus://B000AQ71MO?lang=en
1971,1972,The Face,"Demon Princes, Book 4 - The Face",Jack Vance,The Face (1979) [Demon Princes 4],8 hrs 45 mins,525,2023-03-24T00:07:49,2022-06-07,Skyboat Media,com.plexapp.agents.audnexus://B09LKS39W9_us?lang=en,1964,com.plexapp.agents.audnexus://B000AQ71MO?lang=en
1973,1974,The Book of Dreams,"Demon Princes, Book 5 - The Book of Dreams",Jack Vance,The Book of Dreams (1981) [Demon Princes 5],8 hrs 36 mins,516,2023-03-24T00:07:26,2022-07-12,Skyboat Media,com.plexapp.agents.audnexus://B09P9Y9KSH_us?lang=en,1964,com.plexapp.agents.audnexus://B000AQ71MO?lang=en
6287,6288,Ecce and Old Earth,Ecce and Old Earth,Jack Vance,Ecce and Old Earth,15 hrs 17 mins,917,2024-10-08T13:19:58,1991-01-01,,tv.plex.agents.none://6287,1964,com.plexapp.agents.audnexus://B000AQ71MO?lang=en
1965,5608,Suldrun’s Garden,"Lyonesse, Book 1 - Suldrun’s Garden",Jack Vance,Suldrun&rsquo;s Garden Lyonesse (2010) [Lyonesse 1],18 hrs 50 mins,1130,2023-04-23T23:29:21,2010-01-28,Audible Studios,com.plexapp.agents.audnexus://B00369ZDA4_us?lang=en,1964,com.plexapp.agents.audnexus://B000AQ71MO?lang=en
5609,5610,The Green Pearl,"Lyonesse, Book 2 - The Green Pearl",Jack Vance,The Green Pearl (2010) [Lyonesse 2],18 hrs 4 mins,1084,2024-08-27T07:55:39,2010-02-15,Audible Studios,com.plexapp.agents.audnexus://B0038GMC04_us?lang=en,1964,com.plexapp.agents.audnexus://B000AQ71MO?lang=en
5614,5615,Madouc,"Lyonesse, Book 3 - Madouc",Jack Vance,Madouc (2010) [Lyonesse 3],19 hrs 40 mins,1180,2024-08-27T23:34:38,2010-02-14,Audible Studios,com.plexapp.agents.audnexus://B0038ATK8M_us?lang=en,1964,com.plexapp.agents.audnexus://B000AQ71MO?lang=en
1977,1978,City of the Chasch,"Planet of Adventure, Book 1 - City of the Chasch",Jack Vance,City of the Chasch (2015) [Planet of Adventure 1],6 hrs 20 mins,380,2023-03-24T00:06:17,2015-06-26,"Blackstone Audio, Inc.",com.plexapp.agents.audnexus://B010EL2CY6_us?lang=en,1964,com.plexapp.agents.audnexus://B000AQ71MO?lang=en
1975,1976,Servants of the Wankh,"Planet of Adventure, Book 2 - Servants of the Wankh",Jack Vance,Servants of the Wankh (1979) [Planet of Adventure 2],5 hrs 50 mins,350,2023-03-24T00:06:36,2015-07-27,"Blackstone Audio, Inc.",com.plexapp.agents.audnexus://B012H6BG34_us?lang=en,1964,com.plexapp.agents.audnexus://B000AQ71MO?lang=en
6281,6282,The Dirdir,"Planet of Adventure, Book 3 - The Dirdir",Jack Vance,The Dirdir (2015) [Planet of Adventure 3],5 hrs 31 mins,331,2024-10-08T12:58:29,2015-09-03,"Blackstone Audio, Inc.",com.plexapp.agents.audnexus://B014T618F6_us?lang=en,1964,com.plexapp.agents.audnexus://B000AQ71MO?lang=en
6283,6284,The Pnume,"Planet of Adventure, Book 4 - The Pnume",Jack Vance,The Pnume (2015) [Planet of Adventure 4],5 hrs 26 mins,326,2024-10-08T12:59:07,2015-10-02,"Blackstone Audio, Inc.",com.plexapp.agents.audnexus://B0161R1WZC_us?lang=en,1964,com.plexapp.agents.audnexus://B000AQ71MO?lang=en
5600,5601,The Dying Earth,"The Dying Earth, Book 1 - The Dying Earth",Jack Vance,The Dying Earth (2010) [The Dying Earth 1],6 hrs 42 mins,402,2024-08-26T21:43:12,2010-02-15,Brilliance Audio ,com.plexapp.agents.audnexus://B0035BBLF4_us?lang=en,1964,com.plexapp.agents.audnexus://B000AQ71MO?lang=en
5604,5605,The Eyes of the Overworld,"The Dying Earth, Book 2 - The Eyes of the Overworld",Jack Vance,The Eyes of the Overworld (2010) [The Dying Earth 2],8 hrs 6 mins,486,2024-08-26T21:44:17,2010-03-09,Brilliance Audio ,com.plexapp.agents.audnexus://B00391OEKY_us?lang=en,1964,com.plexapp.agents.audnexus://B000AQ71MO?lang=en
5606,5607,Cugel's Saga,"The Dying Earth, Book 3 - Cugel's Saga",Jack Vance,Cugel's Saga (2010) [The Dying Earth 3],12 hrs 40 mins,760,2024-08-27T07:52:23,2010-04-15,Brilliance Audio ,com.plexapp.agents.audnexus://B003E85RBC_us?lang=en,1964,com.plexapp.agents.audnexus://B000AQ71MO?lang=en
5602,5603,Rhialto the Marvellous,"The Dying Earth, Book 4 - Rhialto the Marvellous",Jack Vance,Rhialto the Marvellous (2010) [The Dying Earth 4],8 hrs 12 mins,492,2024-08-26T21:44:17,2010-05-15,Brilliance Audio ,com.plexapp.agents.audnexus://B003HUBWUM_us?lang=en,1964,com.plexapp.agents.audnexus://B000AQ71MO?lang=en
6289,6290,Throy,Throy,Jack Vance,Throy,8 hrs 46 mins,526,2024-10-08T13:19:58,1992-01-01,,local://6289,1964,com.plexapp.agents.audnexus://B000AQ71MO?lang=en
1967,1968,To Live Forever,To Live Forever,Jack Vance,To Live Forever (2015),7 hrs 49 mins,469,2023-03-24T00:08:58,2015-08-25,"Blackstone Audio, Inc.",com.plexapp.agents.audnexus://B014E3CSZI_us?lang=en,1964,com.plexapp.agents.audnexus://B000AQ71MO?lang=en
7385,7386,Wyst: Alastor 1716,Wyst: Alastor 1716,Jack Vance,Wyst Alastor 1716 (1978),9 hrs 40 mins,580,2025-03-19T23:47:03,1978-01-01,,local://7385,1964,com.plexapp.agents.audnexus://B000AQ71MO?lang=en
7042,7043,Kent State,Kent State,Brian VanDeMark,Kent State (2024),12 hrs 56 mins,776,2025-02-12T23:59:42,2024-08-13,"HighBridge, a division of Recorded Books",com.plexapp.agents.audnexus://B0D9R7S8C6_us?lang=en,7041,com.plexapp.agents.audnexus://B000APP7WG?lang=en
1418,1419,Ambergris,Ambergris,Jeff VanderMeer,Ambergris (2020) [The Ambergris Series ],1 day 19 hrs 7 mins,2587,2023-04-23T01:20:50,2020-12-01,Blackstone Publishing,com.plexapp.agents.audnexus://1982699469_us?lang=en,1413,com.plexapp.agents.audnexus://B000APJW4U?lang=en
1422,1423,Borne,"Borne, Book 1 - Borne",Jeff VanderMeer,Borne (2017) [Borne 1],12 hrs 11 mins,731,2023-03-29T11:39:09,2017-04-25,"Blackstone Audio, Inc.",com.plexapp.agents.audnexus://B06ZXTH9RF_us?lang=en,1413,com.plexapp.agents.audnexus://B000APJW4U?lang=en
1420,1421,Dead Astronauts,Dead Astronauts,Jeff VanderMeer,Dead Astronauts (2019) [Borne ],7 hrs 46 mins,466,2023-04-23T00:32:50,2019-12-03,"Blackstone Audio, Inc.",com.plexapp.agents.audnexus://B078T3YM3C_us?lang=en,1413,com.plexapp.agents.audnexus://B000APJW4U?lang=en
1416,1417,A Peculiar Peril,"The Misadventures of Jonathan Lambshead, Book 1 - A Peculiar Peril",Jeff VanderMeer,A Peculiar Peril (2020) [The Misadventures of Jonathan Lambshead 1],22 hrs 20 mins,1340,2023-04-26T00:11:28,2020-07-07,Macmillan Audio,com.plexapp.agents.audnexus://1250211832_us?lang=en,1413,com.plexapp.agents.audnexus://B000APJW4U?lang=en
1414,1415,Veniss Underground,Veniss Underground,Jeff VanderMeer,Veniss Underground (2003),8 hrs 34 mins,514,2023-05-08T23:26:39,2023-04-11,Blackstone Publishing,com.plexapp.agents.audnexus://B0BMCKPN5F_us?lang=en,1413,com.plexapp.agents.audnexus://B000APJW4U?lang=en
8949,8950,Technofeudalism,Technofeudalism,Yanis Varoufakis,Technofeudalism (2024),7 hrs 39 mins,459,2026-01-07T10:52:12,2024-01-23,Melville House,com.plexapp.agents.audnexus://B0CSZSTVPB_us?lang=en,8948,com.plexapp.agents.audnexus://B000APKJ4M?lang=en
8251,8252,The Shape of the Ruins,The Shape of the Ruins,"Juan Gabriel Vasquez, Anne McLean",The Shape of the Ruins (2018),17 hrs 27 mins,1047,2025-07-16T22:55:53,2018-09-25,Penguin Audio,com.plexapp.agents.audnexus://052564055X_us?lang=en,8250,com.plexapp.agents.audnexus://B001JOKKE2?lang=en
4134,4135,The Union,"The Union, Book 1 - The Union",Leah Vernon,The Union (2022) [The Union ],10 hrs 43 mins,643,2023-03-22T16:54:22,2022-12-01,Brilliance Audio,com.plexapp.agents.audnexus://B09RTJ2W88_us?lang=en,4133,com.plexapp.agents.audnexus://B01KUA22NW?lang=en
6440,6441,Lincoln,"Narratives of Empire, Book 2 - Lincoln",Gore Vidal,Lincoln (2019) [Narratives of Empire 2],1 day 8 hrs 55 mins,1975,2024-10-27T18:05:51,2019-06-25,Brilliance Audio,com.plexapp.agents.audnexus://1543696627_us?lang=en,6439,com.plexapp.agents.audnexus://B000AQ6KKI?lang=en
3592,3593,The Wolf of Oren-Yaro,"Chronicles of the Wolf Queen, Book 1 - The Wolf of Oren-Yaro",K. S. Villoso,The Wolf of Oren-Yaro (2019) [Chronicles of the Wolf Queen 1],14 hrs 1 min,841,2023-03-24T00:11:06,2020-02-18,Orbit,com.plexapp.agents.audnexus://1549100408_us?lang=en,3591,com.plexapp.agents.audnexus://B00U9QWA3U?lang=en
3589,3590,Of Feathers and Thorns,Of Feathers and Thorns,Kit Vincent,Of Feathers and Thorns (2022),9 hrs 21 mins,561,2023-03-24T00:17:07,2022-10-25,Kit Vincent,com.plexapp.agents.audnexus://B0BJGPT44Z_us?lang=en,3588,com.plexapp.agents.audnexus://B0B7BCKWMR?lang=en
8228,8229,Cast of Characters,Cast of Characters,Thomas Vinciguerra,Cast of Characters (2015),13 hrs 29 mins,809,2025-07-01T18:21:08,2015-11-09,"Blackstone Audio, Inc.",com.plexapp.agents.audnexus://B017DQMGQO_us?lang=en,8227,com.plexapp.agents.audnexus://B0064ASRVY?lang=en
2174,2175,A Wicked Kind of Husband,"Longhope Abbey, Book 1 - A Wicked Kind of Husband",Mia Vincy,A Wicked Kind of Husband (2018) [Longhope Abbey 1],11 hrs 57 mins,717,2023-04-19T21:46:34,2019-10-15,Audible Studios,com.plexapp.agents.audnexus://B07YF4KWY4_us?lang=en,2173,com.plexapp.agents.audnexus://B07JG6G54J?lang=en
807,808,Rainbow's End,"A Richard Jury Novel, Book 13 - Rainbow's End",Vernor Vinge,Rainbows End (2006),14 hrs 46 mins,886,2023-07-23T11:28:53,2014-03-25,Simon & Schuster Audio,com.plexapp.agents.audnexus://B00IFBIQKW_us?lang=en,806,com.plexapp.agents.audnexus://B000APOW0E?lang=en
3586,3587,The First Binding,"Tales of Tremaine, Book 1 - The First Binding",R.R. Virdi,The First Binding (2022) [Tales of Tremaine 1],1 day 17 hrs 19 mins,2479,2023-03-24T00:18:57,2022-08-16,Macmillan Audio,com.plexapp.agents.audnexus://1250840708_us?lang=en,3585,com.plexapp.agents.audnexus://B00J9PZ1YW?lang=en
474,475,Collapse,Collapse,Vladislav M. Zubok,Collapse (2021),23 hrs 51 mins,1431,2023-09-17T09:31:35,2021-11-30,Tantor Audio,com.plexapp.agents.audnexus://B09MR3KDR2_us?lang=en,473,local://473
1484,1485,Siren Queen,Siren Queen,Nghi Vo,Siren Queen (2022),8 hrs 43 mins,523,2023-05-05T23:50:42,2022-05-10,Macmillan Audio,com.plexapp.agents.audnexus://B09GCT6GGM_us?lang=en,1483,com.plexapp.agents.audnexus://B082W52TC2?lang=en
1486,1487,The Chosen and the Beautiful,The Chosen and the Beautiful,Nghi Vo,The Chosen and the Beautiful (2021),8 hrs 53 mins,533,2023-05-05T22:32:51,2021-06-01,Macmillan Audio,com.plexapp.agents.audnexus://1250825237_us?lang=en,1483,com.plexapp.agents.audnexus://B082W52TC2?lang=en
6750,6751,The City in Glass,The City in Glass,Nghi Vo,The City in Glass (2024),6 hrs 6 mins,366,2024-12-31T10:37:05,2024-10-01,Macmillan Audio,com.plexapp.agents.audnexus://B0CXZC4ZT2_us?lang=en,1483,com.plexapp.agents.audnexus://B082W52TC2?lang=en
5305,5306,The Empress of Salt and Fortune,"The Singing Hills Cycle, Book 1 - The Empress of Salt and Fortune",Nghi Vo,The Empress of Salt and Fortune (2020) [The Singing Hills Cycle 1],2 hrs 26 mins,146,2024-07-13T08:53:24,2020-07-31,Tantor Media,com.plexapp.agents.audnexus://1705246869_us?lang=en,1483,com.plexapp.agents.audnexus://B082W52TC2?lang=en
1996,1997,Gold Digger,"Bridge to Abingdon, Book 6 - Gold Digger",Aleksandr Voinov,Gold Digger (2012),5 hrs 27 mins,327,2023-04-23T01:17:46,2019-10-29,Tantor Media,com.plexapp.agents.audnexus://1515942759_us?lang=en,1991,com.plexapp.agents.audnexus://B004C36LAO?lang=en
1992,1993,Burn,Burn,Aleksandr Voinov,Burn (2016),54 mins,54,2023-04-23T01:21:02,2017-06-09,44 Raccoons LTD,com.plexapp.agents.audnexus://B072JZQY7K_us?lang=en,1991,com.plexapp.agents.audnexus://B004C36LAO?lang=en
1994,1995,Return on Investment,Return on Investment,Aleksandr Voinov,Return on Investment (2014),12 hrs 20 mins,740,2023-04-23T01:19:28,2016-06-20,44 Raccoons LTD,com.plexapp.agents.audnexus://B01H7GTHUI_us?lang=en,1991,com.plexapp.agents.audnexus://B004C36LAO?lang=en
1998,1999,Witches of London - Lars,Witches of London - Lars,Aleksandr Voinov,Witches of London - Lars (2016),8 hrs 14 mins,494,2023-04-23T01:14:45,2018-08-14,44 Raccoons LTD,com.plexapp.agents.audnexus://B07G9N4SZ1_us?lang=en,1991,com.plexapp.agents.audnexus://B004C36LAO?lang=en
6891,6892,Europe Central,Europe Central,William T. Vollmann,Europe Central (2008),1 day 7 hrs 47 mins,1907,2025-01-13T22:23:22,2008-02-21,"Blackstone Audio, Inc.",com.plexapp.agents.audnexus://B002V00XMM_us?lang=en,6890,com.plexapp.agents.audnexus://B000AQ3MP4?lang=en
4486,4487,Micromegas,Micromegas,Voltaire,Micromegas (2016),41 mins,41,2024-04-25T16:49:46,2020-05-14,Audible Originals,com.plexapp.agents.audnexus://B088G2C2S1_us?lang=en,4485,com.plexapp.agents.audnexus://B000APWM7O?lang=en
3164,3165,Bluebeard,Bluebeard,Kurt Vonnegut,Bluebeard (1987),7 hrs 20 mins,440,2023-03-22T13:04:06,2015-06-23,Audible Studios,com.plexapp.agents.audnexus://B00YQBANSI_us?lang=en,3145,com.plexapp.agents.audnexus://B000APYE16?lang=en
3162,3163,Breakfast of Champions,Breakfast of Champions,Kurt Vonnegut,Breakfast of Champions (2015-06-23),6 hrs 27 mins,387,2023-03-24T00:19:20,2015-06-23,Audible Studios,com.plexapp.agents.audnexus://B00YN9XROA_us?lang=en,3145,com.plexapp.agents.audnexus://B000APYE16?lang=en
3158,3159,Cat's Cradle,Cat's Cradle,Kurt Vonnegut,Cat's Cradle (1963),7 hrs 12 mins,432,2023-03-28T09:00:39,2007-10-30,Harper,com.plexapp.agents.audnexus://B002VA9OJA_us?lang=en,3145,com.plexapp.agents.audnexus://B000APYE16?lang=en
3156,3157,Deadeye Dick,Deadeye Dick,Kurt Vonnegut,Deadeye Dick (1982),6 hrs 12 mins,372,2023-03-28T15:45:59,2015-06-23,Audible Studios,com.plexapp.agents.audnexus://B00VS1DRQO_us?lang=en,3145,com.plexapp.agents.audnexus://B000APYE16?lang=en
3166,3167,Galapagos,Galapagos,Kurt Vonnegut,Galapagos (2008),8 hrs 1 min,481,2023-03-22T12:32:10,2009-08-11,Audible Studios,com.plexapp.agents.audnexus://B002V1M464_us?lang=en,3145,com.plexapp.agents.audnexus://B000APYE16?lang=en
3154,3155,"God Bless You, Mr. Rosewater","God Bless You, Mr. Rosewater",Kurt Vonnegut,"God Bless You, Mr. Rosewater (2008)",5 hrs 30 mins,330,2023-03-28T15:46:07,2009-08-11,Audible Studios,com.plexapp.agents.audnexus://B002V1NR0G_us?lang=en,3145,com.plexapp.agents.audnexus://B000APYE16?lang=en
3146,3147,Mother Night,Mother Night,Kurt Vonnegut,Mother Night (2009-08-11),6 hrs 4 mins,364,2023-03-28T16:01:08,2009-08-11,Audible Studios,com.plexapp.agents.audnexus://B002V57S2U_us?lang=en,3145,com.plexapp.agents.audnexus://B000APYE16?lang=en
3148,3149,Palm Sunday,Palm Sunday,Kurt Vonnegut,Palm Sunday (1981),9 hrs 41 mins,581,2023-03-28T16:00:59,2015-06-23,Audible Studios,com.plexapp.agents.audnexus://B00X8UW5H0_us?lang=en,3145,com.plexapp.agents.audnexus://B000APYE16?lang=en
3150,3151,Player Piano,Player Piano,Kurt Vonnegut,Player Piano (2008),11 hrs 32 mins,692,2023-03-28T16:00:46,2009-08-11,Audible Studios,com.plexapp.agents.audnexus://B002V5BIK8_us?lang=en,3145,com.plexapp.agents.audnexus://B000APYE16?lang=en
3152,3153,The Sirens of Titan,The Sirens of Titan,Kurt Vonnegut,The Sirens of Titan (2008),9 hrs 21 mins,561,2023-03-28T16:00:38,2009-08-13,Audible Studios,com.plexapp.agents.audnexus://B002V8L3P0_us?lang=en,3145,com.plexapp.agents.audnexus://B000APYE16?lang=en
3160,3161,Timequake,Timequake,Kurt Vonnegut,Timequake (1997),5 hrs 41 mins,341,2023-03-27T22:14:34,2015-04-28,Macmillan Audio,com.plexapp.agents.audnexus://B00VXW1LRK_us?lang=en,3145,com.plexapp.agents.audnexus://B000APYE16?lang=en
3583,3584,Smoke,"Smoke, Book 1 - Smoke",Dan Vyleta,Smoke (2016) [Smoke 1],18 hrs 36 mins,1116,2023-03-24T00:20:06,2016-05-24,Random House Audio,com.plexapp.agents.audnexus://B01D233NPA_us?lang=en,3582,com.plexapp.agents.audnexus://B001VHD5CG?lang=en
8031,8032,The Billionaire's Vinegar,The Billionaire's Vinegar,Benjamin Wallace,The Billionaire's Vinegar (2025),5 hrs 49 mins,349,2025-05-19T09:20:51,2025-02-11,Random House Audio,com.plexapp.agents.audnexus://B0DT4W2PX9_us?lang=en,8030,com.plexapp.agents.audnexus://B001JP8F7K?lang=en
233,234,Everything and More,Everything and More,David Foster Wallace,Everything and More (2021),12 hrs 30 mins,750,2024-01-09T15:23:04,2021-06-15,Random House Audio,com.plexapp.agents.audnexus://0593460472_us?lang=en,232,com.plexapp.agents.audnexus://B000APPJ3S?lang=en
5468,5469,Infinite Jest,Infinite Jest,David Foster Wallace,Infinite Jest (2019),2 days 8 hrs 12 mins,3372,2024-07-28T23:02:59,2019-01-24,"Little, Brown Book Group",com.plexapp.agents.audnexus://B07L8JD287_us?lang=en,232,com.plexapp.agents.audnexus://B000APPJ3S?lang=en
1445,1446,Hench,"Hench Series, Book 1 - Hench",Natalie Zina Walschots,Hench (2019),14 hrs 15 mins,855,2023-05-06T00:31:27,2020-09-22,William Morrow,com.plexapp.agents.audnexus://0062978608_us?lang=en,1444,com.plexapp.agents.audnexus://B001JS3BC6?lang=en
3567,3568,When McKinsey Comes to Town,When McKinsey Comes to Town,"Walt Bogdanich, Michael Forsythe",When McKinsey Comes to Town (2022),10 hrs 7 mins,607,2023-03-24T00:24:38,2022-10-04,Random House Audio,com.plexapp.agents.audnexus://B09W371S8Z_us?lang=en,3566,local://3566
699,700,Among Others,Among Others,Jo Walton,Among Others (2010),10 hrs 36 mins,636,2023-03-29T11:18:37,2011-08-05,Audible Studios,com.plexapp.agents.audnexus://B0057YGZ62_us?lang=en,680,com.plexapp.agents.audnexus://B001IODOSC?lang=en
681,682,Lent,Lent,Jo Walton,Lent (2020),12 hrs 14 mins,734,2023-08-11T09:41:11,2020-02-25,Tantor Audio,com.plexapp.agents.audnexus://1541431103_us?lang=en,680,com.plexapp.agents.audnexus://B001IODOSC?lang=en
695,696,My Real Children,My Real Children,Jo Walton,My Real Children (2014),9 hrs 30 mins,570,2023-03-29T13:25:25,2014-09-16,Audible Studios,com.plexapp.agents.audnexus://B00NLNS8WK_us?lang=en,680,com.plexapp.agents.audnexus://B001IODOSC?lang=en
689,690,Ha&rsquo;Penny,Small Change 2 - Ha&rsquo;Penny,Jo Walton,Ha&rsquo;Penny (2007) [Small Change 2],9 hrs 56 mins,596,2023-03-29T14:14:32,2007-01-01,,local://689,680,com.plexapp.agents.audnexus://B001IODOSC?lang=en
693,694,Farthing,"Small Change, Book 1 - Farthing",Jo Walton,Farthing (2011) [Small Change 1],9 hrs 47 mins,587,2023-03-29T12:58:55,2011-08-05,Audible Studios,com.plexapp.agents.audnexus://B0058J2HE0_us?lang=en,680,com.plexapp.agents.audnexus://B001IODOSC?lang=en
691,692,Half a Crown,"Small Change, Book 3 - Half a Crown",Jo Walton,Half a Crown (2011) [Small Change 3],11 hrs 7 mins,667,2023-03-29T13:25:08,2011-08-05,Audible Studios,com.plexapp.agents.audnexus://B0058JOL9E_us?lang=en,680,com.plexapp.agents.audnexus://B001IODOSC?lang=en
683,684,The Just City,"Thessaly, Book 1 - The Just City",Jo Walton,The Just City (2014) [Thessaly 1],11 hrs 10 mins,670,2023-03-29T18:51:38,2016-07-12,Audible Studios,com.plexapp.agents.audnexus://B01H2D45SA_us?lang=en,680,com.plexapp.agents.audnexus://B001IODOSC?lang=en
685,686,The Philosopher Kings,"Thessaly, Book 2 - The Philosopher Kings",Jo Walton,The Philosopher Kings (2015) [Thessaly 2],10 hrs 23 mins,623,2023-03-29T18:49:19,2016-07-12,Audible Studios,com.plexapp.agents.audnexus://B01H2D4E68_us?lang=en,680,com.plexapp.agents.audnexus://B001IODOSC?lang=en
687,688,Necessity,"Thessaly, Book 3 - Necessity",Jo Walton,Necessity (2016) [Thessaly 3],10 hrs 38 mins,638,2023-03-29T13:25:38,2016-07-12,Audible Studios,com.plexapp.agents.audnexus://B01H2CS3E8_us?lang=en,680,com.plexapp.agents.audnexus://B001IODOSC?lang=en
697,698,Tooth and Claw,Tooth and Claw,Jo Walton,Tooth and Claw (2003),9 hrs 41 mins,581,2023-03-29T12:05:36,2014-05-23,Audible Studios,com.plexapp.agents.audnexus://B00KI1XBIE_us?lang=en,680,com.plexapp.agents.audnexus://B001IODOSC?lang=en
6673,6674,Blood Over Bright Haven,Blood Over Bright Haven,M. L. Wang,Blood over Bright Haven (2024),15 hrs 22 mins,922,2024-12-16T08:03:26,2024-10-29,Random House Audio,com.plexapp.agents.audnexus://B0CVSLQNW7_us?lang=en,6672,com.plexapp.agents.audnexus://B01KWMY6X2?lang=en
3000,3001,Blood Truth,"Black Dagger Legacy, Book 4 - Blood Truth",J.R. Ward,Blood Truth (2019) [Black Dagger Legacy 4],12 hrs 53 mins,773,2023-03-29T11:38:52,2019-08-13,Simon & Schuster Audio,com.plexapp.agents.audnexus://1508287651_us?lang=en,2983,com.plexapp.agents.audnexus://B001H6OGQA?lang=en
4427,4428,Claimed,"Lair of the Wolven, Book 1 - Claimed",J.R. Ward,Claimed (2021) [Lair of the Wolven 1],11 hrs 35 mins,695,2024-04-18T12:49:42,2021-07-27,Simon & Schuster Audio,com.plexapp.agents.audnexus://1797125079_us?lang=en,2983,com.plexapp.agents.audnexus://B001H6OGQA?lang=en
4425,4426,Forever Volume 2,"Lair of the Wolven, Book 2 - Forever Volume 2",J.R. Ward,Forever (2023) [Lair of the Wolven 2],9 hrs 48 mins,588,2024-04-18T12:49:41,2023-03-28,Simon & Schuster Audio,com.plexapp.agents.audnexus://B09L3CF3MJ_us?lang=en,2983,com.plexapp.agents.audnexus://B001H6OGQA?lang=en
4429,4430,Mine,"Lair of the Wolven, Book 3 - Mine",J.R. Ward,Mine (2024) [Lair of the Wolven 3],10 hrs 46 mins,646,2024-04-18T12:49:46,2024-01-23,Simon & Schuster Audio,com.plexapp.agents.audnexus://B0C874TNHB_us?lang=en,2983,com.plexapp.agents.audnexus://B001H6OGQA?lang=en
2998,2999,Lover Avenged,"The Black Dagger Brotherhood Series, Book 7 - Lover Avenged",J.R. Ward,Lover Avenged () [The Black Dagger Brotherhood Series 7],23 hrs 11 mins,1391,2023-03-22T11:53:14,2009-05-12,Penguin Audio,com.plexapp.agents.audnexus://B002V5BLI2_us?lang=en,2983,com.plexapp.agents.audnexus://B001H6OGQA?lang=en
2996,2997,Lover Mine,"The Black Dagger Brotherhood Series, Book 8 - Lover Mine",J.R. Ward,Lover Mine () [The Black Dagger Brotherhood Series 8],21 hrs 56 mins,1316,2023-03-22T11:54:03,2010-04-27,Penguin Audio,com.plexapp.agents.audnexus://B003FXM20A_us?lang=en,2983,com.plexapp.agents.audnexus://B001H6OGQA?lang=en
2990,2991,Lover Unleashed,"The Black Dagger Brotherhood Series, Book 9 - Lover Unleashed",J.R. Ward,Lover Unleashed () [The Black Dagger Brotherhood Series 9],18 hrs 34 mins,1114,2023-03-28T22:20:30,2011-03-29,Penguin Audio,com.plexapp.agents.audnexus://B004SICA6C_us?lang=en,2983,com.plexapp.agents.audnexus://B001H6OGQA?lang=en
2994,2995,Lover Reborn,"The Black Dagger Brotherhood Series, Book 10 - Lover Reborn",J.R. Ward,Lover Reborn (2012) [The Black Dagger Brotherhood Series 10],23 hrs 10 mins,1390,2023-03-28T00:00:24,2012-03-28,Penguin Audio,com.plexapp.agents.audnexus://B007MWHXEU_us?lang=en,2983,com.plexapp.agents.audnexus://B001H6OGQA?lang=en
2992,2993,Lover at Last,"The Black Dagger Brotherhood Series, Book 11 - Lover at Last",J.R. Ward,Lover at Last (2013) [The Black Dagger Brotherhood Series 11],22 hrs 30 mins,1350,2023-03-28T00:02:02,2013-03-26,Penguin Audio,com.plexapp.agents.audnexus://B00BMCXK9S_us?lang=en,2983,com.plexapp.agents.audnexus://B001H6OGQA?lang=en
2984,2985,The Savior,"The Black Dagger Brotherhood Series, Book 17 - The Savior",J.R. Ward,The Savior (2019) [The Black Dagger Brotherhood Series 17],15 hrs 46 mins,946,2023-03-30T01:04:49,2019-04-02,Simon & Schuster Audio,com.plexapp.agents.audnexus://150826709X_us?lang=en,2983,com.plexapp.agents.audnexus://B001H6OGQA?lang=en
2988,2989,Where Winter Finds You,"The Black Dagger Brotherhood Series, Book 17.5 - Where Winter Finds You",J.R. Ward,Where Winter Finds You (2019) [The Black Dagger Brotherhood Series 17.5],9 hrs 38 mins,578,2023-03-29T12:07:10,2019-11-26,Simon & Schuster Audio,com.plexapp.agents.audnexus://1797102478_us?lang=en,2983,com.plexapp.agents.audnexus://B001H6OGQA?lang=en
2908,2909,Darius,"The Black Dagger Brotherhood, Book 0.5 - Darius",J.R. Ward,Darius (2022) [The Black Dagger Brotherhood Series 0.5],6 hrs 58 mins,418,2023-03-29T13:20:33,2022-07-19,Simon & Schuster Audio Originals,com.plexapp.agents.audnexus://B09WT7GLX5_us?lang=en,2983,com.plexapp.agents.audnexus://B001H6OGQA?lang=en
2906,2907,Lassiter Volume 21,"The Black Dagger Brotherhood, Book 21 - Lassiter Volume 21",J.R. Ward,Lassiter (2023) [The Black Dagger Brotherhood Series 21],15 hrs 17 mins,917,2023-04-11T10:23:45,2023-04-11,Simon & Schuster Audio,com.plexapp.agents.audnexus://B0B4ZN7GFH_us?lang=en,2983,com.plexapp.agents.audnexus://B001H6OGQA?lang=en
4477,4478,The Beloved,"The Black Dagger Brotherhood, Book 22 - The Beloved",J.R. Ward,The Beloved (2024) [The Black Dagger Brotherhood Series 22],13 hrs 5 mins,785,2024-04-25T16:28:58,2024-04-09,Simon & Schuster Audio,com.plexapp.agents.audnexus://B0C876WSHD_us?lang=en,2983,com.plexapp.agents.audnexus://B001H6OGQA?lang=en
8669,8670,Lover Forbidden,"The Black Dagger Brotherhood, Book 23 - Lover Forbidden",J.R. Ward,Lover Forbidden (2025) [The Black Dagger Brotherhood 23],13 hrs 46 mins,826,2025-10-08T20:34:38,2025-09-09,Simon & Schuster Audio,com.plexapp.agents.audnexus://B0D683HWBW_us?lang=en,2983,com.plexapp.agents.audnexus://B001H6OGQA?lang=en
2986,2987,The Thief,"The Queen's Thief, Book 1 - The Thief",J.R. Ward,The Thief (2018) [The Black Dagger Brotherhood Series 16],14 hrs 26 mins,866,2023-03-30T01:04:32,2017-05-16,Greenwillow Books,com.plexapp.agents.audnexus://B06XYTHS9M_us?lang=en,2983,com.plexapp.agents.audnexus://B001H6OGQA?lang=en
7354,7355,Legacy of Ash,Legacy of Ash,Matthew Ward,Legacy of Ash (2019) [The Legacy Trilogy 1],1 day 4 hrs 36 mins,1716,2025-03-16T02:55:05,2019-11-05,Orbit,com.plexapp.agents.audnexus://1549153013_us?lang=en,7351,com.plexapp.agents.audnexus://B01LP4SMKO?lang=en
7352,7353,Legacy of Steel,"The Legacy Trilogy, Book 2 - Legacy of Steel",Matthew Ward,Legacy of Steel (2021) [The Legacy Trilogy 2],1 day 10 hrs 48 mins,2088,2025-03-16T02:55:04,2021-07-22,"Little, Brown Audio",com.plexapp.agents.audnexus://1405551585_us?lang=en,7351,com.plexapp.agents.audnexus://B01LP4SMKO?lang=en
1295,1296,The Curse of the Marquis de Sade,The Curse of the Marquis de Sade,Joel Warner,The Curse of the Marquis de Sade (2023),9 hrs 20 mins,560,2023-06-01T05:59:50,2023-02-21,Random House Audio,com.plexapp.agents.audnexus://B0B6482LRJ_us?lang=en,1294,com.plexapp.agents.audnexus://B00GFE4ZQA?lang=en
3580,3581,All the King's Men,All the King's Men,Robert Penn Warren,All the King's Men (1946),20 hrs 57 mins,1257,2023-03-24T00:21:34,2006-09-11,Recorded Books,com.plexapp.agents.audnexus://B002V1CIQ0_us?lang=en,3579,com.plexapp.agents.audnexus://B000APVIJC?lang=en
7672,7673,The Triple Agent,The Triple Agent,Joby Warrick,The Triple Agent (2011),7 hrs 8 mins,428,2025-05-03T22:39:33,2011-07-19,Random House Audio,com.plexapp.agents.audnexus://B0057HRCFM_us?lang=en,7671,com.plexapp.agents.audnexus://B004O53IVA?lang=en
4362,4363,40 Years of Chez Panisse,40 Years of Chez Panisse: The Power of Gathering,Alice Waters,40 Years of Chez Panisse (2012),6 hrs 2 mins,362,2023-03-22T12:00:22,2012-01-01,,local://4362,4361,com.plexapp.agents.audnexus://B000APXT8U?lang=en
2039,2040,Four Ways to the Center,Four Ways to the Center,Alan Watts,Four Ways to the Center (1973),3 hrs 3 mins,183,2023-04-05T21:42:11,2014-12-17,BetterListen,com.plexapp.agents.audnexus://B00R3NGWGI_us?lang=en,2030,com.plexapp.agents.audnexus://B000AP9KWO?lang=en
2037,2038,Just So,Just So,Alan Watts,Just So (2017),10 hrs 32 mins,632,2023-04-05T21:42:30,2017-01-01,Macmillan Audio,com.plexapp.agents.audnexus://B01NAD8J5R_us?lang=en,2030,com.plexapp.agents.audnexus://B000AP9KWO?lang=en
2035,2036,Leave It Be,Leave It Be,Alan Watts,Leave It Be (1973),7 hrs 49 mins,469,2023-04-05T21:43:12,2020-01-07,Macmillan Audio,com.plexapp.agents.audnexus://1683642996_us?lang=en,2030,com.plexapp.agents.audnexus://B000AP9KWO?lang=en
2033,2034,Out of Your Mind,Out of Your Mind,Alan Watts,Out of Your Mind (2005),14 hrs 22 mins,862,2023-04-05T21:44:52,2015-10-02,Macmillan Audio,com.plexapp.agents.audnexus://B0161LXWGK_us?lang=en,2030,com.plexapp.agents.audnexus://B000AP9KWO?lang=en
2031,2032,The Book,The Book,Alan Watts,The Book (1966),4 hrs 33 mins,273,2023-04-22T14:36:51,2023-03-21,Random House Audio,com.plexapp.agents.audnexus://B0B9PWFCHL_us?lang=en,2030,com.plexapp.agents.audnexus://B000AP9KWO?lang=en
2041,2042,This Is It,This Is It,Alan Watts,This Is It (1960),3 hrs 25 mins,205,2023-04-05T21:41:55,2018-06-19,Macmillan Audio,com.plexapp.agents.audnexus://B07D9RV25Q_us?lang=en,2030,com.plexapp.agents.audnexus://B000AP9KWO?lang=en
2043,2044,You're It,You're It,Alan Watts,You're It! (2009),12 hrs 6 mins,726,2023-04-05T21:41:37,2019-06-11,Hachette Audio,com.plexapp.agents.audnexus://1549119974_us?lang=en,2030,com.plexapp.agents.audnexus://B000AP9KWO?lang=en
3045,3046,A Handful of Dust,A Handful of Dust,Evelyn Waugh,A Handful of Dust (1962),6 hrs 44 mins,404,2023-03-29T11:09:48,2012-12-11,Hachette Audio,com.plexapp.agents.audnexus://B00AJ34H5M_us?lang=en,3044,com.plexapp.agents.audnexus://B000AQ4UO6?lang=en
3049,3050,Brideshead Revisited,Brideshead Revisited,Evelyn Waugh,Brideshead Revisited (1973),11 hrs 33 mins,693,2023-03-22T13:02:36,2012-12-11,Hachette Audio,com.plexapp.agents.audnexus://B00AJ37CRC_us?lang=en,3044,com.plexapp.agents.audnexus://B000AQ4UO6?lang=en
3047,3048,Vile Bodies,Vile Bodies,Evelyn Waugh,Vile Bodies (1930),5 hrs 53 mins,353,2023-03-24T00:20:30,2015-11-05,"Little, Brown Audio",com.plexapp.agents.audnexus://B0176S8PQY_us?lang=en,3044,com.plexapp.agents.audnexus://B000AQ4UO6?lang=en
7609,7610,Dark Alliance,Dark Alliance,Gary Webb,Dark Alliance (2013),20 hrs 29 mins,1229,2025-04-27T14:12:47,2013-12-24,Audible Studios,com.plexapp.agents.audnexus://B00GSY4RHY_us?lang=en,7608,com.plexapp.agents.audnexus://B001K7Z4J4?lang=en
5493,5494,If the Universe Is Teeming with Aliens...Where Is Everybody? Second Edition,If the Universe Is Teeming with Aliens...Where Is Everybody? Second Edition,Stephen Webb,If the Universe Is Teeming with Aliens...Where Is Everybody Second Edition (2021) [The Science and Fiction Series ],16 hrs 41 mins,1001,2024-07-30T21:49:11,2021-04-27,Blackstone Publishing,com.plexapp.agents.audnexus://1799915875_us?lang=en,5492,com.plexapp.agents.audnexus://B001IQWNNM?lang=en
3574,3575,Dragon Age,Dragon Age 4 - Dragon Age,Patrick Weekes,Dragon Age (2014) [Dragon Age 4],13 hrs 39 mins,819,2023-03-23T21:34:48,2014-01-01,,local://3574,3569,com.plexapp.agents.audnexus://B00FJBO9L6?lang=en
3572,3573,The Palace Job,"Rogues of the Republic, Book 1 - The Palace Job",Patrick Weekes,The Palace Job (2013) [Rogues of the Republic 1],11 hrs 18 mins,678,2023-03-24T00:23:14,2013-10-08,Brilliance Audio ,com.plexapp.agents.audnexus://B00F8LCEIW_us?lang=en,3569,com.plexapp.agents.audnexus://B00FJBO9L6?lang=en
3570,3571,The Prophecy Con,"Rogues of the Republic, Book 2 - The Prophecy Con",Patrick Weekes,The Prophecy Con (2014) [Rogues of the Republic 2],13 hrs 3 mins,783,2023-03-24T00:23:41,2014-09-23,Brilliance Audio,com.plexapp.agents.audnexus://B00N9E1N5U_us?lang=en,3569,com.plexapp.agents.audnexus://B00FJBO9L6?lang=en
1569,1570,The Way of Shadows,"Night Angel, Book 1 - The Way of Shadows",Brent Weeks,The Way of Shadows (2008),17 hrs 46 mins,1066,2023-05-02T11:50:54,2023-01-17,Orbit,com.plexapp.agents.audnexus://B0BLXKN5FV_us?lang=en,1568,com.plexapp.agents.audnexus://B004N1S4QY?lang=en
1571,1572,Night Angel Nemesis,"Night Angel, Book 1, Kylar Chronicles - Night Angel Nemesis",Brent Weeks,Night Angel Nemesis (2023) [Night Angel 4],1 day 8 hrs 12 mins,1932,2023-05-02T11:35:59,2023-04-25,Orbit,com.plexapp.agents.audnexus://B0BHTX4773_us?lang=en,1568,com.plexapp.agents.audnexus://B004N1S4QY?lang=en
1575,1576,Shadow's Edge,"Night Angel, Book 2 - Shadow's Edge",Brent Weeks,Shadow's Edge (2023),17 hrs 51 mins,1071,2023-05-02T09:29:38,2023-02-21,Orbit,com.plexapp.agents.audnexus://B0BLXMQ833_us?lang=en,1568,com.plexapp.agents.audnexus://B004N1S4QY?lang=en
1573,1574,Beyond the Shadows,"Night Angel, Book 3 - Beyond the Shadows",Brent Weeks,Beyond the Shadows (2008),18 hrs 56 mins,1136,2023-05-02T10:28:52,2023-03-21,Orbit,com.plexapp.agents.audnexus://B0BLY76VZS_us?lang=en,1568,com.plexapp.agents.audnexus://B004N1S4QY?lang=en
7613,7614,Legacy of Ashes,Legacy of Ashes,Tim Weiner,Legacy of Ashes (2007),21 hrs 27 mins,1287,2025-04-27T14:14:56,2007-07-03,"Blackstone Audio, Inc.",com.plexapp.agents.audnexus://B002V8MA7A_us?lang=en,2828,com.plexapp.agents.audnexus://B000APILF6?lang=en
2829,2830,One Man Against the World,One Man Against the World,Tim Weiner,One Man Against the World (2015),13 hrs 1 min,781,2023-03-29T18:43:21,2015-06-16,Macmillan Audio,com.plexapp.agents.audnexus://B00ZGAPQ2Q_us?lang=en,2828,com.plexapp.agents.audnexus://B000APILF6?lang=en
377,378,A City on Mars,A City on Mars,"Kelly Weinersmith, Zach Weinersmith",A City on Mars (2023),11 hrs 20 mins,680,2023-11-09T09:51:16,2023-11-07,Penguin Audio,com.plexapp.agents.audnexus://B0BXFLP74D_us?lang=en,376,com.plexapp.agents.audnexus://B06XHKDZVZ?lang=en
379,380,Soonish,Soonish,"Kelly Weinersmith, Zach Weinersmith",Soonish (2017),10 hrs 11 mins,611,2023-05-09T21:00:10,2017-10-31,Audible Studios,com.plexapp.agents.audnexus://B076BZ7H3N_us?lang=en,376,com.plexapp.agents.audnexus://B06XHKDZVZ?lang=en
2358,2359,Retail Gangster,Retail Gangster,Gary Weiss,Retail Gangster (2022),12 hrs,720,2023-04-13T10:50:47,2022-08-23,Grand Central Publishing,com.plexapp.agents.audnexus://B0B2CFQFSB_us?lang=en,2357,com.plexapp.agents.audnexus://B001ITWUVY?lang=en
374,375,Weimar Germany,Weimar Germany,Eric D. Weitz,Weimar Germany (2020),18 hrs 40 mins,1120,2023-11-09T13:09:56,2020-09-22,Princeton University Press,com.plexapp.agents.audnexus://069121560X_us?lang=en,373,com.plexapp.agents.audnexus://B001IGNIW2?lang=en
490,491,The Wizard Hunters,"Fall of Ile-Rien, Book 1 - The Wizard Hunters",Martha Wells,The Wizard Hunters (2003) [Fall of Ile-Rien 1],17 hrs 57 mins,1077,2023-04-25T23:19:17,2013-10-21,Tantor Audio,com.plexapp.agents.audnexus://B00FPRZWO2_us?lang=en,485,com.plexapp.agents.audnexus://B000APZA1O?lang=en
494,495,The Element of Fire,"Ile-Rien, Book 1 - The Element of Fire",Martha Wells,The Element of Fire (1993) [Ile-Rien 1],14 hrs 9 mins,849,2023-04-24T21:04:32,2013-09-16,Tantor Audio,com.plexapp.agents.audnexus://B00F2O1RHO_us?lang=en,485,com.plexapp.agents.audnexus://B000APZA1O?lang=en
492,493,The Death of the Necromancer,"Ile-Rien, Book 2 - The Death of the Necromancer",Martha Wells,The Death of the Necromancer (1998) [Ile-Rien 2],17 hrs 54 mins,1074,2023-04-24T21:05:16,2013-09-30,Tantor Audio,com.plexapp.agents.audnexus://B00FALC4ZI_us?lang=en,485,com.plexapp.agents.audnexus://B000APZA1O?lang=en
500,501,All Systems Red,"Murderbot Diaries, Book 1 - All Systems Red",Martha Wells,All Systems Red (2017) [Murderbot Diaries 1],3 hrs 18 mins,198,2023-03-22T16:42:50,2017-10-30,Recorded Books,com.plexapp.agents.audnexus://B076XSGP65_us?lang=en,485,com.plexapp.agents.audnexus://B000APZA1O?lang=en
498,499,Artificial Condition,"Murderbot Diaries, Book 2 - Artificial Condition",Martha Wells,Artificial Condition (2018) [Murderbot Diaries 2],3 hrs 21 mins,201,2023-03-22T16:43:01,2018-05-08,Recorded Books,com.plexapp.agents.audnexus://B07BFDDWXN_us?lang=en,485,com.plexapp.agents.audnexus://B000APZA1O?lang=en
496,497,Exit Strategy,"Murderbot Diaries, Book 4 - Exit Strategy",Martha Wells,Exit Strategy (2018) [Murderbot Diaries 4],3 hrs 47 mins,227,2023-03-22T16:43:17,2018-10-02,Recorded Books,com.plexapp.agents.audnexus://B07FF9TJ2K_us?lang=en,485,com.plexapp.agents.audnexus://B000APZA1O?lang=en
486,487,Witch King,"The Rising World, Book 1 - Witch King",Martha Wells,Witch King (Unabridged) (2023),13 hrs 10 mins,790,2023-09-15T23:23:43,2023-05-30,Macmillan Audio,com.plexapp.agents.audnexus://B0BFG78JCM_us?lang=en,485,com.plexapp.agents.audnexus://B000APZA1O?lang=en
488,489,Wheel of the Infinite,Wheel of the Infinite,Martha Wells,Wheel of the Infinite (2000),13 hrs 52 mins,832,2023-05-08T22:37:31,2013-12-31,Tantor Audio,com.plexapp.agents.audnexus://B00HG06ZVU_us?lang=en,485,com.plexapp.agents.audnexus://B000APZA1O?lang=en
2738,2739,"Shit, Actually","Shit, Actually",Lindy West,"Shit, Actually (2020)",7 hrs 17 mins,437,2023-03-30T00:51:02,2020-10-20,Grand Central Publishing,com.plexapp.agents.audnexus://1549141589_us?lang=en,2735,com.plexapp.agents.audnexus://B008RCIADC?lang=en
2736,2737,Shrill,Shrill,Lindy West,Shrill (2016),6 hrs 9 mins,369,2023-03-30T00:51:46,2016-05-17,Grand Central Publishing,com.plexapp.agents.audnexus://B01DDZ3JG0_us?lang=en,2735,com.plexapp.agents.audnexus://B008RCIADC?lang=en
4911,4912,Sex Magicians,Sex Magicians,"Michael William West, Hannah Haddix - foreword",Sex Magicians (2021),10 hrs 40 mins,640,2024-06-06T23:25:53,2021-07-13,Inner Traditions Audio,com.plexapp.agents.audnexus://1644114720_us?lang=en,4910,com.plexapp.agents.audnexus://B005O9J4IG?lang=en
2276,2277,The Day of the Locust,The Day of the Locust,Nathanael West,The Day of the Locust (2018),5 hrs 22 mins,322,2023-04-14T23:21:59,2018-12-24,Blackstone Publishing,com.plexapp.agents.audnexus://B07L9F1LBR_us?lang=en,2275,com.plexapp.agents.audnexus://B000AQ4Y92?lang=en
1539,1540,Ashes of the Sun,Ashes of the Sun,Django Wexler,Ashes of the Sun (2020),21 hrs 24 mins,1284,2023-04-10T22:41:08,2020-07-21,Hachette Audio,com.plexapp.agents.audnexus://1549175300_us?lang=en,1532,com.plexapp.agents.audnexus://B004N2RGN0?lang=en
6739,6740,How to Become the Dark Lord and Die Trying,"Dark Lord Davi, Book 1 - How to Become the Dark Lord and Die Trying",Django Wexler,How to Become the Dark Lord and Die Trying (2024) [Dark Lord Davi 1],14 hrs 2 mins,842,2024-12-24T22:27:04,2024-05-21,Orbit,com.plexapp.agents.audnexus://B0CJD6MSFC_us?lang=en,1532,com.plexapp.agents.audnexus://B004N2RGN0?lang=en
1535,1536,The Thousand Names,"Shadow Campaigns, Book 1 - The Thousand Names",Django Wexler,The Thousand Names (2013) [Shadow Campaigns 1],22 hrs 12 mins,1332,2023-05-03T08:59:59,2013-07-02,Recorded Books,com.plexapp.agents.audnexus://B00DLDNB8Q_us?lang=en,1532,com.plexapp.agents.audnexus://B004N2RGN0?lang=en
1533,1534,The Shadow Throne,"Shadow Campaigns, Book 2 - The Shadow Throne",Django Wexler,The Shadow Throne (2014) [Shadow Campaigns 2],21 hrs 12 mins,1272,2023-05-03T09:04:32,2014-07-01,Recorded Books,com.plexapp.agents.audnexus://B00LBBYTFE_us?lang=en,1532,com.plexapp.agents.audnexus://B004N2RGN0?lang=en
1537,1538,Ship of Smoke and Steel,"The Wells of Sorcery Trilogy, Book 1 - Ship of Smoke and Steel",Django Wexler,Ship of Smoke and Steel (2019) [The Wells of Sorcery Trilogy 1],13 hrs 56 mins,836,2023-05-02T22:06:10,2019-01-25,Recorded Books,com.plexapp.agents.audnexus://198001809X_us?lang=en,1532,com.plexapp.agents.audnexus://B004N2RGN0?lang=en
2419,2420,The Age of Innocence,The Age of Innocence,Edith Wharton,The Age of Innocence (Cop),12 hrs 5 mins,725,2023-04-12T10:04:59,2008-04-29,Audible Studios,com.plexapp.agents.audnexus://B002VAEHLK_us?lang=en,2418,com.plexapp.agents.audnexus://B00456E9BQ?lang=en
2421,2422,The Glimpses of the Moon,The Glimpses of the Moon,Edith Wharton,The Glimpses of the Moon (Unabridged) (2009),8 hrs 43 mins,523,2023-03-30T01:07:58,2009-07-06,Audible Studios,com.plexapp.agents.audnexus://B002V8N3DU_us?lang=en,2418,com.plexapp.agents.audnexus://B00456E9BQ?lang=en
3564,3565,August Kitko and the Mechas from Space,"Starmetal Symphony, Book 1 - August Kitko and the Mechas from Space",Alex White,August Kitko and the Mechas from Space (2022) [Starmetal Symphony 1],12 hrs 35 mins,755,2023-03-24T00:25:25,2022-07-12,Orbit,com.plexapp.agents.audnexus://B0B2CF2X12_us?lang=en,3563,com.plexapp.agents.audnexus://B01FK0VLLQ?lang=en
3559,3560,Killing Gravity,"Voidwitch Saga, Book 1 - Killing Gravity",Corey J. White,Killing Gravity (2017) [Voidwitch Saga 1],3 hrs 25 mins,205,2023-03-24T00:26:02,2018-10-23,Recorded Books,com.plexapp.agents.audnexus://1980013209_us?lang=en,3556,com.plexapp.agents.audnexus://B01MZIPNWZ?lang=en
3557,3558,Void Black Shadow,"Voidwitch Saga, Book 2 - Void Black Shadow",Corey J. White,Void Black Shadow (2018) [Voidwitch Saga 2],4 hrs 21 mins,261,2023-03-28T15:40:37,2018-11-07,Recorded Books,com.plexapp.agents.audnexus://1980013179_us?lang=en,3556,com.plexapp.agents.audnexus://B01MZIPNWZ?lang=en
3561,3562,Static Ruin,"Voidwitch Saga, Book 3 - Static Ruin",Corey J. White,Static Ruin (2018) [Voidwitch Saga 3],4 hrs 20 mins,260,2023-03-24T00:25:39,2018-11-12,Recorded Books,com.plexapp.agents.audnexus://1980014906_us?lang=en,3556,com.plexapp.agents.audnexus://B01MZIPNWZ?lang=en
8345,8346,How to Manage Your Home Without Losing Your Mind,How to Manage Your Home Without Losing Your Mind,Dana K. White,How to Manage Your Home Without Losing Your Mind (2016),6 hrs 16 mins,376,2025-08-17T23:06:07,2016-11-08,Thomas Nelson,com.plexapp.agents.audnexus://B01M293BL5_us?lang=en,8344,com.plexapp.agents.audnexus://B007W2Y1FE?lang=en
8350,8351,Organizing for the Rest of Us,Organizing for the Rest of Us,Dana K. White,Organizing for the Rest of Us (2022),3 hrs 11 mins,191,2025-08-17T23:17:00,2022-01-11,Thomas Nelson,com.plexapp.agents.audnexus://1400231426_us?lang=en,8344,com.plexapp.agents.audnexus://B007W2Y1FE?lang=en
5505,5506,Rinsed From Cartels to Crypto,Rinsed From Cartels to Crypto: How the Tech Industry Washes Money for the World's Deadliest Crooks,Geoff White,Rinsed From Cartels to Crypto (2024),9 hrs 35 mins,575,2024-08-03T14:14:59,2024-01-01,,local://5505,5504,com.plexapp.agents.audnexus://B088X1TTVC?lang=en
639,640,Railroaded,Railroaded,Richard White,Railroaded (2018),23 hrs 6 mins,1386,2023-09-02T23:01:08,2018-06-05,Tantor Audio,com.plexapp.agents.audnexus://B07D5FXV38_us?lang=en,638,com.plexapp.agents.audnexus://B001ITYXS2?lang=en
621,622,The Intuitionist,The Intuitionist,Colson Whitehead,The Intuitionist (2008),9 hrs 40 mins,580,2023-09-05T21:07:57,2008-10-27,Recorded Books,com.plexapp.agents.audnexus://B002V5GQEG_us?lang=en,620,com.plexapp.agents.audnexus://B001IZ1GHW?lang=en
7475,7476,Billion Dollar Loser,Billion Dollar Loser,Reeves Wiedeman,Billion Dollar Loser (2020),10 hrs 51 mins,651,2025-03-31T12:15:23,2020-10-20,"Little, Brown & Company",com.plexapp.agents.audnexus://1549104330_us?lang=en,7474,com.plexapp.agents.audnexus://B08L3719NC?lang=en
4365,4366,1876,"1876: Year of the Gun The Year Bat, Wyatt, Custer, Jesse, and the Two Bills (Buffalo and Wild) Created the Wild West, and Why It's Still with Us",Steve Wiegand,1876 (2022),13 hrs 24 mins,804,2023-03-22T11:59:20,2022-01-01,,local://4365,4364,com.plexapp.agents.audnexus://B001JRWIFI?lang=en
3130,3131,Caste,Caste,Isabel Wilkerson,Caste (2020),14 hrs 26 mins,866,2023-03-28T22:10:51,2020-08-04,Random House Audio,com.plexapp.agents.audnexus://0593339800_us?lang=en,3129,com.plexapp.agents.audnexus://B003ZHR5BW?lang=en
4439,4440,Where the Dead Wait,Where the Dead Wait,Ally Wilkes,Where the Dead Wait (2023),15 hrs 46 mins,946,2024-04-18T12:50:01,2023-12-05,Simon & Schuster Audio,com.plexapp.agents.audnexus://B0BZFWPD7M_us?lang=en,4438,com.plexapp.agents.audnexus://B0987FYY3Z?lang=en
2634,2635,Terry Pratchett,Terry Pratchett: A Life with Footnotes The Official Biography,Rob Wilkins,Terry Pratchett (2022),16 hrs 7 mins,967,2023-04-04T13:41:32,2022-01-01,,local://2634,2633,com.plexapp.agents.audnexus://B001IXRVX2?lang=en
2264,2265,The Lessons of History,The Lessons of History,"Will, Ariel Durant",The Lessons of History (2004),5 hrs 36 mins,336,2023-04-14T23:22:58,2004-05-27,"Blackstone Audio, Inc.",com.plexapp.agents.audnexus://B002V08DQ0_us?lang=en,2263,local://2263
8093,8094,The Stars Now Unclaimed,The Stars Now Unclaimed,Drew Williams,The Stars Now Unclaimed (2018),14 hrs 20 mins,860,2025-05-23T09:23:57,2018-08-21,Macmillan Audio,com.plexapp.agents.audnexus://B07F2NBT89_us?lang=en,8092,com.plexapp.agents.audnexus://B07FN2F3GV?lang=en
7317,7318,Titanchild,"Talon Duology, Book 2 - Titanchild",Jen Williams,Titanchild (2025) [Talon Duology 2],21 hrs 45 mins,1305,2025-03-10T21:07:54,2025-02-01,Bolinda audio,com.plexapp.agents.audnexus://B0DPR4BMHB_us?lang=en,1499,com.plexapp.agents.audnexus://B006OPSE0S?lang=en
7315,7316,Talonsister,"Talonsister, Book 1 - Talonsister",Jen Williams,Talonsister (2023) [Talon Duology 1],21 hrs 59 mins,1319,2025-03-10T21:07:00,2023-12-01,Bolinda audio,com.plexapp.agents.audnexus://B0CKC5VDZF_us?lang=en,1499,com.plexapp.agents.audnexus://B006OPSE0S?lang=en
1504,1505,The Ninth Rain,"The Winnowing Flame, Book 1 - The Ninth Rain",Jen Williams,The Ninth Rain (2017) [The Winnowing Flame 1],20 hrs 6 mins,1206,2023-05-05T11:08:51,2017-02-23,Headline,com.plexapp.agents.audnexus://B01MY9LW89_us?lang=en,1499,com.plexapp.agents.audnexus://B006OPSE0S?lang=en
1502,1503,The Bitter Twins,"The Winnowing Flame, Book 2 - The Bitter Twins",Jen Williams,The Bitter Twins (2018) [The Winnowing Flame 2],23 hrs 54 mins,1434,2023-05-05T11:09:38,2018-03-08,Headline Publishing Group Limited,com.plexapp.agents.audnexus://B0798W7NCN_us?lang=en,1499,com.plexapp.agents.audnexus://B006OPSE0S?lang=en
1500,1501,The Poison Song,"The Winnowing Flame, Book 3 - The Poison Song",Jen Williams,The Poison Song (2019) [The Winnowing Flame 3],23 hrs 22 mins,1402,2023-05-05T11:11:55,2019-05-16,Headline,com.plexapp.agents.audnexus://B07KYQYW72_us?lang=en,1499,com.plexapp.agents.audnexus://B006OPSE0S?lang=en
3554,3555,Operation Gladio,Operation Gladio,Paul L. Williams,Operation Gladio (2015),11 hrs 58 mins,718,2023-03-24T00:27:02,2015-04-21,Tantor Audio,com.plexapp.agents.audnexus://B00W21ZCKI_us?lang=en,3553,com.plexapp.agents.audnexus://B001IXM77C?lang=en
7717,7718,White Malice,White Malice,Susan Williams,White Malice - The CIA and the Covert Recolonization of Africa,21 hrs 15 mins,1275,2025-05-09T00:45:24,2021-08-13,PublicAffairs,com.plexapp.agents.audnexus://B09CLL37DK_us?lang=en,7716,com.plexapp.agents.audnexus://B0979J215L?lang=en
5979,5980,The Dragonbone Chair,"Memory, Sorrow & Thorn, Book 1 - The Dragonbone Chair",Tad Williams,"The Dragonbone Chair (2018) [Memory, Sorrow & Thorn (Booktrack Editions) 1]",1 day 9 hrs 13 mins,1993,2024-09-20T10:52:12,2016-07-05,Penguin Audio,com.plexapp.agents.audnexus://B01HIHI3MO_us?lang=en,5970,com.plexapp.agents.audnexus://B000AQ3HBI?lang=en
5981,5982,The Stone of Farewell,"Memory, Sorrow & Thorn, Book 2 - The Stone of Farewell",Tad Williams,"The Stone of Farewell (2018) [Memory, Sorrow & Thorn (Booktrack Editions) 2]",1 day 8 hrs 31 mins,1951,2024-09-20T10:57:47,2016-09-06,Penguin Audio,com.plexapp.agents.audnexus://B01JPHQP7U_us?lang=en,5970,com.plexapp.agents.audnexus://B000AQ3HBI?lang=en
5983,5984,To Green Angel Tower,"Memory, Sorrow & Thorn, Book 3-4 - To Green Angel Tower",Tad Williams,"To Green Angel Tower (2018) [Memory, Sorrow & Thorn (Booktrack Editions) 3]",1 day 8 hrs 12 mins,1932,2024-09-20T11:14:29,2016-11-01,Penguin Audio,com.plexapp.agents.audnexus://B01LZC7NGB_us?lang=en,5970,com.plexapp.agents.audnexus://B000AQ3HBI?lang=en
5985,5986,To Green Angel Tower,"Memory, Sorrow & Thorn, Book 3-4 - To Green Angel Tower",Tad Williams,"To Green Angel Tower (2018) [Memory, Sorrow & Thorn (Booktrack Editions) 4]",1 day 8 hrs 38 mins,1958,2024-09-20T11:16:01,2016-11-01,Penguin Audio,com.plexapp.agents.audnexus://B01LZC7NGB_us?lang=en,5970,com.plexapp.agents.audnexus://B000AQ3HBI?lang=en
5973,5974,City of Golden Shadow,"Otherland, Book 1 - City of Golden Shadow",Tad Williams,City of Golden Shadow (2014) [Otherland 1],1 day 4 hrs 42 mins,1722,2024-09-19T22:18:47,2014-10-30,Penguin Audio,com.plexapp.agents.audnexus://B00OLBAV26_us?lang=en,5970,com.plexapp.agents.audnexus://B000AQ3HBI?lang=en
5971,5972,River of Blue Fire,"Otherland, Book 2 - River of Blue Fire",Tad Williams,River of Blue Fire (2014) [Otherland 2],1 day 24 mins,1464,2024-09-19T22:18:47,2014-10-30,Penguin Audio,com.plexapp.agents.audnexus://B00OI04LC6_us?lang=en,5970,com.plexapp.agents.audnexus://B000AQ3HBI?lang=en
5977,5978,Otherland 3: Mountain of Black Glass,"Otherland, Book 3 - Otherland 3: Mountain of Black Glass",Tad Williams,Mountain of Black Glass (2015) [Otherland 3],1 day 3 hrs 18 mins,1638,2024-09-19T22:21:23,2015-03-17,Penguin Audio,com.plexapp.agents.audnexus://B00SXB01Z2_us?lang=en,5970,com.plexapp.agents.audnexus://B000AQ3HBI?lang=en
5975,5976,Sea of Silver Light,"Otherland, Book 4 - Sea of Silver Light",Tad Williams,Sea of Silver Light (2015) [Otherland 4],1 day 13 hrs 33 mins,2253,2024-09-19T22:21:10,2015-03-17,Penguin Audio,com.plexapp.agents.audnexus://B00UMK7CP4_us?lang=en,5970,com.plexapp.agents.audnexus://B000AQ3HBI?lang=en
801,802,Seven Days in June,Seven Days in June,Tia Williams,Seven Days in June (2021),10 hrs 32 mins,632,2023-07-23T22:46:25,2021-06-01,Grand Central Publishing,com.plexapp.agents.audnexus://1549104853_us?lang=en,800,com.plexapp.agents.audnexus://B001IR1Q1G?lang=en
4663,4664,Brig of War,Brig of War,Walter Jon Williams,Brig of War (2022) [Privateers & Gentlemen 3],15 hrs 46 mins,946,2024-05-15T10:55:07,2022-04-26,Blackstone Publishing,com.plexapp.agents.audnexus://B09V6QXM4T_us?lang=en,2528,com.plexapp.agents.audnexus://B000APFPQE?lang=en
4665,4666,To Glory Arise,"Privateers & Gentlemen, Book 1 - To Glory Arise",Walter Jon Williams,To Glory Arise (2022) [Privateers & Gentlemen 1],17 hrs 16 mins,1036,2024-05-15T10:55:11,2022-03-29,Blackstone Publishing,com.plexapp.agents.audnexus://B09QC332MG_us?lang=en,2528,com.plexapp.agents.audnexus://B000APFPQE?lang=en
4667,4668,The Tern Schooner,"Privateers & Gentlemen, Book 2 - The Tern Schooner",Walter Jon Williams,The Tern Schooner (2022) [Privateers & Gentlemen 2],13 hrs 10 mins,790,2024-05-15T10:56:06,2022-09-06,Blackstone Publishing,com.plexapp.agents.audnexus://B09RYS44TK_us?lang=en,2528,com.plexapp.agents.audnexus://B000APFPQE?lang=en
4669,4670,The Macedonian,"Privateers & Gentlemen, Book 4 - The Macedonian",Walter Jon Williams,The Macedonian (2022) [Privateers & Gentlemen 4],10 hrs 28 mins,628,2024-05-15T10:56:08,2022-06-28,Blackstone Publishing,com.plexapp.agents.audnexus://B09VCTM9B4_us?lang=en,2528,com.plexapp.agents.audnexus://B000APFPQE?lang=en
4661,4662,Cat Island,"Privateers & Gentlemen, Book 5 - Cat Island",Walter Jon Williams,Cat Island (2022) [Privateers & Gentlemen 5],13 hrs 22 mins,802,2024-05-15T10:55:04,2022-07-19,Blackstone Publishing,com.plexapp.agents.audnexus://B09VCRKS9L_us?lang=en,2528,com.plexapp.agents.audnexus://B000APFPQE?lang=en
2531,2532,Quillifer,"Quillifer, Book 1 - Quillifer",Walter Jon Williams,Quillifer (2017) [Quillifer 1],18 hrs 54 mins,1134,2023-03-23T01:09:02,2017-10-03,Audible Studios,com.plexapp.agents.audnexus://B075LY8QGX_us?lang=en,2528,com.plexapp.agents.audnexus://B000APFPQE?lang=en
2529,2530,Metropolitan,"The Metropolitan Series, Book 1 - Metropolitan",Walter Jon Williams,Metropolitan (2012) [The Metropolitan Series 1],13 hrs 31 mins,811,2023-04-05T22:16:28,2019-01-29,"Blackstone Audio, Inc.",com.plexapp.agents.audnexus://1982620323_us?lang=en,2528,com.plexapp.agents.audnexus://B000APFPQE?lang=en
1271,1272,Doomsday Book,"Oxford Time Travel, Book 1 - Doomsday Book",Connie Willis,Doomsday Book (1992) [Oxford Time Travel 1],1 day 1 hr 38 mins,1538,2023-04-30T23:21:16,2008-03-28,Recorded Books,com.plexapp.agents.audnexus://B002V8KOHI_us?lang=en,1266,com.plexapp.agents.audnexus://B000APYUY2?lang=en
1269,1270,To Say Nothing of the Dog,"Oxford Time Travel, Book 2 - To Say Nothing of the Dog",Connie Willis,To Say Nothing of the Dog (1998) [Oxford Time Travel 2],21 hrs 1 min,1261,2023-04-30T23:21:34,2008-03-28,Recorded Books,com.plexapp.agents.audnexus://B002V0A5LQ_us?lang=en,1266,com.plexapp.agents.audnexus://B000APYUY2?lang=en
1267,1268,Passage,Passage,Connie Willis,Passage (2019),1 day 5 hrs 40 mins,1780,2023-06-06T11:05:29,2023-10-07,Tantor Audio,com.plexapp.agents.audnexus://B0CJD2TNGC_us?lang=en,1266,com.plexapp.agents.audnexus://B000APYUY2?lang=en
6300,6301,The Kennedy Imprisonment,The Kennedy Imprisonment,Garry Wills,The Kennedy Imprisonment (1981),12 hrs 11 mins,731,2024-10-09T21:43:25,2019-11-19,Audible Studios,com.plexapp.agents.audnexus://B07Z89TVB6_us?lang=en,6299,com.plexapp.agents.audnexus://B000AQ8S94?lang=en
3551,3552,Consider the Fork,Consider the Fork,Bee Wilson,Consider the Fork (2012),11 hrs 31 mins,691,2023-03-24T00:27:24,2012-10-09,Tantor Audio,com.plexapp.agents.audnexus://B009K8RTE8_us?lang=en,3550,com.plexapp.agents.audnexus://B001HD3T5M?lang=en
3928,3929,The Winter King,"Mystral, Book 1 - The Winter King",C. L. Wilson,The Winter King (2014) [Mystral 1],21 hrs 19 mins,1279,2023-03-23T01:14:04,2014-07-29,HarperAudio,com.plexapp.agents.audnexus://B00K8F7IAC_us?lang=en,3927,com.plexapp.agents.audnexus://B001JS38U6?lang=en
6592,6593,The Mind Parasites,The Mind Parasites,Colin Wilson,The Mind Parasites (2015),8 hrs 23 mins,503,2024-12-01T21:47:04,2015-03-27,Audible Studios,com.plexapp.agents.audnexus://B00V7AZ7TQ_us?lang=en,6538,com.plexapp.agents.audnexus://B00HFW6KU0?lang=en
6539,6540,The Philosopher's Stone,The Philosopher's Stone,Colin Wilson,The Philosopher's Stone (2020),13 hrs 14 mins,794,2024-11-14T23:01:08,2020-05-06,Valancourt Books,com.plexapp.agents.audnexus://B0886DL7CZ_us?lang=en,6538,com.plexapp.agents.audnexus://B00HFW6KU0?lang=en
1722,1723,The Coilhunter Chronicles - Omnibus (Books 1-3),"The Coilhunter Chronicles Series, Book 1-3 - The Coilhunter Chronicles - Omnibus (Books 1-3)",Dean F. Wilson,The Coilhunter Chronicles - Omnibus (Books 1-3) (2017) [The Coilhunter Chronicles Series ],14 hrs,840,2023-04-28T00:37:51,2018-11-05,Blue Heron Audio,com.plexapp.agents.audnexus://B07K3ZC7W7_us?lang=en,1721,com.plexapp.agents.audnexus://B007O05FEU?lang=en
1850,1851,Alif the Unseen,Alif the Unseen,G. Willow Wilson,Alif the Unseen (2012),15 hrs 21 mins,921,2023-04-26T08:53:56,2012-07-03,Brilliance Audio,com.plexapp.agents.audnexus://B008ELI1E4_us?lang=en,1849,com.plexapp.agents.audnexus://B003JLY7S8?lang=en
1548,1549,Knowing What We Know The Transmission of Knowledge,Knowing What We Know The Transmission of Knowledge: From Ancient Wisdom to Modern Magic,Simon Winchester,Knowing What We Know The Transmission of Knowledge (2023),14 hrs 19 mins,859,2023-05-02T14:51:55,2023-01-01,,local://1548,1547,com.plexapp.agents.audnexus://B000APLU5E?lang=en
1550,1551,The Professor and The Madman,The Professor and The Madman,Simon Winchester,The Professor and the Madman (1998),7 hrs 22 mins,442,2023-03-30T01:07:40,1999-12-16,Harper,com.plexapp.agents.audnexus://B002V0KSVS_us?lang=en,1547,com.plexapp.agents.audnexus://B000APLU5E?lang=en
3577,3578,We the Corporations,We the Corporations,Adam Winkler,We the Corporations (2018),14 hrs 31 mins,871,2023-03-24T00:22:51,2018-02-27,"Blackstone Audio, Inc.",com.plexapp.agents.audnexus://B078T3RSG2_us?lang=en,3576,com.plexapp.agents.audnexus://B004VU2BXO?lang=en
3548,3549,City on Fire,"The Danny Ryan Trilogy, Book 1 - City on Fire",Don Winslow,City on Fire (2021) [City on Fire 1],8 hrs 55 mins,535,2023-03-24T00:27:57,2022-04-26,HarperAudio,com.plexapp.agents.audnexus://0062851225_us?lang=en,3545,com.plexapp.agents.audnexus://B00455VVTK?lang=en
3546,3547,City of Dreams,"The Danny Ryan Trilogy, Book 2 - City of Dreams",Don Winslow,City of Dreams (2023) [City on Fire 2],8 hrs 7 mins,487,2023-06-01T05:59:41,2023-04-18,HarperAudio,com.plexapp.agents.audnexus://B0B8PGZNJM_us?lang=en,3545,com.plexapp.agents.audnexus://B00455VVTK?lang=en
338,339,The Fixer,The Fixer,Lee Winter,The Fixer (2023-12-05) [The Villains Series 1],9 hrs 28 mins,568,2023-12-14T21:03:40,2024-04-16,Grand Central Publishing,com.plexapp.agents.audnexus://B0CFC81PCG_us?lang=en,337,com.plexapp.agents.audnexus://B014P0NGYW?lang=en
8700,8701,Wearing the Lion,Wearing the Lion,John Wiswell,Wearing the Lion (2025),13 hrs 55 mins,835,2025-11-12T22:49:18,2025-06-17,Tantor Media,com.plexapp.agents.audnexus://B0DWGPJZF8_us?lang=en,8699,com.plexapp.agents.audnexus://B0CN46KDVN?lang=en
4182,4183,Adrift,"Cruising Series, Book 1 - Adrift",L.A. Witt,Adrift (2018) [Cruising Series 1],4 hrs 59 mins,299,2023-03-22T16:39:06,2020-12-05,L. A. Witt,com.plexapp.agents.audnexus://B08PQ18PGM_us?lang=en,4179,com.plexapp.agents.audnexus://B0047R0AOS?lang=en
4180,4181,The Master Will Appear,The Master Will Appear,L.A. Witt,The Master Will Appear (2017),13 hrs,780,2023-03-22T16:39:28,2018-01-02,Lori Witt,com.plexapp.agents.audnexus://B078PSVTQB_us?lang=en,4179,com.plexapp.agents.audnexus://B0047R0AOS?lang=en
8200,8201,The Book of Silk,Book of the Long Sun,Gene Wolfe,The Book of Silk (2022) [Book of the Long Sun Series 1-4],1 day 23 hrs 8 mins,2828,2025-06-20T23:15:50,2022-01-01,,local://8200,995,com.plexapp.agents.audnexus://B000APBL0I?lang=en
1016,1017,Nightside the Long Sun,"Book of the Long Sun Series, Book 1 - Nightside the Long Sun",Gene Wolfe,Nightside the Long Sun (1993) [Book of the Long Sun Series 1],10 hrs 42 mins,642,2023-03-24T00:37:58,2022-03-08,Audible Studios,com.plexapp.agents.audnexus://B09TTNTDQS_us?lang=en,995,com.plexapp.agents.audnexus://B000APBL0I?lang=en
1018,1019,Lake of the Long Sun,"Book of the Long Sun Series, Book 2 - Lake of the Long Sun",Gene Wolfe,Lake of the Long Sun (1994) [Book of the Long Sun Series 2],11 hrs 37 mins,697,2023-03-24T00:34:27,2022-03-08,Audible Studios,com.plexapp.agents.audnexus://B09TTMYFDN_us?lang=en,995,com.plexapp.agents.audnexus://B000APBL0I?lang=en
1022,1023,Caldé of the Long Sun,"Book of the Long Sun Series, Book 3 - Caldé of the Long Sun",Gene Wolfe,Caldé of the Long Sun (1994) [Book of the Long Sun Series 3],13 hrs 6 mins,786,2023-03-24T00:28:41,2022-03-08,Audible Studios,com.plexapp.agents.audnexus://B09TTSSM11_us?lang=en,995,com.plexapp.agents.audnexus://B000APBL0I?lang=en
1020,1021,Exodus from the Long Sun,"Book of the Long Sun Series, Book 4 - Exodus from the Long Sun",Gene Wolfe,Exodus from the Long Sun (1996) [Book of the Long Sun Series 4],16 hrs 24 mins,984,2023-03-24T00:30:20,2022-03-08,Audible Studios,com.plexapp.agents.audnexus://B09TTRTNW1_us?lang=en,995,com.plexapp.agents.audnexus://B000APBL0I?lang=en
1012,1013,On Blue&rsquo;s Waters,Book of the Short Sun 1 - On Blue&rsquo;s Waters,Gene Wolfe,On Blue&rsquo;s Waters (1999) [Book of the Short Sun 1],13 hrs 21 mins,801,2023-03-24T00:39:05,1999-01-01,,local://1012,995,com.plexapp.agents.audnexus://B000APBL0I?lang=en
1014,1015,In Green&rsquo;s Jungles,Book of the Short Sun 2 - In Green&rsquo;s Jungles,Gene Wolfe,In Green&rsquo;s Jungles (2000) [Book of the Short Sun 2],13 hrs 7 mins,787,2023-03-24T00:33:03,2000-01-01,,local://1014,995,com.plexapp.agents.audnexus://B000APBL0I?lang=en
8207,8208,On Blue’s Waters,"Book of the Short Sun, Book 1 - On Blue’s Waters",Gene Wolfe,On Blue’s Waters (2022) [Book of the Short Sun 1],11 hrs 54 mins,714,2025-06-29T17:12:37,2022-05-03,Audible Studios,com.plexapp.agents.audnexus://B09Z59KKHH_us?lang=en,995,com.plexapp.agents.audnexus://B000APBL0I?lang=en
8209,8210,In Green’s Jungles,"Book of the Short Sun, Book 2 - In Green’s Jungles",Gene Wolfe,In Green’s Jungles (2022) [Book of the Short Sun 2],12 hrs 12 mins,732,2025-06-29T17:12:37,2022-05-03,Audible Studios,com.plexapp.agents.audnexus://B09Z5JJTZX_us?lang=en,995,com.plexapp.agents.audnexus://B000APBL0I?lang=en
1010,8245,Return to the Whorl,"Book of the Short Sun, Book 3 - Return to the Whorl",Gene Wolfe,Return to the Whorl (2022) [Book of the Short Sun 3],15 hrs 5 mins,905,2023-03-24T01:02:28,2022-05-03,Audible Studios,com.plexapp.agents.audnexus://B09Z5G511H_us?lang=en,995,com.plexapp.agents.audnexus://B000APBL0I?lang=en
6755,6756,The Fifth Head of Cerberus,Fifth Head of Cerberus,Gene Wolfe,The Fifth Head of Cerberus (1972),9 hrs 45 mins,585,2025-01-03T07:44:06,1972-01-01,,local://6755,995,com.plexapp.agents.audnexus://B000APBL0I?lang=en
8218,8219,Soldier of the Mist,"Latro, Book 1 - Soldier of the Mist",Gene Wolfe,Soldier of the Mist (2021) [Latro 1],11 hrs 8 mins,668,2025-06-30T19:07:22,2021-10-19,Audible Studios,com.plexapp.agents.audnexus://B09JGSSGGH_us?lang=en,995,com.plexapp.agents.audnexus://B000APBL0I?lang=en
8220,8221,Soldier of Arete,"Latro, Book 2 - Soldier of Arete",Gene Wolfe,Soldier of Arete (2021) [Latro 2],11 hrs 37 mins,697,2025-06-30T19:12:40,2021-10-19,Audible Studios,com.plexapp.agents.audnexus://B09JGVY56X_us?lang=en,995,com.plexapp.agents.audnexus://B000APBL0I?lang=en
8222,8223,Soldier of Sidon,"Latro, Book 3 - Soldier of Sidon",Gene Wolfe,Soldier of Sidon (2021) [Latro 3],8 hrs 52 mins,532,2025-06-30T19:13:59,2021-10-19,Audible Studios,com.plexapp.agents.audnexus://B09JGSPZ8Y_us?lang=en,995,com.plexapp.agents.audnexus://B000APBL0I?lang=en
1006,8249,The Shadow of the Torturer,"The Book of the New Sun, Book 1 - The Shadow of the Torturer",Gene Wolfe,The Shadow of the Torturer (2010) [The Book of the New Sun 1],9 hrs 40 mins,580,2023-03-28T15:24:06,2010-01-12,Audible Studios,com.plexapp.agents.audnexus://B00309TZRM_us?lang=en,995,com.plexapp.agents.audnexus://B000APBL0I?lang=en
1008,1009,The Claw of the Conciliator,"The Book of the New Sun, Book 2 - The Claw of the Conciliator",Gene Wolfe,The Claw of the Conciliator (1981) [The Book of the New Sun 2],11 hrs 27 mins,687,2023-03-24T01:03:25,2009-12-23,Audible Studios,com.plexapp.agents.audnexus://B0030EJON2_us?lang=en,995,com.plexapp.agents.audnexus://B000APBL0I?lang=en
1004,1005,The Sword of the Lictor,"The Book of the New Sun, Book 3 - The Sword of the Lictor",Gene Wolfe,The Sword of the Lictor (1982) [The Book of the New Sun 3],11 hrs 25 mins,685,2023-03-28T15:24:21,2010-01-12,Audible Studios,com.plexapp.agents.audnexus://B0031OSNME_us?lang=en,995,com.plexapp.agents.audnexus://B000APBL0I?lang=en
8110,8111,The Citadel of the Autarch,"The Book of the New Sun, Book 4 - The Citadel of the Autarch",Gene Wolfe,The Citadel of the Autarch (2010) [The Book of the New Sun 4],11 hrs 8 mins,668,2025-05-26T22:26:30,2010-01-12,Audible Studios,com.plexapp.agents.audnexus://B0031SIQZY_us?lang=en,995,com.plexapp.agents.audnexus://B000APBL0I?lang=en
1002,1003,The Urth of the New Sun,"The Book of the New Sun, Book 5 - The Urth of the New Sun",Gene Wolfe,The Urth of the New Sun (1987) [The Book of the New Sun 5],13 hrs 53 mins,833,2023-03-28T15:24:51,2018-06-12,Macmillan Audio,com.plexapp.agents.audnexus://B07DM7756K_us?lang=en,995,com.plexapp.agents.audnexus://B000APBL0I?lang=en
1000,1001,The Land Across,The Land Across,Gene Wolfe,The Land Across (2013),10 hrs 56 mins,656,2023-03-28T15:39:21,2013-11-26,Audible Studios,com.plexapp.agents.audnexus://B00GNDCDOY_us?lang=en,995,com.plexapp.agents.audnexus://B000APBL0I?lang=en
998,999,The Knight,"The Wizard Knight Series, Book 1 - The Knight",Gene Wolfe,The Knight (2004) [The Wizard Knight Series 1],16 hrs 7 mins,967,2023-06-25T12:21:38,2018-09-18,Macmillan Audio,com.plexapp.agents.audnexus://1250210402_us?lang=en,995,com.plexapp.agents.audnexus://B000APBL0I?lang=en
996,997,The Wizard,"The Wizard Knight Series, Book 2 - The Wizard",Gene Wolfe,The Wizard (2004) [The Wizard Knight Series 2],19 hrs 34 mins,1174,2023-07-04T23:11:42,2018-09-18,Macmillan Audio,com.plexapp.agents.audnexus://1250210410_us?lang=en,995,com.plexapp.agents.audnexus://B000APBL0I?lang=en
123,124,Futuristic Violence and Fancy Suits,"Zoey Ashe, Book 1 - Futuristic Violence and Fancy Suits","David Wong, Jason Pargin",Futuristic Violence and Fancy Suits (2015-10-06) [Zoey Ashe 1],15 hrs 39 mins,939,2024-02-24T12:18:20,2015-10-06,Audible Studios,com.plexapp.agents.audnexus://B012BTTTXG_us?lang=en,120,com.plexapp.agents.audnexus://B0028SADEU?lang=en
121,122,Zoey Punches the Future in the Dick,"Zoey Ashe, Book 2 - Zoey Punches the Future in the Dick","David Wong, Jason Pargin",Zoey Punches the Future in the Dick (2020-11-10) [Zoey Ashe 2],11 hrs 42 mins,702,2024-02-24T12:19:18,2020-11-10,Audible Studios,com.plexapp.agents.audnexus://B08LDFDM3R_us?lang=en,120,com.plexapp.agents.audnexus://B0028SADEU?lang=en
2261,2262,The Republic of Pirates,The Republic of Pirates,Colin Woodard,The Republic of Pirates (2015),13 hrs 26 mins,806,2023-04-14T23:23:43,2015-08-14,"Blackstone Audio, Inc.",com.plexapp.agents.audnexus://B013V2QVLK_us?lang=en,2260,com.plexapp.agents.audnexus://B001IGHMWO?lang=en
3500,3501,Retribution Falls,"Tales of the Ketty Jay, Book 1 - Retribution Falls",Chris Wooding,Retribution Falls (2009) [Tales of the Ketty Jay 1],13 hrs 55 mins,835,2023-03-28T00:21:07,2013-02-21,Gollancz,com.plexapp.agents.audnexus://B00BFF4L72_us?lang=en,3499,com.plexapp.agents.audnexus://B00J1XXQH6?lang=en
775,776,The Flame and the Flower,"The Birmingham Family, Book 1 - The Flame and the Flower",Kathleen E. Woodiwiss,The Flame and the Flower (2009) [The Birmingham Family 1],18 hrs 57 mins,1137,2023-07-27T11:10:06,2023-07-11,HarperAudio,com.plexapp.agents.audnexus://B09JXWVGY5_us?lang=en,774,com.plexapp.agents.audnexus://B000AQ74YO?lang=en
1566,5622,Mrs. Dalloway,Mrs. Dalloway,Virginia Woolf,Mrs. Dalloway (Cop),7 hrs 6 mins,426,2023-05-02T11:53:27,2010-11-18,Naxos AudioBooks,com.plexapp.agents.audnexus://B004CZ6NJQ_us?lang=en,1565,com.plexapp.agents.audnexus://B000AQ1T7W?lang=en
7057,7058,The Virginia Woolf Collection,The Virginia Woolf Collection,Virginia Woolf,The Virginia Woolf Collection (2021),1 day 6 hrs 14 mins,1814,2025-02-19T00:42:10,2021-03-02,Audible Studios,com.plexapp.agents.audnexus://B08XQXGCZM_us?lang=en,1565,com.plexapp.agents.audnexus://B000AQ1T7W?lang=en
5639,5640,To the Lighthouse,To the Lighthouse,Virginia Woolf,To the Lighthouse (Cop),9 hrs 3 mins,543,2024-08-28T18:30:55,2020-09-03,Penguin Audio ,com.plexapp.agents.audnexus://0241441382_us?lang=en,1565,com.plexapp.agents.audnexus://B000AQ1T7W?lang=en
6729,6730,It Ended Badly,It Ended Badly,Jennifer Wright,It Ended Badly (2015),8 hrs 9 mins,489,2024-12-23T17:12:05,2015-11-03,Macmillan Audio,com.plexapp.agents.audnexus://B0176PGIYI_us?lang=en,6728,com.plexapp.agents.audnexus://B06W56V5MH?lang=en
1264,1265,The Golden Age,"Narratives of Empire, Book 7 - The Golden Age",John C. Wright,The Golden Age (2002) [The Golden Oecumene 1],15 hrs 28 mins,928,2023-06-06T11:12:18,2001-01-24,Random House Audio,com.plexapp.agents.audnexus://B002V0KQ6U_us?lang=en,1263,com.plexapp.agents.audnexus://B001IR1FZS?lang=en
2132,2133,The Wicked in Me,"Devil's Cradle, Book 1 - The Wicked in Me",Suzanne Wright,The Wicked in Me (2023) [Devil's Cradle 1],14 hrs 45 mins,885,2023-04-19T22:02:17,2023-01-12,"Little, Brown Audio",com.plexapp.agents.audnexus://B0BL8JVFDG_us?lang=en,2131,com.plexapp.agents.audnexus://B001KCH81G?lang=en
6859,6860,Nog,Nog,Rudolph Wurlitzer,Nog (2009),5 hrs 1 min,301,2025-01-11T23:42:10,2009-12-30,Audible Studios,com.plexapp.agents.audnexus://B0032EDREM_us?lang=en,6858,com.plexapp.agents.audnexus://B001H6N62A?lang=en
1905,1906,Stormwarden,"Cycle of Fire, Book 1 - Stormwarden",Janny Wurts,Stormwarden (1984) [Cycle of Fire 1],15 hrs 15 mins,915,2023-04-25T23:18:54,2010-09-21,Audible Studios,com.plexapp.agents.audnexus://B0043RERZU_us?lang=en,1904,com.plexapp.agents.audnexus://B004MO1R8Y?lang=en
8369,8370,The Curse of the Mistwraith,The Curse of the Mistwraith,Janny Wurts,The Curse of the Mistwraith (2024),1 day 4 hrs 1 min,1681,2025-08-19T07:49:14,2024-04-25,HarperVoyager,com.plexapp.agents.audnexus://B0CSVWVHFW_us?lang=en,1904,com.plexapp.agents.audnexus://B004MO1R8Y?lang=en
3933,3934,Plan for Chaos,Plan for Chaos,John Wyndham,Plan for Chaos (2009),10 hrs 56 mins,656,2023-03-23T01:11:13,2022-04-14,Audible Studios,com.plexapp.agents.audnexus://B09X7F1BD1_us?lang=en,3930,com.plexapp.agents.audnexus://B000AQ6YQS?lang=en
3935,3936,The Curse of the Burdens,The Curse of the Burdens,John Wyndham,The Curse of the Burdens (1935),3 hrs 38 mins,218,2023-03-23T01:09:55,2022-05-17,Audible Studios,com.plexapp.agents.audnexus://B0B1F39MLH_us?lang=en,3930,com.plexapp.agents.audnexus://B000AQ6YQS?lang=en
3931,3932,The Kraken Wakes,The Kraken Wakes,John Wyndham,The Kraken Wakes (1953),7 hrs 42 mins,462,2023-03-23T01:12:26,2022-04-14,Audible Studios,com.plexapp.agents.audnexus://B09X7V6GM1_us?lang=en,3930,com.plexapp.agents.audnexus://B000AQ6YQS?lang=en
2717,2718,The Autobiography of Malcolm X,The Autobiography of Malcolm X,"Malcolm X, Alex Haley",The Autobiography of Malcolm X (2020),16 hrs 53 mins,1013,2023-03-30T00:53:23,2020-09-10,Audible Studios,com.plexapp.agents.audnexus://B084YVRDJX_us?lang=en,2716,com.plexapp.agents.audnexus://B001HPC03M?lang=en
8125,8126,"Brighter than Scale, Swifter than Flame","Brighter than Scale, Swifter than Flame",Neon Yang,"Brighter than Scale, Swifter than Flame (2025)",4 hrs 55 mins,295,2025-05-29T11:37:18,2025-05-06,Recorded Books,com.plexapp.agents.audnexus://B0DZK29HDS_us?lang=en,2048,com.plexapp.agents.audnexus://B0B6MZ1BYG?lang=en
2051,2052,The Black Tides of Heaven,"Tensorate Series, Book 1 - The Black Tides of Heaven",Neon Yang,The Black Tides of Heaven (2017) [Tensorate Series 1],5 hrs 21 mins,321,2023-04-22T14:18:01,2019-06-25,"HighBridge, a division of Recorded Books",com.plexapp.agents.audnexus://1684575168_us?lang=en,2048,com.plexapp.agents.audnexus://B0B6MZ1BYG?lang=en
2053,2054,The Red Threads of Fortune,"Tensorate Series, Book 2 - The Red Threads of Fortune",Neon Yang,The Red Threads of Fortune (2017) [Tensorate Series 2],4 hrs 55 mins,295,2023-04-22T14:17:45,2019-06-25,"HighBridge, a division of Recorded Books",com.plexapp.agents.audnexus://1684575184_us?lang=en,2048,com.plexapp.agents.audnexus://B0B6MZ1BYG?lang=en
2049,2050,The Descent of Monsters,"Tensorate Series, Book 3 - The Descent of Monsters",Neon Yang,The Descent of Monsters (2018) [Tensorate Series 3],3 hrs 21 mins,201,2023-04-22T14:18:18,2019-06-25,"HighBridge, a division of Recorded Books",com.plexapp.agents.audnexus://1684575206_us?lang=en,2048,com.plexapp.agents.audnexus://B0B6MZ1BYG?lang=en
2055,2056,The Genesis of Misery,The Genesis of Misery,Neon Yang,The Genesis of Misery (2022),15 hrs 9 mins,909,2023-03-23T01:13:48,2022-09-27,Macmillan Audio,com.plexapp.agents.audnexus://B09Q7YWBJF_us?lang=en,2048,com.plexapp.agents.audnexus://B0B6MZ1BYG?lang=en
4689,4690,Coming Out as Dalit,Coming Out as Dalit,Yashica Dutt,Coming Out as Dalit (2024),9 hrs 3 mins,543,2024-05-16T06:11:18,2024-02-06,Beacon Press Audio,com.plexapp.agents.audnexus://B0C4V93MLR_us?lang=en,4688,local://4688
7742,7743,Anansi's Gold,Anansi's Gold,Yepoka Yeebo,Anansi's Gold (2023),12 hrs 37 mins,757,2025-05-10T16:34:31,2023-08-29,Bloomsbury Publishing Plc,com.plexapp.agents.audnexus://B0BXYXSP8F_us?lang=en,7741,com.plexapp.agents.audnexus://B0CBZHMY79?lang=en
3071,3072,A Light Amongst Shadows,"Dark is the Night, Book 1 - A Light Amongst Shadows","Kelley York, Rowan Altwood",A Light Amongst Shadows (2018) [Dark Is the Night Series 1],8 hrs 13 mins,493,2023-03-29T01:03:20,2019-08-20,Tantor Media,com.plexapp.agents.audnexus://154140694X_us?lang=en,3070,com.plexapp.agents.audnexus://B0063X5SPK?lang=en
5087,5088,Bunk,Bunk,Kevin Young,Bunk (2017),20 hrs 24 mins,1224,2024-06-13T10:49:47,2017-11-14,"HighBridge, a division of Recorded Books",com.plexapp.agents.audnexus://B0772X99QL_us?lang=en,5086,com.plexapp.agents.audnexus://B001IZ2J6E?lang=en
5113,5114,Coming Out Republican,Coming Out Republican,Neil J. Young,Coming Out Republican (2024),13 hrs 17 mins,797,2024-06-19T13:15:20,2024-04-08,Audible Studios,com.plexapp.agents.audnexus://B0CT957MBM_us?lang=en,5112,com.plexapp.agents.audnexus://B009NZVNFY?lang=en
1390,1391,Counterpoint,"In Vino Veritas, Book 2 - Counterpoint",Anna Zabo,Counterpoint (2018) [Twisted Wishes Series 2],10 hrs 6 mins,606,2023-04-24T12:42:39,2022-09-08,Heart Eyes Press LLC,com.plexapp.agents.audnexus://B0B7K957X4_us?lang=en,1381,com.plexapp.agents.audnexus://B00A7LA6OC?lang=en
1386,1387,Just Business,Just Business,Anna Zabo,Just Business (2015) [Takeover 2],10 hrs 15 mins,615,2023-05-11T16:12:18,2021-08-31,christianaudio.com,com.plexapp.agents.audnexus://B09CQG9KK5_us?lang=en,1381,com.plexapp.agents.audnexus://B00A7LA6OC?lang=en
1388,1389,Takeover,Takeover,Anna Zabo,Takeover (2014) [Takeover 1],7 hrs 14 mins,434,2023-05-11T16:09:05,2024-03-26,Random House Audio,com.plexapp.agents.audnexus://B0CB9BH81C_us?lang=en,1381,com.plexapp.agents.audnexus://B00A7LA6OC?lang=en
1384,1385,Due Diligence,"Takeover, Book 3 - Due Diligence",Anna Zabo,Due Diligence (2016) [Takeover 3],10 hrs 32 mins,632,2023-05-11T16:13:14,2016-07-18,Tantor Audio,com.plexapp.agents.audnexus://B01IIKUYN6_us?lang=en,1381,com.plexapp.agents.audnexus://B00A7LA6OC?lang=en
1382,1383,Daily Grind,"Takeover, Book 4 - Daily Grind",Anna Zabo,Daily Grind (2017) [Takeover 4],11 hrs 46 mins,706,2023-05-11T16:14:22,2017-02-21,Tantor Audio,com.plexapp.agents.audnexus://B06WD1PB8L_us?lang=en,1381,com.plexapp.agents.audnexus://B00A7LA6OC?lang=en
1392,1393,Syncopation,"Twisted Wishes Series, Book 1 - Syncopation",Anna Zabo,Syncopation (2018) [Twisted Wishes Series 1],11 hrs 3 mins,663,2023-04-24T12:30:39,2020-03-17,Tantor Audio,com.plexapp.agents.audnexus://1541415760_us?lang=en,1381,com.plexapp.agents.audnexus://B00A7LA6OC?lang=en
7685,7686,Island of Vice,Island of Vice,Richard Zacks,Island of Vice (2012),15 hrs 24 mins,924,2025-05-04T13:31:28,2012-03-13,Random House Audio,com.plexapp.agents.audnexus://B00771TG9Q_us?lang=en,7684,com.plexapp.agents.audnexus://B000AQ1NQO?lang=en
3229,3230,The Shadow of the Wind,"Cemetery of Forgotten Books, Book 1 - The Shadow of the Wind",Carlos Ruiz Zafón,The Shadow of the Wind (2001) [Cemetery of Forgotten Books 1],18 hrs 6 mins,1086,2023-03-28T15:25:16,2005-05-06,Penguin Audio,com.plexapp.agents.audnexus://B002V0QUJC_us?lang=en,3228,com.plexapp.agents.audnexus://B001JOSYGI?lang=en
657,658,The Killing Star,The Killing Star,"George Zebrowski, Charles Pellegrino",The Killing Star (2012),7 hrs 48 mins,468,2023-09-02T12:29:25,2012-10-22,Audible Studios,com.plexapp.agents.audnexus://B009P5ZPAQ_us?lang=en,656,com.plexapp.agents.audnexus://B000APFFIW?lang=en
7966,7967,The End of the World Is Just the Beginning,The End of the World Is Just the Beginning,Peter Zeihan,The End of the World Is Just the Beginning (2022),16 hrs 44 mins,1004,2025-05-15T20:15:41,2022-06-14,Harper Business,com.plexapp.agents.audnexus://B09CS5KBV1_us?lang=en,7965,com.plexapp.agents.audnexus://B00MPX86VK?lang=en
6324,6325,An African History of Africa,An African History of Africa,Zeinab Badawi,An African History of Africa (2024),15 hrs 32 mins,932,2024-10-14T18:03:09,2024-04-18,Virgin Digital,com.plexapp.agents.audnexus://B0CKC6R9V1_us?lang=en,6323,local://6323
52,53,Blood of Amber,"Chronicles of Amber, Book 7 - Blood of Amber",Roger Zelazny,Blood of Amber (2012-07-31) [Chronicles of Amber 7],6 hrs 34 mins,394,2024-03-16T21:50:28,2012-07-31,Audible Studios,com.plexapp.agents.audnexus://B008OJINH6_us?lang=en,49,com.plexapp.agents.audnexus://B000APXZHK?lang=en
60,61,Sign of Chaos,"Chronicles of Amber, Book 8 - Sign of Chaos",Roger Zelazny,Sign of Chaos (2012-07-31) [Chronicles of Amber 8],5 hrs 53 mins,353,2024-03-16T21:48:52,2012-07-31,Audible Studios,com.plexapp.agents.audnexus://B008OJHRBE_us?lang=en,49,com.plexapp.agents.audnexus://B000APXZHK?lang=en
54,55,Knight of Shadows,"Chronicles of Amber, Book 9 - Knight of Shadows",Roger Zelazny,Knight of Shadows (2012-07-31) [Chronicles of Amber 9],6 hrs,360,2024-03-16T21:50:23,2012-07-31,Audible Studios,com.plexapp.agents.audnexus://B008OJHMI2_us?lang=en,49,com.plexapp.agents.audnexus://B000APXZHK?lang=en
58,59,Prince of Chaos,"Chronicles of Amber, Book 10 - Prince of Chaos",Roger Zelazny,Prince of Chaos (2012-07-31) [Chronicles of Amber 10],5 hrs 57 mins,357,2024-03-16T21:48:56,2012-07-31,Audible Studios,com.plexapp.agents.audnexus://B008OJI1ZU_us?lang=en,49,com.plexapp.agents.audnexus://B000APXZHK?lang=en
70,7389,Creatures of Light and Darkness,Creatures of Light and Darkness,Roger Zelazny,Creatures of Light and Darkness (2024),5 hrs 34 mins,334,2023-03-28T00:02:08,2022-02-08,Recorded Books,com.plexapp.agents.audnexus://B09K4RRFF4_us?lang=en,49,com.plexapp.agents.audnexus://B000APXZHK?lang=en
50,51,Nine Princes in Amber,"The Chronicles of Amber, Book 1 - Nine Princes in Amber",Roger Zelazny,Nine Princes in Amber (2012-07-31) [Chronicles of Amber 1],5 hrs 32 mins,332,2024-03-16T21:50:35,2012-07-31,Audible Studios,com.plexapp.agents.audnexus://B008OJIQMI_us?lang=en,49,com.plexapp.agents.audnexus://B000APXZHK?lang=en
66,67,The Guns of Avalon,"The Chronicles of Amber, Book 2 - The Guns of Avalon",Roger Zelazny,The Guns of Avalon (2012-07-31) [Chronicles of Amber 2],6 hrs 29 mins,389,2024-03-16T21:48:36,2012-07-31,Audible Studios,com.plexapp.agents.audnexus://B008PY0SB4_us?lang=en,49,com.plexapp.agents.audnexus://B000APXZHK?lang=en
62,63,Sign of the Unicorn,"The Chronicles of Amber, Book 3 - Sign of the Unicorn",Roger Zelazny,Sign of the Unicorn (2012-07-31) [Chronicles of Amber 3],5 hrs 35 mins,335,2024-03-16T21:48:47,2012-07-31,Audible Studios,com.plexapp.agents.audnexus://B008QXXCYE_us?lang=en,49,com.plexapp.agents.audnexus://B000APXZHK?lang=en
64,65,The Hand of Oberon,"The Chronicles of Amber, Book 4 - The Hand of Oberon",Roger Zelazny,The Hand of Oberon (2012-07-31) [Chronicles of Amber 4],5 hrs 21 mins,321,2024-03-16T21:48:41,2012-07-31,Audible Studios,com.plexapp.agents.audnexus://B008PY0TYU_us?lang=en,49,com.plexapp.agents.audnexus://B000APXZHK?lang=en
56,57,The Courts of Chaos,"The Chronicles of Amber, Book 5 - The Courts of Chaos",Roger Zelazny,The Courts of Chaos (2012-07-31) [Chronicles of Amber 5],4 hrs 45 mins,285,2024-03-16T21:50:19,2012-07-31,Audible Studios,com.plexapp.agents.audnexus://B008PY0RKQ_us?lang=en,49,com.plexapp.agents.audnexus://B000APXZHK?lang=en
68,69,Trumps of Doom,"The Chronicles of Amber, Book 6 - Trumps of Doom",Roger Zelazny,Trumps of Doom (2012-07-31) [Chronicles of Amber 6],5 hrs 31 mins,331,2024-03-16T21:48:30,2012-07-31,Audible Studios,com.plexapp.agents.audnexus://B008OJHNM2_us?lang=en,49,com.plexapp.agents.audnexus://B000APXZHK?lang=en
7387,7388,The Dream Master,The Dream Master,Roger Zelazny,The Dream Master (2022),5 hrs 4 mins,304,2025-03-19T23:50:29,2022-10-18,Tantor Audio,com.plexapp.agents.audnexus://B0BJH83Q2C_us?lang=en,49,com.plexapp.agents.audnexus://B000APXZHK?lang=en
7335,7336,This Immortal,This Immortal,Roger Zelazny,This Immortal (2023),6 hrs 56 mins,416,2025-03-16T02:55:02,2023-02-21,Tantor Audio,com.plexapp.agents.audnexus://B0BTFXJC5D_us?lang=en,49,com.plexapp.agents.audnexus://B000APXZHK?lang=en
3223,3224,"Tomorrow, and Tomorrow, and Tomorrow","Tomorrow, and Tomorrow, and Tomorrow",Gabrielle Zevin,"Tomorrow, and Tomorrow, and Tomorrow (2022)",13 hrs 53 mins,833,2023-03-28T15:38:44,2022-07-05,Random House Audio,com.plexapp.agents.audnexus://B09KD2RJ5H_us?lang=en,3222,com.plexapp.agents.audnexus://B001IGJWR2?lang=en
5390,5391,Land of Milk and Honey,Land of Milk and Honey,C Pam Zhang,Land of Milk and Honey (2023),8 hrs 4 mins,484,2024-07-20T19:16:11,2023-09-26,Penguin Audio,com.plexapp.agents.audnexus://B0BWPL7DP9_us?lang=en,5389,com.plexapp.agents.audnexus://B01LZ3PS2E?lang=en
3039,3040,A People's History of the United States,A People's History of the United States,Howard Zinn,A People's History of the United States (2009),1 day 10 hrs 9 mins,2049,2023-03-29T11:11:59,2009-12-14,Harper,com.plexapp.agents.audnexus://B0030H777E_us?lang=en,3038,com.plexapp.agents.audnexus://B000AQ01MQ?lang=en
2561,2562,The Sublime Object of Ideology,The Sublime Object of Ideology,Slavoj Žižek,The Sublime Object of Ideology (2009),12 hrs 22 mins,742,2023-04-05T21:37:06,2021-01-26,Tantor Audio,com.plexapp.agents.audnexus://1705293344_us?lang=en,2560,com.plexapp.agents.audnexus://B000APK7P8?lang=en
3127,3128,Money,Money,Émile Zola,Money (2014) [Rougon-Macquart 18],18 hrs 24 mins,1104,2023-03-28T22:11:29,2024-11-08,Choyo Gomex,com.plexapp.agents.audnexus://B0DMFWPW9K_us?lang=en,3126,com.plexapp.agents.audnexus://B000AQ092I?lang=en
8169,8170,The Belly of Paris,"Rougon-Macquart, Book 3 - The Belly of Paris",Émile Zola,The Belly of Paris (Unabridged) (2012) [Rougon-Macquart ],13 hrs 5 mins,785,2025-06-02T16:17:33,2012-10-20,"Blackstone Audio, Inc.",com.plexapp.agents.audnexus://B009P57572_us?lang=en,3126,com.plexapp.agents.audnexus://B000AQ092I?lang=en
2349,2350,The Ladies' Paradise,"Rougon-Macquart, Book 11 - The Ladies' Paradise",Émile Zola,The Ladies' Paradise (2021) [Rougon-Macquart 11],18 hrs 20 mins,1100,2023-03-28T15:39:08,2013-12-24,Spoken Realms,com.plexapp.agents.audnexus://B00HHE2EHY_us?lang=en,3126,com.plexapp.agents.audnexus://B000AQ092I?lang=en
2351,2352,Germinal,"Rougon-Macquart, Book 13 - Germinal",Émile Zola,Germinal (2006) [Rougon-Macquart 13],17 hrs 36 mins,1056,2023-03-29T13:22:58,2015-05-22,Naxos AudioBooks,com.plexapp.agents.audnexus://B00XLZ2H3E_us?lang=en,3126,com.plexapp.agents.audnexus://B000AQ092I?lang=en
2347,2348,La Bête Humaine [The Beast Within] (English Edition),"Rougon-Macquart, Book 17 - La Bête Humaine [The Beast Within] (English Edition)",Émile Zola,La Bête Humaine [The Beast Within] (English Edition) (),15 hrs 28 mins,928,2023-04-13T23:11:16,2021-03-13,Naxos AudioBooks,com.plexapp.agents.audnexus://1781983550_us?lang=en,3126,com.plexapp.agents.audnexus://B000AQ092I?lang=en
8099,8100,Thérèse Raquin,Thérèse Raquin,Émile Zola,Thérèse Raquin (2012),7 hrs 56 mins,476,2025-05-23T09:24:59,2012-03-08,Audible Studios,com.plexapp.agents.audnexus://B007BQEI7W_us?lang=en,3126,com.plexapp.agents.audnexus://B000AQ092I?lang=en
5093,5094,Wilmington's Lie,Wilmington's Lie,David Zucchino,Wilmington's Lie (2020),11 hrs 27 mins,687,2024-06-16T03:49:09,2020-01-17,Recorded Books,com.plexapp.agents.audnexus://1980080259_us?lang=en,5092,com.plexapp.agents.audnexus://B001H6S9Z4?lang=en
5282,5283,Surely You Can't Be Serious,Surely You Can't Be Serious,"David Zucker, Jim Abrahams, Jerry Zucker",Surely You Can't Be Serious (2023),7 hrs 54 mins,474,2024-07-12T13:42:52,2023-10-03,Macmillan Audio,com.plexapp.agents.audnexus://B0BV4PNGYF_us?lang=en,5281,com.plexapp.agents.audnexus://B0CK15NRQD?lang=en
8009,8010,The World of Yesterday,The World of Yesterday,"Stefan Zweig, Anthea Bell - translator",The World of Yesterday (2017),17 hrs 51 mins,1071,2025-05-17T10:54:12,2017-05-10,Ukemi Audiobooks from W. F. Howes Ltd,com.plexapp.agents.audnexus://B0722WG6Y8_us?lang=en,8008,com.plexapp.agents.audnexus://B001HCYZQ0?lang=en
7751,7752,All the Kremlin's Men,All the Kremlin's Men,Mikhail Zygar,All the Kremlin's Men (2017),16 hrs 13 mins,973,2025-05-13T09:01:41,2017-11-10,Hachette Audio,com.plexapp.agents.audnexus://B077BBQ55V_us?lang=en,7750,com.plexapp.agents.audnexus://B077T2WM3T?lang=en
